ISO-10303-21;
HEADER;
FILE_DESCRIPTION (( 'STEP AP214' ),
    '1' );
FILE_NAME ('miniMZ holder lid.STEP',
    '2025-12-04T22:01:00',
    ( '' ),
    ( '' ),
    'SwSTEP 2.0',
    'SolidWorks 2025',
    '' );
FILE_SCHEMA (( 'AUTOMOTIVE_DESIGN' ));
ENDSEC;

DATA;
#1 = EDGE_LOOP ( 'NONE', ( #5378, #5201, #1516, #2199 ) ) ;
#2 = CARTESIAN_POINT ( 'NONE',  ( -5.500000000000001776, 3.000000000000002665, -8.000000000000000000 ) ) ;
#3 = DIRECTION ( 'NONE',  ( -0.000000000000000000, -0.000000000000000000, 1.000000000000000000 ) ) ;
#4 = EDGE_LOOP ( 'NONE', ( #618, #6170, #7831, #4069 ) ) ;
#5 = ADVANCED_FACE ( 'NONE', ( #4355 ), #3680, .F. ) ;
#6 = CARTESIAN_POINT ( 'NONE',  ( 15.00000000000000000, -32.00000000000000000, 0.000000000000000000 ) ) ;
#7 = VECTOR ( 'NONE', #2231, 1000.000000000000000 ) ;
#8 = CIRCLE ( 'NONE', #5826, 0.5000000000000004441 ) ;
#9 = CIRCLE ( 'NONE', #1950, 0.5000000000000004441 ) ;
#10 = ORIENTED_EDGE ( 'NONE', *, *, #2829, .T. ) ;
#11 = DIRECTION ( 'NONE',  ( -0.000000000000000000, 0.000000000000000000, 1.000000000000000000 ) ) ;
#12 = EDGE_LOOP ( 'NONE', ( #2380, #219, #6025, #2903 ) ) ;
#13 = CYLINDRICAL_SURFACE ( 'NONE', #7024, 0.5000000000000004441 ) ;
#14 = AXIS2_PLACEMENT_3D ( 'NONE', #7505, #4683, #7163 ) ;
#15 = CARTESIAN_POINT ( 'NONE',  ( -15.00000000000000355, 18.00000000000000355, 0.000000000000000000 ) ) ;
#16 = AXIS2_PLACEMENT_3D ( 'NONE', #6389, #6337, #2687 ) ;
#17 = AXIS2_PLACEMENT_3D ( 'NONE', #257, #303, #7590 ) ;
#18 = VERTEX_POINT ( 'NONE', #3639 ) ;
#19 = ADVANCED_FACE ( 'NONE', ( #5005 ), #7489, .F. ) ;
#20 = CARTESIAN_POINT ( 'NONE',  ( -1.734723475976807094E-15, 8.000000000000000000, 2.000000000000000000 ) ) ;
#21 = VERTEX_POINT ( 'NONE', #4969 ) ;
#22 = CIRCLE ( 'NONE', #5961, 0.5000000000000004441 ) ;
#23 = DIRECTION ( 'NONE',  ( -0.000000000000000000, 0.000000000000000000, 1.000000000000000000 ) ) ;
#24 = CARTESIAN_POINT ( 'NONE',  ( 9.999999999999998224, 33.00000000000000000, 0.000000000000000000 ) ) ;
#25 = DIRECTION ( 'NONE',  ( 1.000000000000000000, 0.000000000000000000, 0.000000000000000000 ) ) ;
#26 = VECTOR ( 'NONE', #7971, 1000.000000000000000 ) ;
#27 = AXIS2_PLACEMENT_3D ( 'NONE', #2362, #6133, #7959 ) ;
#28 = DIRECTION ( 'NONE',  ( -0.000000000000000000, -0.000000000000000000, 1.000000000000000000 ) ) ;
#29 = VERTEX_POINT ( 'NONE', #6110 ) ;
#30 = EDGE_CURVE ( 'NONE', #6330, #5852, #3719, .T. ) ;
#31 = DIRECTION ( 'NONE',  ( 1.000000000000000000, 0.000000000000000000, 0.000000000000000000 ) ) ;
#32 = CARTESIAN_POINT ( 'NONE',  ( 10.00000000000000178, -26.99999999999999645, 2.000000000000000000 ) ) ;
#33 = CIRCLE ( 'NONE', #6633, 0.5000000000000004441 ) ;
#34 = CARTESIAN_POINT ( 'NONE',  ( 0.4999999999999991673, 13.00000000000000178, 0.000000000000000000 ) ) ;
#35 = EDGE_LOOP ( 'NONE', ( #4951, #6289 ) ) ;
#36 = CIRCLE ( 'NONE', #6768, 0.5000000000000008882 ) ;
#37 = CIRCLE ( 'NONE', #3003, 1.190625000000000711 ) ;
#38 = DIRECTION ( 'NONE',  ( -0.000000000000000000, -0.000000000000000000, 1.000000000000000000 ) ) ;
#39 = CIRCLE ( 'NONE', #4298, 0.5000000000000004441 ) ;
#40 = ORIENTED_EDGE ( 'NONE', *, *, #2593, .T. ) ;
#41 = CARTESIAN_POINT ( 'NONE',  ( 0.4999999999999991673, 3.000000000000002665, 0.000000000000000000 ) ) ;
#42 = CARTESIAN_POINT ( 'NONE',  ( 10.00000000000000178, -11.99999999999999645, 0.000000000000000000 ) ) ;
#43 = LINE ( 'NONE', #7534, #1820 ) ;
#44 = VERTEX_POINT ( 'NONE', #2375 ) ;
#45 = ORIENTED_EDGE ( 'NONE', *, *, #2968, .T. ) ;
#46 = ORIENTED_EDGE ( 'NONE', *, *, #7430, .F. ) ;
#47 = CIRCLE ( 'NONE', #164, 0.5000000000000004441 ) ;
#48 = CYLINDRICAL_SURFACE ( 'NONE', #5880, 1.190625000000000711 ) ;
#49 = ORIENTED_EDGE ( 'NONE', *, *, #2417, .F. ) ;
#50 = VERTEX_POINT ( 'NONE', #7449 ) ;
#51 = CYLINDRICAL_SURFACE ( 'NONE', #3884, 1.190625000000000711 ) ;
#52 = EDGE_CURVE ( 'NONE', #7635, #7611, #7552, .T. ) ;
#53 = ORIENTED_EDGE ( 'NONE', *, *, #2306, .T. ) ;
#54 = ORIENTED_EDGE ( 'NONE', *, *, #5307, .T. ) ;
#55 = CARTESIAN_POINT ( 'NONE',  ( 14.49999999999999467, 18.00000000000000355, 0.000000000000000000 ) ) ;
#56 = EDGE_LOOP ( 'NONE', ( #570, #3490, #6054, #5834 ) ) ;
#57 = LINE ( 'NONE', #6826, #6500 ) ;
#58 = CARTESIAN_POINT ( 'NONE',  ( -20.30000000000000071, -14.05000000000000071, 2.000000000000000000 ) ) ;
#59 = EDGE_LOOP ( 'NONE', ( #6404, #7369, #7221, #7296 ) ) ;
#60 = DIRECTION ( 'NONE',  ( 0.000000000000000000, 0.000000000000000000, 1.000000000000000000 ) ) ;
#61 = ORIENTED_EDGE ( 'NONE', *, *, #4014, .T. ) ;
#62 = LINE ( 'NONE', #5648, #3462 ) ;
#63 = CYLINDRICAL_SURFACE ( 'NONE', #7156, 0.5000000000000004441 ) ;
#64 = EDGE_CURVE ( 'NONE', #7961, #4612, #569, .T. ) ;
#65 = VECTOR ( 'NONE', #964, 1000.000000000000000 ) ;
#66 = FACE_BOUND ( 'NONE', #4225, .T. ) ;
#67 = DIRECTION ( 'NONE',  ( -0.000000000000000000, -0.000000000000000000, 1.000000000000000000 ) ) ;
#68 = DIRECTION ( 'NONE',  ( 0.000000000000000000, 0.000000000000000000, 1.000000000000000000 ) ) ;
#69 = VERTEX_POINT ( 'NONE', #1771 ) ;
#70 = EDGE_LOOP ( 'NONE', ( #7699, #4561 ) ) ;
#71 = CARTESIAN_POINT ( 'NONE',  ( -0.5000000000000008882, -32.00000000000000000, 2.000000000000000000 ) ) ;
#72 = AXIS2_PLACEMENT_3D ( 'NONE', #7420, #7329, #2429 ) ;
#73 = CARTESIAN_POINT ( 'NONE',  ( -5.500000000000000000, -32.00000000000000000, -8.000000000000000000 ) ) ;
#74 = CYLINDRICAL_SURFACE ( 'NONE', #6502, 0.5000000000000004441 ) ;
#75 = VERTEX_POINT ( 'NONE', #5497 ) ;
#76 = EDGE_CURVE ( 'NONE', #5116, #4051, #2631, .T. ) ;
#77 = DIRECTION ( 'NONE',  ( 1.000000000000000000, 0.000000000000000000, 0.000000000000000000 ) ) ;
#78 = EDGE_LOOP ( 'NONE', ( #2932, #223, #1004, #3960 ) ) ;
#79 = CARTESIAN_POINT ( 'NONE',  ( -1.734723475976807094E-15, -11.99999999999999645, -8.000000000000000000 ) ) ;
#80 = CARTESIAN_POINT ( 'NONE',  ( -4.999999999999999112, -32.00000000000000000, 2.000000000000000000 ) ) ;
#81 = LINE ( 'NONE', #2548, #549 ) ;
#82 = ORIENTED_EDGE ( 'NONE', *, *, #5396, .T. ) ;
#83 = ORIENTED_EDGE ( 'NONE', *, *, #7592, .T. ) ;
#84 = EDGE_LOOP ( 'NONE', ( #5444, #5982, #6731, #181 ) ) ;
#85 = EDGE_CURVE ( 'NONE', #3283, #609, #4040, .T. ) ;
#86 = DIRECTION ( 'NONE',  ( 1.000000000000000000, 0.000000000000000000, 0.000000000000000000 ) ) ;
#87 = VERTEX_POINT ( 'NONE', #4885 ) ;
#88 = CYLINDRICAL_SURFACE ( 'NONE', #1177, 0.5000000000000004441 ) ;
#89 = EDGE_CURVE ( 'NONE', #561, #7815, #6127, .T. ) ;
#90 = ADVANCED_FACE ( 'NONE', ( #2464 ), #4929, .F. ) ;
#91 = ORIENTED_EDGE ( 'NONE', *, *, #1996, .T. ) ;
#92 = CARTESIAN_POINT ( 'NONE',  ( 4.499999999999997335, 18.00000000000000355, -8.000000000000000000 ) ) ;
#93 = ORIENTED_EDGE ( 'NONE', *, *, #6446, .F. ) ;
#94 = EDGE_CURVE ( 'NONE', #2275, #5327, #5744, .T. ) ;
#95 = FACE_OUTER_BOUND ( 'NONE', #3085, .T. ) ;
#96 = CIRCLE ( 'NONE', #1265, 0.5000000000000004441 ) ;
#97 = EDGE_LOOP ( 'NONE', ( #4605, #3662 ) ) ;
#98 = DIRECTION ( 'NONE',  ( -0.000000000000000000, -0.000000000000000000, 1.000000000000000000 ) ) ;
#99 = ORIENTED_EDGE ( 'NONE', *, *, #7268, .T. ) ;
#100 = LINE ( 'NONE', #7435, #6040 ) ;
#101 = FACE_OUTER_BOUND ( 'NONE', #56, .T. ) ;
#102 = AXIS2_PLACEMENT_3D ( 'NONE', #7177, #4698, #6491 ) ;
#103 = FACE_BOUND ( 'NONE', #5016, .T. ) ;
#104 = DIRECTION ( 'NONE',  ( 1.000000000000000000, 0.000000000000000000, 0.000000000000000000 ) ) ;
#105 = ORIENTED_EDGE ( 'NONE', *, *, #3826, .T. ) ;
#106 = ORIENTED_EDGE ( 'NONE', *, *, #3223, .F. ) ;
#107 = DIRECTION ( 'NONE',  ( 1.000000000000000000, 0.000000000000000000, 0.000000000000000000 ) ) ;
#108 = CARTESIAN_POINT ( 'NONE',  ( -5.000000000000000888, 8.000000000000000000, 2.000000000000000000 ) ) ;
#109 = EDGE_LOOP ( 'NONE', ( #4797, #4340, #1227, #3473 ) ) ;
#110 = AXIS2_PLACEMENT_3D ( 'NONE', #4597, #7072, #5315 ) ;
#111 = DIRECTION ( 'NONE',  ( -0.000000000000000000, -0.000000000000000000, 1.000000000000000000 ) ) ;
#112 = CARTESIAN_POINT ( 'NONE',  ( -0.5000000000000043299, 28.00000000000000000, 0.000000000000000000 ) ) ;
#113 = CARTESIAN_POINT ( 'NONE',  ( -1.734723475976807094E-15, -11.99999999999999645, -8.000000000000000000 ) ) ;
#114 = CARTESIAN_POINT ( 'NONE',  ( -14.49999999999999822, -32.00000000000000000, 2.000000000000000000 ) ) ;
#115 = EDGE_CURVE ( 'NONE', #7817, #5724, #5087, .T. ) ;
#116 = EDGE_CURVE ( 'NONE', #3926, #1050, #5044, .T. ) ;
#117 = DIRECTION ( 'NONE',  ( -0.000000000000000000, -0.000000000000000000, 1.000000000000000000 ) ) ;
#118 = VERTEX_POINT ( 'NONE', #3917 ) ;
#119 = CARTESIAN_POINT ( 'NONE',  ( -5.500000000000003553, 23.00000000000000000, 0.000000000000000000 ) ) ;
#120 = ORIENTED_EDGE ( 'NONE', *, *, #3889, .T. ) ;
#121 = CARTESIAN_POINT ( 'NONE',  ( 5.000000000000000888, -26.99999999999999645, 0.000000000000000000 ) ) ;
#122 = ORIENTED_EDGE ( 'NONE', *, *, #4464, .F. ) ;
#123 = CIRCLE ( 'NONE', #4513, 0.5000000000000004441 ) ;
#124 = ORIENTED_EDGE ( 'NONE', *, *, #6024, .T. ) ;
#125 = CARTESIAN_POINT ( 'NONE',  ( -10.50000000000000178, 28.00000000000000000, -8.000000000000000000 ) ) ;
#126 = ORIENTED_EDGE ( 'NONE', *, *, #3303, .T. ) ;
#127 = CARTESIAN_POINT ( 'NONE',  ( 10.00000000000000178, -22.00000000000000000, 2.000000000000000000 ) ) ;
#128 = EDGE_LOOP ( 'NONE', ( #5990, #3937 ) ) ;
#129 = VECTOR ( 'NONE', #4283, 1000.000000000000000 ) ;
#130 = EDGE_CURVE ( 'NONE', #1854, #5935, #3837, .T. ) ;
#131 = DIRECTION ( 'NONE',  ( 0.000000000000000000, 0.000000000000000000, 1.000000000000000000 ) ) ;
#132 = ADVANCED_FACE ( 'NONE', ( #6399 ), #2627, .F. ) ;
#133 = ORIENTED_EDGE ( 'NONE', *, *, #141, .F. ) ;
#134 = DIRECTION ( 'NONE',  ( -0.000000000000000000, -0.000000000000000000, 1.000000000000000000 ) ) ;
#135 = CIRCLE ( 'NONE', #6742, 0.5000000000000004441 ) ;
#136 = AXIS2_PLACEMENT_3D ( 'NONE', #917, #2246, #1033 ) ;
#137 = CARTESIAN_POINT ( 'NONE',  ( 4.999999999999997335, 3.000000000000002665, -8.000000000000000000 ) ) ;
#138 = FACE_BOUND ( 'NONE', #6374, .T. ) ;
#139 = FACE_OUTER_BOUND ( 'NONE', #7045, .T. ) ;
#140 = DIRECTION ( 'NONE',  ( 0.000000000000000000, 0.000000000000000000, 1.000000000000000000 ) ) ;
#141 = EDGE_CURVE ( 'NONE', #1631, #3220, #7419, .T. ) ;
#142 = ORIENTED_EDGE ( 'NONE', *, *, #7510, .T. ) ;
#143 = ORIENTED_EDGE ( 'NONE', *, *, #6526, .F. ) ;
#144 = DIRECTION ( 'NONE',  ( 0.000000000000000000, 0.000000000000000000, 1.000000000000000000 ) ) ;
#145 = DIRECTION ( 'NONE',  ( 1.000000000000000000, 0.000000000000000000, 0.000000000000000000 ) ) ;
#146 = ORIENTED_EDGE ( 'NONE', *, *, #6891, .F. ) ;
#147 = CIRCLE ( 'NONE', #1193, 0.5000000000000004441 ) ;
#148 = VECTOR ( 'NONE', #4305, 1000.000000000000000 ) ;
#149 =( LENGTH_UNIT ( ) NAMED_UNIT ( * ) SI_UNIT ( .MILLI., .METRE. ) );
#150 = DIRECTION ( 'NONE',  ( -0.000000000000000000, -0.000000000000000000, 1.000000000000000000 ) ) ;
#151 = DIRECTION ( 'NONE',  ( 1.000000000000000000, 0.000000000000000000, 0.000000000000000000 ) ) ;
#152 = AXIS2_PLACEMENT_3D ( 'NONE', #309, #2772, #5886 ) ;
#153 = CARTESIAN_POINT ( 'NONE',  ( 13.25000000000000178, 0.000000000000000000, 0.000000000000000000 ) ) ;
#154 = AXIS2_PLACEMENT_3D ( 'NONE', #4602, #3324, #5784 ) ;
#155 = AXIS2_PLACEMENT_3D ( 'NONE', #5630, #4934, #7415 ) ;
#156 = ORIENTED_EDGE ( 'NONE', *, *, #6869, .T. ) ;
#157 = ADVANCED_FACE ( 'NONE', ( #2095 ), #3323, .F. ) ;
#158 = CIRCLE ( 'NONE', #2622, 0.5000000000000004441 ) ;
#159 = EDGE_CURVE ( 'NONE', #2227, #2177, #3288, .T. ) ;
#160 = AXIS2_PLACEMENT_3D ( 'NONE', #7199, #6597, #1219 ) ;
#161 = CARTESIAN_POINT ( 'NONE',  ( -15.50000000000000178, 8.000000000000000000, -8.000000000000000000 ) ) ;
#162 = ORIENTED_EDGE ( 'NONE', *, *, #5033, .F. ) ;
#163 = DIRECTION ( 'NONE',  ( -0.000000000000000000, -0.000000000000000000, 1.000000000000000000 ) ) ;
#164 = AXIS2_PLACEMENT_3D ( 'NONE', #2119, #2078, #4009 ) ;
#165 = EDGE_LOOP ( 'NONE', ( #10, #4017 ) ) ;
#166 = CARTESIAN_POINT ( 'NONE',  ( 9.500000000000001776, -22.00000000000000000, -8.000000000000000000 ) ) ;
#167 = ORIENTED_EDGE ( 'NONE', *, *, #6811, .F. ) ;
#168 = DIRECTION ( 'NONE',  ( -0.000000000000000000, -0.000000000000000000, 1.000000000000000000 ) ) ;
#169 = CARTESIAN_POINT ( 'NONE',  ( 4.999999999999997335, 33.00000000000000000, 0.000000000000000000 ) ) ;
#170 = EDGE_CURVE ( 'NONE', #3167, #5230, #295, .T. ) ;
#171 = ORIENTED_EDGE ( 'NONE', *, *, #6365, .F. ) ;
#172 = EDGE_CURVE ( 'NONE', #1784, #7638, #4304, .T. ) ;
#173 = VERTEX_POINT ( 'NONE', #112 ) ;
#174 = FACE_OUTER_BOUND ( 'NONE', #6448, .T. ) ;
#175 = CARTESIAN_POINT ( 'NONE',  ( -5.500000000000001776, 13.00000000000000178, -8.000000000000000000 ) ) ;
#176 = EDGE_CURVE ( 'NONE', #2735, #6078, #6353, .T. ) ;
#177 = FACE_BOUND ( 'NONE', #2411, .T. ) ;
#178 = CARTESIAN_POINT ( 'NONE',  ( 5.000000000000000888, -26.99999999999999645, 2.000000000000000000 ) ) ;
#179 = ADVANCED_FACE ( 'NONE', ( #1379 ), #2046, .F. ) ;
#180 = EDGE_CURVE ( 'NONE', #5766, #6786, #1216, .T. ) ;
#181 = ORIENTED_EDGE ( 'NONE', *, *, #995, .F. ) ;
#182 = ORIENTED_EDGE ( 'NONE', *, *, #8015, .T. ) ;
#183 = DIRECTION ( 'NONE',  ( -0.000000000000000000, -0.000000000000000000, 1.000000000000000000 ) ) ;
#184 = CARTESIAN_POINT ( 'NONE',  ( 10.50000000000000178, -6.999999999999999112, 0.000000000000000000 ) ) ;
#185 = ORIENTED_EDGE ( 'NONE', *, *, #2407, .F. ) ;
#186 = EDGE_CURVE ( 'NONE', #4334, #4691, #4568, .T. ) ;
#187 = CYLINDRICAL_SURFACE ( 'NONE', #1553, 0.5000000000000004441 ) ;
#188 = DIRECTION ( 'NONE',  ( 1.000000000000000000, 0.000000000000000000, 0.000000000000000000 ) ) ;
#189 = CARTESIAN_POINT ( 'NONE',  ( -2.749999999999998668, -7.550000000000000711, 0.000000000000000000 ) ) ;
#190 = CIRCLE ( 'NONE', #1739, 0.5000000000000004441 ) ;
#191 = DIRECTION ( 'NONE',  ( -0.000000000000000000, -0.000000000000000000, 1.000000000000000000 ) ) ;
#192 = LINE ( 'NONE', #313, #7397 ) ;
#193 = CARTESIAN_POINT ( 'NONE',  ( -10.00000000000000178, 3.000000000000002665, 0.000000000000000000 ) ) ;
#194 = ORIENTED_EDGE ( 'NONE', *, *, #7745, .F. ) ;
#195 = CARTESIAN_POINT ( 'NONE',  ( -15.50000000000000178, -22.00000000000000000, 0.000000000000000000 ) ) ;
#196 = DIRECTION ( 'NONE',  ( 0.000000000000000000, 0.000000000000000000, 1.000000000000000000 ) ) ;
#197 = VERTEX_POINT ( 'NONE', #3061 ) ;
#198 = CYLINDRICAL_SURFACE ( 'NONE', #4395, 0.5000000000000004441 ) ;
#199 = EDGE_LOOP ( 'NONE', ( #6464, #6610 ) ) ;
#200 = ORIENTED_EDGE ( 'NONE', *, *, #6166, .T. ) ;
#201 = DIRECTION ( 'NONE',  ( 1.000000000000000000, 0.000000000000000000, 0.000000000000000000 ) ) ;
#202 = ORIENTED_EDGE ( 'NONE', *, *, #2690, .T. ) ;
#203 = LINE ( 'NONE', #6450, #5977 ) ;
#204 = CARTESIAN_POINT ( 'NONE',  ( -5.000000000000000888, 8.000000000000000000, 0.000000000000000000 ) ) ;
#205 = VERTEX_POINT ( 'NONE', #3193 ) ;
#206 = CARTESIAN_POINT ( 'NONE',  ( 14.49999999999999822, -17.00000000000000000, 2.000000000000000000 ) ) ;
#207 = CARTESIAN_POINT ( 'NONE',  ( 13.25000000000000178, 20.49999999999999645, -1.000000000000000000 ) ) ;
#208 = EDGE_CURVE ( 'NONE', #7504, #5511, #2357, .T. ) ;
#209 = ADVANCED_FACE ( 'NONE', ( #2571 ), #1364, .F. ) ;
#210 = CIRCLE ( 'NONE', #4345, 0.5000000000000004441 ) ;
#211 = ORIENTED_EDGE ( 'NONE', *, *, #2540, .T. ) ;
#212 = DIRECTION ( 'NONE',  ( 0.000000000000000000, 0.000000000000000000, 1.000000000000000000 ) ) ;
#213 = CYLINDRICAL_SURFACE ( 'NONE', #3013, 0.5000000000000004441 ) ;
#214 = DIRECTION ( 'NONE',  ( -0.000000000000000000, -0.000000000000000000, 1.000000000000000000 ) ) ;
#215 = FACE_BOUND ( 'NONE', #7050, .T. ) ;
#216 = CIRCLE ( 'NONE', #7968, 0.5000000000000004441 ) ;
#217 = CARTESIAN_POINT ( 'NONE',  ( -5.500000000000003553, 33.00000000000000000, -8.000000000000000000 ) ) ;
#218 = VERTEX_POINT ( 'NONE', #4382 ) ;
#219 = ORIENTED_EDGE ( 'NONE', *, *, #3090, .T. ) ;
#220 = DIRECTION ( 'NONE',  ( -0.000000000000000000, -0.000000000000000000, 1.000000000000000000 ) ) ;
#221 = CIRCLE ( 'NONE', #6703, 0.5000000000000004441 ) ;
#222 = FACE_OUTER_BOUND ( 'NONE', #4696, .T. ) ;
#223 = ORIENTED_EDGE ( 'NONE', *, *, #3454, .F. ) ;
#224 = CARTESIAN_POINT ( 'NONE',  ( 21.00000000000000355, 39.25000000000000000, 0.000000000000000000 ) ) ;
#225 = CARTESIAN_POINT ( 'NONE',  ( -9.500000000000001776, 8.000000000000000000, -8.000000000000000000 ) ) ;
#226 = AXIS2_PLACEMENT_3D ( 'NONE', #2210, #565, #439 ) ;
#227 = CARTESIAN_POINT ( 'NONE',  ( -5.000000000000000888, -11.99999999999999645, 2.000000000000000000 ) ) ;
#228 = CARTESIAN_POINT ( 'NONE',  ( -4.999999999999999112, -26.99999999999999645, -8.000000000000000000 ) ) ;
#229 = CARTESIAN_POINT ( 'NONE',  ( 10.00000000000000178, -6.999999999999999112, 2.000000000000000000 ) ) ;
#230 = DIRECTION ( 'NONE',  ( -0.000000000000000000, -0.000000000000000000, 1.000000000000000000 ) ) ;
#231 = EDGE_CURVE ( 'NONE', #8017, #5184, #5609, .T. ) ;
#232 = ORIENTED_EDGE ( 'NONE', *, *, #6384, .T. ) ;
#233 = AXIS2_PLACEMENT_3D ( 'NONE', #1336, #7355, #4275 ) ;
#234 = LINE ( 'NONE', #7046, #6032 ) ;
#235 = DIRECTION ( 'NONE',  ( 0.000000000000000000, 0.000000000000000000, -1.000000000000000000 ) ) ;
#236 = ORIENTED_EDGE ( 'NONE', *, *, #6365, .T. ) ;
#237 = DIRECTION ( 'NONE',  ( 0.000000000000000000, 0.000000000000000000, 1.000000000000000000 ) ) ;
#238 = CIRCLE ( 'NONE', #4760, 0.5000000000000004441 ) ;
#239 = VERTEX_POINT ( 'NONE', #2495 ) ;
#240 = EDGE_CURVE ( 'NONE', #3856, #4511, #7517, .T. ) ;
#241 = VERTEX_POINT ( 'NONE', #6877 ) ;
#242 = ORIENTED_EDGE ( 'NONE', *, *, #2386, .F. ) ;
#243 = DIRECTION ( 'NONE',  ( 1.000000000000000000, 0.000000000000000000, 0.000000000000000000 ) ) ;
#244 = CARTESIAN_POINT ( 'NONE',  ( -10.50000000000000000, -26.99999999999999645, 2.000000000000000000 ) ) ;
#245 = ADVANCED_FACE ( 'NONE', ( #101 ), #5029, .F. ) ;
#246 = ORIENTED_EDGE ( 'NONE', *, *, #4265, .F. ) ;
#247 = DIRECTION ( 'NONE',  ( 1.000000000000000000, 0.000000000000000000, 0.000000000000000000 ) ) ;
#248 = CIRCLE ( 'NONE', #898, 0.5000000000000004441 ) ;
#249 = DIRECTION ( 'NONE',  ( 0.000000000000000000, 0.000000000000000000, 1.000000000000000000 ) ) ;
#250 = ORIENTED_EDGE ( 'NONE', *, *, #7511, .F. ) ;
#251 = LINE ( 'NONE', #5105, #1417 ) ;
#252 = CARTESIAN_POINT ( 'NONE',  ( -5.000000000000002665, 18.00000000000000355, 2.000000000000000000 ) ) ;
#253 = CARTESIAN_POINT ( 'NONE',  ( 4.500000000000000888, -26.99999999999999645, 2.000000000000000000 ) ) ;
#254 = EDGE_CURVE ( 'NONE', #2474, #6609, #722, .T. ) ;
#255 = EDGE_CURVE ( 'NONE', #1506, #4709, #1851, .T. ) ;
#256 = CYLINDRICAL_SURFACE ( 'NONE', #4535, 0.5000000000000008882 ) ;
#257 = CARTESIAN_POINT ( 'NONE',  ( -15.00000000000000178, -6.999999999999999112, 0.000000000000000000 ) ) ;
#258 = CARTESIAN_POINT ( 'NONE',  ( -5.000000000000002665, 33.00000000000000000, 2.000000000000000000 ) ) ;
#259 = ORIENTED_EDGE ( 'NONE', *, *, #5802, .F. ) ;
#260 = CIRCLE ( 'NONE', #6080, 0.5000000000000004441 ) ;
#261 = CIRCLE ( 'NONE', #6608, 0.5000000000000004441 ) ;
#262 = ORIENTED_EDGE ( 'NONE', *, *, #2446, .F. ) ;
#263 = DIRECTION ( 'NONE',  ( 0.000000000000000000, 0.000000000000000000, 1.000000000000000000 ) ) ;
#264 = CARTESIAN_POINT ( 'NONE',  ( 14.49999999999999822, -11.99999999999999645, 2.000000000000000000 ) ) ;
#265 = ORIENTED_EDGE ( 'NONE', *, *, #2017, .T. ) ;
#266 = CIRCLE ( 'NONE', #4534, 0.5000000000000004441 ) ;
#267 = DIRECTION ( 'NONE',  ( 1.000000000000000000, 0.000000000000000000, 0.000000000000000000 ) ) ;
#268 = AXIS2_PLACEMENT_3D ( 'NONE', #6715, #559, #3626 ) ;
#269 = EDGE_CURVE ( 'NONE', #4163, #3628, #1883, .T. ) ;
#270 = AXIS2_PLACEMENT_3D ( 'NONE', #7997, #4423, #6213 ) ;
#271 = FACE_OUTER_BOUND ( 'NONE', #4525, .T. ) ;
#272 = CARTESIAN_POINT ( 'NONE',  ( -18.50000000000000355, -38.50000000000000000, 2.000000000000000000 ) ) ;
#273 = DIRECTION ( 'NONE',  ( 1.000000000000000000, 0.000000000000000000, 0.000000000000000000 ) ) ;
#274 = ADVANCED_FACE ( 'NONE', ( #6221 ), #63, .F. ) ;
#275 = VERTEX_POINT ( 'NONE', #1796 ) ;
#276 = CIRCLE ( 'NONE', #5311, 0.5000000000000008882 ) ;
#277 = CARTESIAN_POINT ( 'NONE',  ( -20.99999999999999645, 41.25000000000000000, 2.000000000000000000 ) ) ;
#278 = EDGE_CURVE ( 'NONE', #3079, #3665, #6300, .T. ) ;
#279 = ORIENTED_EDGE ( 'NONE', *, *, #765, .T. ) ;
#280 = AXIS2_PLACEMENT_3D ( 'NONE', #3544, #2852, #5970 ) ;
#281 = DIRECTION ( 'NONE',  ( -0.000000000000000000, 0.000000000000000000, 1.000000000000000000 ) ) ;
#282 = AXIS2_PLACEMENT_3D ( 'NONE', #3199, #692, #31 ) ;
#283 = VECTOR ( 'NONE', #5541, 1000.000000000000000 ) ;
#284 = VERTEX_POINT ( 'NONE', #6138 ) ;
#285 = ORIENTED_EDGE ( 'NONE', *, *, #1353, .T. ) ;
#286 = CIRCLE ( 'NONE', #3146, 0.5000000000000008882 ) ;
#287 = ORIENTED_EDGE ( 'NONE', *, *, #5576, .F. ) ;
#288 = CARTESIAN_POINT ( 'NONE',  ( 4.500000000000000888, -17.00000000000000000, 0.000000000000000000 ) ) ;
#289 = CIRCLE ( 'NONE', #4811, 0.5000000000000004441 ) ;
#290 = DIRECTION ( 'NONE',  ( 1.000000000000000000, 0.000000000000000000, 0.000000000000000000 ) ) ;
#291 = VERTEX_POINT ( 'NONE', #597 ) ;
#292 = ADVANCED_FACE ( 'NONE', ( #757 ), #4872, .F. ) ;
#293 = FACE_OUTER_BOUND ( 'NONE', #4399, .T. ) ;
#294 = DIRECTION ( 'NONE',  ( 1.000000000000000000, 0.000000000000000000, 0.000000000000000000 ) ) ;
#295 = CIRCLE ( 'NONE', #433, 0.5000000000000004441 ) ;
#296 = ORIENTED_EDGE ( 'NONE', *, *, #6426, .F. ) ;
#297 = ORIENTED_EDGE ( 'NONE', *, *, #7725, .F. ) ;
#298 = CARTESIAN_POINT ( 'NONE',  ( -0.5000000000000026645, -11.99999999999999645, 0.000000000000000000 ) ) ;
#299 = CARTESIAN_POINT ( 'NONE',  ( 9.999999999999998224, 8.000000000000000000, 2.000000000000000000 ) ) ;
#300 = DIRECTION ( 'NONE',  ( -0.000000000000000000, -0.000000000000000000, 1.000000000000000000 ) ) ;
#301 = VECTOR ( 'NONE', #6849, 1000.000000000000000 ) ;
#302 = FACE_BOUND ( 'NONE', #4249, .T. ) ;
#303 = DIRECTION ( 'NONE',  ( -0.000000000000000000, 0.000000000000000000, 1.000000000000000000 ) ) ;
#304 = ORIENTED_EDGE ( 'NONE', *, *, #6653, .F. ) ;
#305 = CYLINDRICAL_SURFACE ( 'NONE', #4412, 0.5000000000000008882 ) ;
#306 = VERTEX_POINT ( 'NONE', #683 ) ;
#307 = DIRECTION ( 'NONE',  ( -0.000000000000000000, 0.000000000000000000, 1.000000000000000000 ) ) ;
#308 = EDGE_CURVE ( 'NONE', #7327, #306, #2108, .T. ) ;
#309 = CARTESIAN_POINT ( 'NONE',  ( 4.999999999999997335, -2.000000000000001776, 2.000000000000000000 ) ) ;
#310 = EDGE_LOOP ( 'NONE', ( #3443, #3946 ) ) ;
#311 = LINE ( 'NONE', #2776, #4270 ) ;
#312 = CARTESIAN_POINT ( 'NONE',  ( 13.25000000000000178, 20.49999999999999645, 2.000000000000000000 ) ) ;
#313 = CARTESIAN_POINT ( 'NONE',  ( 4.499999999999997335, -2.000000000000001776, -8.000000000000000000 ) ) ;
#314 = EDGE_CURVE ( 'NONE', #6030, #418, #7280, .T. ) ;
#315 = CARTESIAN_POINT ( 'NONE',  ( 15.50000000000000000, -26.99999999999999645, 0.000000000000000000 ) ) ;
#316 = EDGE_CURVE ( 'NONE', #5528, #328, #5465, .T. ) ;
#317 = ORIENTED_EDGE ( 'NONE', *, *, #4370, .T. ) ;
#318 = ADVANCED_FACE ( 'NONE', ( #3152 ), #6497, .F. ) ;
#319 = DIRECTION ( 'NONE',  ( -0.000000000000000000, -0.000000000000000000, 1.000000000000000000 ) ) ;
#320 = CIRCLE ( 'NONE', #2000, 0.5000000000000004441 ) ;
#321 = ORIENTED_EDGE ( 'NONE', *, *, #4013, .T. ) ;
#322 = CYLINDRICAL_SURFACE ( 'NONE', #3254, 0.5000000000000004441 ) ;
#323 = CIRCLE ( 'NONE', #4192, 0.5000000000000004441 ) ;
#324 = EDGE_LOOP ( 'NONE', ( #2910, #1753 ) ) ;
#325 = CIRCLE ( 'NONE', #970, 0.5000000000000004441 ) ;
#326 = EDGE_CURVE ( 'NONE', #5852, #3910, #3534, .T. ) ;
#327 = VERTEX_POINT ( 'NONE', #2726 ) ;
#328 = VERTEX_POINT ( 'NONE', #4624 ) ;
#329 = CARTESIAN_POINT ( 'NONE',  ( -4.500000000000000888, -22.00000000000000000, -8.000000000000000000 ) ) ;
#330 = CYLINDRICAL_SURFACE ( 'NONE', #4589, 0.5000000000000004441 ) ;
#331 = ORIENTED_EDGE ( 'NONE', *, *, #3684, .F. ) ;
#332 = CARTESIAN_POINT ( 'NONE',  ( -15.00000000000000000, -26.99999999999999645, -8.000000000000000000 ) ) ;
#333 = CARTESIAN_POINT ( 'NONE',  ( -1.734723475976807094E-15, -22.00000000000000000, 2.000000000000000000 ) ) ;
#334 = EDGE_CURVE ( 'NONE', #284, #3929, #47, .T. ) ;
#335 = ORIENTED_EDGE ( 'NONE', *, *, #4254, .F. ) ;
#336 = CARTESIAN_POINT ( 'NONE',  ( -1.734723475976807094E-15, 3.000000000000002665, -8.000000000000000000 ) ) ;
#337 = EDGE_CURVE ( 'NONE', #8027, #6829, #3161, .T. ) ;
#338 = CARTESIAN_POINT ( 'NONE',  ( -6.299999999999995381, -14.05000000000000071, 2.000000000000000000 ) ) ;
#339 = CARTESIAN_POINT ( 'NONE',  ( 9.999999999999998224, 8.000000000000000000, -8.000000000000000000 ) ) ;
#340 = DIRECTION ( 'NONE',  ( -0.000000000000000000, -0.000000000000000000, 1.000000000000000000 ) ) ;
#341 = EDGE_LOOP ( 'NONE', ( #2876, #703 ) ) ;
#342 = LINE ( 'NONE', #4787, #4286 ) ;
#343 = VERTEX_POINT ( 'NONE', #5686 ) ;
#344 = CARTESIAN_POINT ( 'NONE',  ( -15.00000000000000355, 23.00000000000000000, -8.000000000000000000 ) ) ;
#345 = CARTESIAN_POINT ( 'NONE',  ( -3.469446951953614189E-15, 33.00000000000000000, 0.000000000000000000 ) ) ;
#346 = ORIENTED_EDGE ( 'NONE', *, *, #7128, .T. ) ;
#347 = CARTESIAN_POINT ( 'NONE',  ( -4.818676322157801165E-18, -0.4000000000000002998, 2.000000000000000000 ) ) ;
#348 = EDGE_CURVE ( 'NONE', #2906, #2513, #2751, .T. ) ;
#349 = DIRECTION ( 'NONE',  ( 0.000000000000000000, 0.000000000000000000, 1.000000000000000000 ) ) ;
#350 = CYLINDRICAL_SURFACE ( 'NONE', #808, 0.5000000000000004441 ) ;
#351 = CARTESIAN_POINT ( 'NONE',  ( 18.50000000000000355, 38.50000000000000000, 2.000000000000000000 ) ) ;
#352 = LINE ( 'NONE', #5097, #1436 ) ;
#353 = ORIENTED_EDGE ( 'NONE', *, *, #2064, .F. ) ;
#354 = VECTOR ( 'NONE', #7392, 1000.000000000000000 ) ;
#355 = CARTESIAN_POINT ( 'NONE',  ( -15.50000000000000178, -2.000000000000001776, -8.000000000000000000 ) ) ;
#357 = EDGE_CURVE ( 'NONE', #7061, #5395, #3790, .T. ) ;
#356 = ORIENTED_EDGE ( 'NONE', *, *, #3894, .T. ) ;
#358 = DIRECTION ( 'NONE',  ( 1.000000000000000000, 0.000000000000000000, 0.000000000000000000 ) ) ;
#359 = FACE_BOUND ( 'NONE', #5603, .T. ) ;
#360 = DIRECTION ( 'NONE',  ( 1.000000000000000000, 0.000000000000000000, 0.000000000000000000 ) ) ;
#361 = ORIENTED_EDGE ( 'NONE', *, *, #2934, .F. ) ;
#362 = VECTOR ( 'NONE', #999, 1000.000000000000000 ) ;
#363 = ORIENTED_EDGE ( 'NONE', *, *, #4852, .T. ) ;
#364 = VERTEX_POINT ( 'NONE', #5107 ) ;
#365 = DIRECTION ( 'NONE',  ( -0.000000000000000000, -0.000000000000000000, 1.000000000000000000 ) ) ;
#366 = ADVANCED_FACE ( 'NONE', ( #5768 ), #213, .F. ) ;
#367 = DIRECTION ( 'NONE',  ( -0.000000000000000000, -0.000000000000000000, 1.000000000000000000 ) ) ;
#368 = ORIENTED_EDGE ( 'NONE', *, *, #3866, .T. ) ;
#369 = CIRCLE ( 'NONE', #7864, 0.5000000000000004441 ) ;
#370 = CARTESIAN_POINT ( 'NONE',  ( 13.25000000000000178, 20.49999999999999645, 0.000000000000000000 ) ) ;
#371 = DIRECTION ( 'NONE',  ( 0.000000000000000000, 0.000000000000000000, 1.000000000000000000 ) ) ;
#372 = ORIENTED_EDGE ( 'NONE', *, *, #2530, .F. ) ;
#373 = CARTESIAN_POINT ( 'NONE',  ( -5.000000000000000888, 3.000000000000002665, 2.000000000000000000 ) ) ;
#374 = CARTESIAN_POINT ( 'NONE',  ( -18.99999999999999289, -39.25000000000000000, 0.000000000000000000 ) ) ;
#375 = CARTESIAN_POINT ( 'NONE',  ( -4.500000000000000888, -22.00000000000000000, 0.000000000000000000 ) ) ;
#376 = EDGE_CURVE ( 'NONE', #239, #966, #6512, .T. ) ;
#377 = AXIS2_PLACEMENT_3D ( 'NONE', #4820, #7297, #532 ) ;
#378 = FACE_OUTER_BOUND ( 'NONE', #4173, .T. ) ;
#379 = ORIENTED_EDGE ( 'NONE', *, *, #6661, .F. ) ;
#380 = DIRECTION ( 'NONE',  ( -0.000000000000000000, -0.000000000000000000, 1.000000000000000000 ) ) ;
#381 = ORIENTED_EDGE ( 'NONE', *, *, #3031, .F. ) ;
#382 = LINE ( 'NONE', #6710, #2696 ) ;
#383 = VECTOR ( 'NONE', #6775, 1000.000000000000000 ) ;
#384 = DIRECTION ( 'NONE',  ( 1.000000000000000000, 0.000000000000000000, 0.000000000000000000 ) ) ;
#385 = ORIENTED_EDGE ( 'NONE', *, *, #1670, .T. ) ;
#386 = CARTESIAN_POINT ( 'NONE',  ( 0.4999999999999991673, -6.999999999999999112, 0.000000000000000000 ) ) ;
#387 = ADVANCED_FACE ( 'NONE', ( #6421 ), #6538, .F. ) ;
#388 = AXIS2_PLACEMENT_3D ( 'NONE', #3077, #2467, #4933 ) ;
#389 = VECTOR ( 'NONE', #7743, 1000.000000000000000 ) ;
#390 = CARTESIAN_POINT ( 'NONE',  ( 0.000000000000000000, -4.899999999999999467, 0.000000000000000000 ) ) ;
#391 = DIRECTION ( 'NONE',  ( 0.000000000000000000, 0.000000000000000000, 1.000000000000000000 ) ) ;
#392 = ORIENTED_EDGE ( 'NONE', *, *, #5076, .T. ) ;
#393 = CARTESIAN_POINT ( 'NONE',  ( -19.69062500000000426, 38.50000000000000000, 2.000000000000000000 ) ) ;
#394 = DIRECTION ( 'NONE',  ( 0.000000000000000000, 0.000000000000000000, 1.000000000000000000 ) ) ;
#395 = DIRECTION ( 'NONE',  ( 1.000000000000000000, 0.000000000000000000, 0.000000000000000000 ) ) ;
#396 = ORIENTED_EDGE ( 'NONE', *, *, #64, .F. ) ;
#397 = AXIS2_PLACEMENT_3D ( 'NONE', #3087, #3253, #7424 ) ;
#398 = VECTOR ( 'NONE', #4065, 1000.000000000000000 ) ;
#399 = VECTOR ( 'NONE', #6713, 1000.000000000000000 ) ;
#400 = AXIS2_PLACEMENT_3D ( 'NONE', #4402, #1303, #4973 ) ;
#401 = PLANE ( 'NONE',  #7822 ) ;
#402 = ORIENTED_EDGE ( 'NONE', *, *, #4997, .F. ) ;
#403 = DIRECTION ( 'NONE',  ( 1.000000000000000000, 0.000000000000000000, 0.000000000000000000 ) ) ;
#404 = FACE_BOUND ( 'NONE', #5757, .T. ) ;
#405 = DIRECTION ( 'NONE',  ( 0.000000000000000000, 0.000000000000000000, 1.000000000000000000 ) ) ;
#406 = AXIS2_PLACEMENT_3D ( 'NONE', #6956, #2649, #5110 ) ;
#407 = ORIENTED_EDGE ( 'NONE', *, *, #4248, .T. ) ;
#408 = ORIENTED_EDGE ( 'NONE', *, *, #1895, .T. ) ;
#409 = EDGE_CURVE ( 'NONE', #5935, #7820, #1714, .T. ) ;
#410 = VERTEX_POINT ( 'NONE', #3415 ) ;
#411 = CARTESIAN_POINT ( 'NONE',  ( -15.00000000000000178, 8.000000000000000000, 2.000000000000000000 ) ) ;
#412 = CARTESIAN_POINT ( 'NONE',  ( -14.50000000000000000, -11.99999999999999645, 0.000000000000000000 ) ) ;
#413 = AXIS2_PLACEMENT_3D ( 'NONE', #5785, #7688, #5705 ) ;
#414 = VECTOR ( 'NONE', #7956, 1000.000000000000000 ) ;
#415 = EDGE_LOOP ( 'NONE', ( #551, #4419 ) ) ;
#416 = LINE ( 'NONE', #4858, #7120 ) ;
#417 = AXIS2_PLACEMENT_3D ( 'NONE', #7154, #7273, #2972 ) ;
#418 = VERTEX_POINT ( 'NONE', #5878 ) ;
#419 = AXIS2_PLACEMENT_3D ( 'NONE', #6229, #8013, #1763 ) ;
#420 = DIRECTION ( 'NONE',  ( 0.000000000000000000, 0.000000000000000000, 1.000000000000000000 ) ) ;
#421 = CIRCLE ( 'NONE', #7409, 0.5000000000000008882 ) ;
#422 = EDGE_CURVE ( 'NONE', #6832, #7277, #6619, .T. ) ;
#423 = DIRECTION ( 'NONE',  ( -0.000000000000000000, -0.000000000000000000, 1.000000000000000000 ) ) ;
#424 = AXIS2_PLACEMENT_3D ( 'NONE', #4652, #365, #936 ) ;
#425 = DIRECTION ( 'NONE',  ( 1.000000000000000000, 0.000000000000000000, 0.000000000000000000 ) ) ;
#426 = ORIENTED_EDGE ( 'NONE', *, *, #7994, .T. ) ;
#427 = DIRECTION ( 'NONE',  ( -0.000000000000000000, -0.000000000000000000, 1.000000000000000000 ) ) ;
#428 = EDGE_LOOP ( 'NONE', ( #7494, #5598, #1586, #7724 ) ) ;
#429 = CARTESIAN_POINT ( 'NONE',  ( -7.249999999999999112, -4.899999999999999467, 0.000000000000000000 ) ) ;
#430 = FACE_OUTER_BOUND ( 'NONE', #6543, .T. ) ;
#431 = ADVANCED_FACE ( 'NONE', ( #1069 ), #6000, .F. ) ;
#432 = ORIENTED_EDGE ( 'NONE', *, *, #4871, .T. ) ;
#433 = AXIS2_PLACEMENT_3D ( 'NONE', #5783, #6964, #1412 ) ;
#434 = DIRECTION ( 'NONE',  ( -0.000000000000000000, -0.000000000000000000, 1.000000000000000000 ) ) ;
#435 = ADVANCED_FACE ( 'NONE', ( #5304 ), #2235, .F. ) ;
#436 = DIRECTION ( 'NONE',  ( 1.000000000000000000, 0.000000000000000000, 0.000000000000000000 ) ) ;
#437 = EDGE_LOOP ( 'NONE', ( #4478, #297, #2116, #7730 ) ) ;
#438 = LINE ( 'NONE', #7879, #2864 ) ;
#439 = DIRECTION ( 'NONE',  ( 1.000000000000000000, 0.000000000000000000, 0.000000000000000000 ) ) ;
#440 = FACE_OUTER_BOUND ( 'NONE', #5127, .T. ) ;
#441 = ORIENTED_EDGE ( 'NONE', *, *, #7991, .T. ) ;
#442 = EDGE_CURVE ( 'NONE', #3236, #842, #7669, .T. ) ;
#443 = CARTESIAN_POINT ( 'NONE',  ( 9.999999999999998224, 33.00000000000000000, -8.000000000000000000 ) ) ;
#444 = ORIENTED_EDGE ( 'NONE', *, *, #6115, .T. ) ;
#445 = CARTESIAN_POINT ( 'NONE',  ( -5.500000000000003553, 18.00000000000000355, -8.000000000000000000 ) ) ;
#446 = FACE_BOUND ( 'NONE', #2351, .T. ) ;
#447 = DIRECTION ( 'NONE',  ( -0.000000000000000000, 0.000000000000000000, 1.000000000000000000 ) ) ;
#448 = VERTEX_POINT ( 'NONE', #7261 ) ;
#449 = ORIENTED_EDGE ( 'NONE', *, *, #1408, .T. ) ;
#450 = ORIENTED_EDGE ( 'NONE', *, *, #553, .T. ) ;
#451 = AXIS2_PLACEMENT_3D ( 'NONE', #3400, #1048, #478 ) ;
#452 = DIRECTION ( 'NONE',  ( 0.000000000000000000, 0.000000000000000000, -1.000000000000000000 ) ) ;
#453 = ORIENTED_EDGE ( 'NONE', *, *, #5928, .T. ) ;
#454 = FACE_BOUND ( 'NONE', #5217, .T. ) ;
#455 = DIRECTION ( 'NONE',  ( 0.000000000000000000, -1.000000000000000000, 0.000000000000000000 ) ) ;
#456 = CIRCLE ( 'NONE', #5874, 0.5000000000000008882 ) ;
#457 = EDGE_LOOP ( 'NONE', ( #1881, #6974 ) ) ;
#458 = VERTEX_POINT ( 'NONE', #2887 ) ;
#459 = CYLINDRICAL_SURFACE ( 'NONE', #7632, 0.5000000000000004441 ) ;
#460 = DIRECTION ( 'NONE',  ( -0.000000000000000000, -0.000000000000000000, 1.000000000000000000 ) ) ;
#461 = EDGE_CURVE ( 'NONE', #1029, #5958, #158, .T. ) ;
#462 = EDGE_CURVE ( 'NONE', #6411, #1050, #4164, .T. ) ;
#463 = DIRECTION ( 'NONE',  ( -0.000000000000000000, -0.000000000000000000, 1.000000000000000000 ) ) ;
#464 = VERTEX_POINT ( 'NONE', #6700 ) ;
#465 = CARTESIAN_POINT ( 'NONE',  ( 4.999999999999997335, 18.00000000000000355, -8.000000000000000000 ) ) ;
#466 = VERTEX_POINT ( 'NONE', #6212 ) ;
#467 = CARTESIAN_POINT ( 'NONE',  ( 13.25000000000000178, 34.50000000000000000, 2.000000000000000000 ) ) ;
#468 = DIRECTION ( 'NONE',  ( 0.000000000000000000, 0.000000000000000000, 1.000000000000000000 ) ) ;
#469 = ORIENTED_EDGE ( 'NONE', *, *, #5324, .F. ) ;
#470 = LINE ( 'NONE', #2973, #3125 ) ;
#471 = CARTESIAN_POINT ( 'NONE',  ( 5.000000000000000888, -32.00000000000000000, -8.000000000000000000 ) ) ;
#472 = EDGE_LOOP ( 'NONE', ( #1482, #1292, #3737, #2194 ) ) ;
#473 = FACE_OUTER_BOUND ( 'NONE', #5269, .T. ) ;
#474 = DIRECTION ( 'NONE',  ( 0.000000000000000000, 0.000000000000000000, 1.000000000000000000 ) ) ;
#475 = LINE ( 'NONE', #2941, #7660 ) ;
#476 = EDGE_LOOP ( 'NONE', ( #3772, #6084 ) ) ;
#477 = AXIS2_PLACEMENT_3D ( 'NONE', #778, #3249, #5708 ) ;
#478 = DIRECTION ( 'NONE',  ( 1.000000000000000000, 0.000000000000000000, 0.000000000000000000 ) ) ;
#479 = VERTEX_POINT ( 'NONE', #4952 ) ;
#480 = EDGE_CURVE ( 'NONE', #5058, #2029, #3612, .T. ) ;
#481 = LINE ( 'NONE', #6684, #4521 ) ;
#482 = FACE_BOUND ( 'NONE', #1065, .T. ) ;
#483 = EDGE_CURVE ( 'NONE', #1270, #3220, #630, .T. ) ;
#484 = DIRECTION ( 'NONE',  ( 1.000000000000000000, 0.000000000000000000, 0.000000000000000000 ) ) ;
#485 = EDGE_LOOP ( 'NONE', ( #4954, #4226 ) ) ;
#486 = ORIENTED_EDGE ( 'NONE', *, *, #2047, .F. ) ;
#487 = ORIENTED_EDGE ( 'NONE', *, *, #7519, .F. ) ;
#488 = DIRECTION ( 'NONE',  ( -0.000000000000000000, -0.000000000000000000, 1.000000000000000000 ) ) ;
#489 = VERTEX_POINT ( 'NONE', #3010 ) ;
#490 = FACE_BOUND ( 'NONE', #4362, .T. ) ;
#491 = CARTESIAN_POINT ( 'NONE',  ( -5.500000000000001776, 3.000000000000002665, 2.000000000000000000 ) ) ;
#492 = EDGE_CURVE ( 'NONE', #5511, #7504, #5725, .T. ) ;
#493 = AXIS2_PLACEMENT_3D ( 'NONE', #4571, #961, #4604 ) ;
#494 = ORIENTED_EDGE ( 'NONE', *, *, #7869, .T. ) ;
#495 = CARTESIAN_POINT ( 'NONE',  ( -10.50000000000000178, 3.000000000000002665, 0.000000000000000000 ) ) ;
#496 = AXIS2_PLACEMENT_3D ( 'NONE', #7561, #6959, #3318 ) ;
#497 = CARTESIAN_POINT ( 'NONE',  ( 0.000000000000000000, 34.50000000000000000, 0.000000000000000000 ) ) ;
#498 = CARTESIAN_POINT ( 'NONE',  ( -15.00000000000000178, -2.000000000000001776, 2.000000000000000000 ) ) ;
#499 = FACE_BOUND ( 'NONE', #6343, .T. ) ;
#500 = VERTEX_POINT ( 'NONE', #7951 ) ;
#501 = DIRECTION ( 'NONE',  ( 0.000000000000000000, 0.000000000000000000, 1.000000000000000000 ) ) ;
#502 = EDGE_LOOP ( 'NONE', ( #719, #4706, #7299, #4687 ) ) ;
#503 = DIRECTION ( 'NONE',  ( 1.000000000000000000, 0.000000000000000000, 0.000000000000000000 ) ) ;
#504 = CARTESIAN_POINT ( 'NONE',  ( -5.000000000000000888, -11.99999999999999645, 0.000000000000000000 ) ) ;
#505 = ADVANCED_FACE ( 'NONE', ( #7336 ), #13, .F. ) ;
#506 = CARTESIAN_POINT ( 'NONE',  ( 19.69062500000000426, -38.50000000000000000, 0.000000000000000000 ) ) ;
#507 = DIRECTION ( 'NONE',  ( 0.000000000000000000, -1.000000000000000000, 0.000000000000000000 ) ) ;
#508 = ORIENTED_EDGE ( 'NONE', *, *, #6928, .T. ) ;
#509 = AXIS2_PLACEMENT_3D ( 'NONE', #227, #2131, #3243 ) ;
#510 = EDGE_LOOP ( 'NONE', ( #4949, #1660 ) ) ;
#511 = CARTESIAN_POINT ( 'NONE',  ( -10.00000000000000178, 13.00000000000000178, 2.000000000000000000 ) ) ;
#512 = DIRECTION ( 'NONE',  ( 0.000000000000000000, -0.000000000000000000, 1.000000000000000000 ) ) ;
#513 = CARTESIAN_POINT ( 'NONE',  ( 5.500000000000001776, -11.99999999999999645, -8.000000000000000000 ) ) ;
#514 = ORIENTED_EDGE ( 'NONE', *, *, #1157, .F. ) ;
#515 = AXIS2_PLACEMENT_3D ( 'NONE', #4080, #6076, #7254 ) ;
#516 = EDGE_CURVE ( 'NONE', #2689, #8017, #57, .T. ) ;
#517 = LINE ( 'NONE', #7932, #7178 ) ;
#518 = VERTEX_POINT ( 'NONE', #6261 ) ;
#519 = DIRECTION ( 'NONE',  ( -0.000000000000000000, -0.000000000000000000, 1.000000000000000000 ) ) ;
#520 = FACE_BOUND ( 'NONE', #6790, .T. ) ;
#521 = CARTESIAN_POINT ( 'NONE',  ( -10.00000000000000178, 23.00000000000000000, 2.000000000000000000 ) ) ;
#522 = LINE ( 'NONE', #2336, #5300 ) ;
#523 = ORIENTED_EDGE ( 'NONE', *, *, #52, .T. ) ;
#524 = CIRCLE ( 'NONE', #7242, 0.5000000000000008882 ) ;
#525 = AXIS2_PLACEMENT_3D ( 'NONE', #2436, #4211, #4984 ) ;
#526 = VECTOR ( 'NONE', #6999, 1000.000000000000000 ) ;
#527 = VERTEX_POINT ( 'NONE', #4986 ) ;
#528 = ORIENTED_EDGE ( 'NONE', *, *, #620, .F. ) ;
#529 = ADVANCED_FACE ( 'NONE', ( #6741 ), #1192, .F. ) ;
#530 = DIRECTION ( 'NONE',  ( -0.000000000000000000, -0.000000000000000000, 1.000000000000000000 ) ) ;
#531 = EDGE_LOOP ( 'NONE', ( #469, #1537, #6865, #2480 ) ) ;
#532 = DIRECTION ( 'NONE',  ( 1.000000000000000000, 0.000000000000000000, 0.000000000000000000 ) ) ;
#533 = DIRECTION ( 'NONE',  ( -0.000000000000000000, -0.000000000000000000, 1.000000000000000000 ) ) ;
#534 = PRODUCT_DEFINITION_FORMATION_WITH_SPECIFIED_SOURCE ( 'ANY', '', #3846, .NOT_KNOWN. ) ;
#535 = AXIS2_PLACEMENT_3D ( 'NONE', #1846, #4915, #6096 ) ;
#536 = ORIENTED_EDGE ( 'NONE', *, *, #1540, .F. ) ;
#537 = ORIENTED_EDGE ( 'NONE', *, *, #542, .T. ) ;
#538 = DIRECTION ( 'NONE',  ( 1.000000000000000000, 0.000000000000000000, 0.000000000000000000 ) ) ;
#539 = DIRECTION ( 'NONE',  ( 1.000000000000000000, 0.000000000000000000, 0.000000000000000000 ) ) ;
#540 = VECTOR ( 'NONE', #2455, 1000.000000000000000 ) ;
#541 = VECTOR ( 'NONE', #5268, 1000.000000000000000 ) ;
#542 = EDGE_CURVE ( 'NONE', #2399, #1594, #2438, .T. ) ;
#543 = LINE ( 'NONE', #2355, #7958 ) ;
#544 = EDGE_LOOP ( 'NONE', ( #4073, #5548, #3618, #2431 ) ) ;
#545 = CIRCLE ( 'NONE', #5060, 0.5000000000000004441 ) ;
#546 = CARTESIAN_POINT ( 'NONE',  ( -2.749999999999999556, -2.650271977186788014E-16, 0.000000000000000000 ) ) ;
#547 = VECTOR ( 'NONE', #2779, 1000.000000000000000 ) ;
#548 = ORIENTED_EDGE ( 'NONE', *, *, #2593, .F. ) ;
#549 = VECTOR ( 'NONE', #6852, 1000.000000000000000 ) ;
#550 = LINE ( 'NONE', #593, #3517 ) ;
#551 = ORIENTED_EDGE ( 'NONE', *, *, #6177, .T. ) ;
#552 = CARTESIAN_POINT ( 'NONE',  ( -5.999999999999998224, 41.25000000000000000, 2.000000000000000000 ) ) ;
#553 = EDGE_CURVE ( 'NONE', #1196, #762, #203, .T. ) ;
#554 = CARTESIAN_POINT ( 'NONE',  ( 9.999999999999998224, 13.00000000000000178, 2.000000000000000000 ) ) ;
#555 = AXIS2_PLACEMENT_3D ( 'NONE', #2612, #5075, #5148 ) ;
#556 = AXIS2_PLACEMENT_3D ( 'NONE', #6960, #2458, #3677 ) ;
#557 = AXIS2_PLACEMENT_3D ( 'NONE', #6675, #4099, #2208 ) ;
#558 = CARTESIAN_POINT ( 'NONE',  ( -9.500000000000001776, 13.00000000000000178, 0.000000000000000000 ) ) ;
#559 = DIRECTION ( 'NONE',  ( -0.000000000000000000, -0.000000000000000000, 1.000000000000000000 ) ) ;
#560 = ADVANCED_FACE ( 'NONE', ( #5835 ), #4458, .F. ) ;
#561 = VERTEX_POINT ( 'NONE', #5180 ) ;
#562 = ORIENTED_EDGE ( 'NONE', *, *, #3740, .T. ) ;
#563 = CARTESIAN_POINT ( 'NONE',  ( -10.50000000000000178, -6.999999999999999112, -8.000000000000000000 ) ) ;
#564 = AXIS2_PLACEMENT_3D ( 'NONE', #3859, #3269, #3231 ) ;
#565 = DIRECTION ( 'NONE',  ( 0.000000000000000000, 0.000000000000000000, 1.000000000000000000 ) ) ;
#566 = DIRECTION ( 'NONE',  ( 1.000000000000000000, 0.000000000000000000, 0.000000000000000000 ) ) ;
#567 = ORIENTED_EDGE ( 'NONE', *, *, #6980, .T. ) ;
#568 = DIRECTION ( 'NONE',  ( -0.000000000000000000, -0.000000000000000000, 1.000000000000000000 ) ) ;
#569 = CIRCLE ( 'NONE', #1984, 0.5000000000000004441 ) ;
#570 = ORIENTED_EDGE ( 'NONE', *, *, #2165, .F. ) ;
#571 = CARTESIAN_POINT ( 'NONE',  ( -0.5000000000000026645, 3.000000000000002665, 2.000000000000000000 ) ) ;
#572 = FACE_BOUND ( 'NONE', #2630, .T. ) ;
#573 = EDGE_CURVE ( 'NONE', #5431, #1259, #2749, .T. ) ;
#574 = EDGE_CURVE ( 'NONE', #969, #5255, #1207, .T. ) ;
#575 = DIRECTION ( 'NONE',  ( 1.000000000000000000, 0.000000000000000000, 0.000000000000000000 ) ) ;
#576 = CYLINDRICAL_SURFACE ( 'NONE', #155, 0.5000000000000004441 ) ;
#577 = ORIENTED_EDGE ( 'NONE', *, *, #3188, .T. ) ;
#578 = ORIENTED_EDGE ( 'NONE', *, *, #2830, .T. ) ;
#579 = ORIENTED_EDGE ( 'NONE', *, *, #5777, .F. ) ;
#580 = CARTESIAN_POINT ( 'NONE',  ( -0.5000000000000026645, 13.00000000000000178, -8.000000000000000000 ) ) ;
#581 = VERTEX_POINT ( 'NONE', #7018 ) ;
#582 = ORIENTED_EDGE ( 'NONE', *, *, #5277, .F. ) ;
#583 = DIRECTION ( 'NONE',  ( -0.000000000000000000, 0.000000000000000000, 1.000000000000000000 ) ) ;
#584 = EDGE_CURVE ( 'NONE', #3689, #5837, #5326, .T. ) ;
#585 = ORIENTED_EDGE ( 'NONE', *, *, #3357, .F. ) ;
#586 = CARTESIAN_POINT ( 'NONE',  ( -18.50000000000000355, 38.50000000000000000, 0.000000000000000000 ) ) ;
#587 = DIRECTION ( 'NONE',  ( -0.000000000000000000, -0.000000000000000000, 1.000000000000000000 ) ) ;
#588 = ORIENTED_EDGE ( 'NONE', *, *, #4317, .F. ) ;
#589 = AXIS2_PLACEMENT_3D ( 'NONE', #1646, #2216, #6645 ) ;
#590 = EDGE_CURVE ( 'NONE', #5887, #7466, #2226, .T. ) ;
#591 = DIRECTION ( 'NONE',  ( 0.000000000000000000, 0.000000000000000000, 1.000000000000000000 ) ) ;
#592 = EDGE_CURVE ( 'NONE', #7732, #4767, #5069, .T. ) ;
#593 = CARTESIAN_POINT ( 'NONE',  ( -19.69062500000000426, -38.50000000000000000, 2.000000000000000000 ) ) ;
#594 = EDGE_LOOP ( 'NONE', ( #4919, #126, #4903, #4827 ) ) ;
#595 = DIRECTION ( 'NONE',  ( -5.782411586589351722E-16, -1.000000000000000000, 0.000000000000000000 ) ) ;
#596 = DIRECTION ( 'NONE',  ( -0.000000000000000000, 0.000000000000000000, 1.000000000000000000 ) ) ;
#597 = CARTESIAN_POINT ( 'NONE',  ( 5.500000000000001776, -26.99999999999999645, 0.000000000000000000 ) ) ;
#598 = CARTESIAN_POINT ( 'NONE',  ( -5.999999999999999112, 39.75000000000000000, 0.000000000000000000 ) ) ;
#599 = AXIS2_PLACEMENT_3D ( 'NONE', #5193, #300, #7708 ) ;
#600 = CARTESIAN_POINT ( 'NONE',  ( 15.50000000000000000, -6.999999999999999112, 0.000000000000000000 ) ) ;
#601 = VERTEX_POINT ( 'NONE', #288 ) ;
#602 = ORIENTED_EDGE ( 'NONE', *, *, #5024, .F. ) ;
#603 = FACE_OUTER_BOUND ( 'NONE', #6598, .T. ) ;
#604 = CARTESIAN_POINT ( 'NONE',  ( 9.499999999999998224, 3.000000000000002665, 0.000000000000000000 ) ) ;
#605 = DIRECTION ( 'NONE',  ( -0.000000000000000000, 0.000000000000000000, 1.000000000000000000 ) ) ;
#606 = ORIENTED_EDGE ( 'NONE', *, *, #2780, .F. ) ;
#607 = EDGE_CURVE ( 'NONE', #7618, #466, #39, .T. ) ;
#608 = DIRECTION ( 'NONE',  ( -0.000000000000000000, 0.000000000000000000, 1.000000000000000000 ) ) ;
#609 = VERTEX_POINT ( 'NONE', #5223 ) ;
#610 = DIRECTION ( 'NONE',  ( 1.000000000000000000, 0.000000000000000000, 0.000000000000000000 ) ) ;
#611 = FACE_BOUND ( 'NONE', #3027, .T. ) ;
#612 = DIRECTION ( 'NONE',  ( 1.000000000000000000, 0.000000000000000000, 0.000000000000000000 ) ) ;
#613 = AXIS2_PLACEMENT_3D ( 'NONE', #3531, #7212, #1015 ) ;
#614 = CARTESIAN_POINT ( 'NONE',  ( -10.50000000000000000, -32.00000000000000000, -8.000000000000000000 ) ) ;
#615 = ORIENTED_EDGE ( 'NONE', *, *, #5443, .F. ) ;
#616 = AXIS2_PLACEMENT_3D ( 'NONE', #3690, #619, #3083 ) ;
#617 = EDGE_LOOP ( 'NONE', ( #1543, #6493 ) ) ;
#618 = ORIENTED_EDGE ( 'NONE', *, *, #1036, .F. ) ;
#619 = DIRECTION ( 'NONE',  ( -0.000000000000000000, -0.000000000000000000, 1.000000000000000000 ) ) ;
#620 = EDGE_CURVE ( 'NONE', #4901, #2810, #3817, .T. ) ;
#621 = CARTESIAN_POINT ( 'NONE',  ( 15.49999999999999645, 18.00000000000000355, -8.000000000000000000 ) ) ;
#622 = ORIENTED_EDGE ( 'NONE', *, *, #7218, .F. ) ;
#623 = EDGE_LOOP ( 'NONE', ( #4441, #3279, #2018, #2382 ) ) ;
#624 = DIRECTION ( 'NONE',  ( -0.000000000000000000, 0.000000000000000000, 1.000000000000000000 ) ) ;
#625 = VECTOR ( 'NONE', #6982, 1000.000000000000000 ) ;
#626 = ORIENTED_EDGE ( 'NONE', *, *, #5477, .T. ) ;
#627 = CARTESIAN_POINT ( 'NONE',  ( -9.500000000000001776, 23.00000000000000000, 2.000000000000000000 ) ) ;
#628 = EDGE_CURVE ( 'NONE', #1029, #7302, #1698, .T. ) ;
#629 = ORIENTED_EDGE ( 'NONE', *, *, #1748, .T. ) ;
#630 = LINE ( 'NONE', #6866, #6255 ) ;
#631 = CARTESIAN_POINT ( 'NONE',  ( 4.999999999999997335, 23.00000000000000000, -8.000000000000000000 ) ) ;
#632 = VERTEX_POINT ( 'NONE', #3444 ) ;
#633 = ADVANCED_FACE ( 'NONE', ( #5906 ), #1655, .F. ) ;
#634 = AXIS2_PLACEMENT_3D ( 'NONE', #2135, #394, #7840 ) ;
#635 = CARTESIAN_POINT ( 'NONE',  ( -18.50000000000000355, -38.50000000000000000, 0.000000000000000000 ) ) ;
#636 = ORIENTED_EDGE ( 'NONE', *, *, #6903, .T. ) ;
#637 = CARTESIAN_POINT ( 'NONE',  ( 17.30937500000000284, 38.50000000000000000, 2.000000000000000000 ) ) ;
#638 = CIRCLE ( 'NONE', #1652, 0.5000000000000004441 ) ;
#639 = DIRECTION ( 'NONE',  ( 0.000000000000000000, 0.000000000000000000, 1.000000000000000000 ) ) ;
#640 = LINE ( 'NONE', #7275, #2463 ) ;
#641 = AXIS2_PLACEMENT_3D ( 'NONE', #344, #5273, #1632 ) ;
#642 = CARTESIAN_POINT ( 'NONE',  ( 9.499999999999998224, 33.00000000000000000, 0.000000000000000000 ) ) ;
#643 = ORIENTED_EDGE ( 'NONE', *, *, #2690, .F. ) ;
#644 = DIRECTION ( 'NONE',  ( 0.000000000000000000, 0.000000000000000000, 1.000000000000000000 ) ) ;
#645 = DIRECTION ( 'NONE',  ( 1.000000000000000000, 0.000000000000000000, 0.000000000000000000 ) ) ;
#646 = FACE_OUTER_BOUND ( 'NONE', #6276, .T. ) ;
#647 = EDGE_LOOP ( 'NONE', ( #4195, #4405, #5544, #891 ) ) ;
#648 = EDGE_CURVE ( 'NONE', #5865, #3869, #1843, .T. ) ;
#649 = DIRECTION ( 'NONE',  ( 1.000000000000000000, 0.000000000000000000, 0.000000000000000000 ) ) ;
#650 = DIRECTION ( 'NONE',  ( -0.000000000000000000, -0.000000000000000000, 1.000000000000000000 ) ) ;
#651 = CARTESIAN_POINT ( 'NONE',  ( -20.99999999999999645, 41.25000000000000000, 2.000000000000000000 ) ) ;
#652 = CARTESIAN_POINT ( 'NONE',  ( 5.500000000000001776, -6.999999999999999112, -8.000000000000000000 ) ) ;
#653 = LINE ( 'NONE', #5666, #3654 ) ;
#654 = ORIENTED_EDGE ( 'NONE', *, *, #2007, .T. ) ;
#655 = ORIENTED_EDGE ( 'NONE', *, *, #2215, .F. ) ;
#656 = CIRCLE ( 'NONE', #789, 0.5000000000000004441 ) ;
#657 = EDGE_LOOP ( 'NONE', ( #4502, #2123, #2880, #6815 ) ) ;
#658 = CARTESIAN_POINT ( 'NONE',  ( 10.00000000000000178, -6.999999999999999112, 0.000000000000000000 ) ) ;
#659 = DIRECTION ( 'NONE',  ( -0.000000000000000000, -0.000000000000000000, 1.000000000000000000 ) ) ;
#660 = ORIENTED_EDGE ( 'NONE', *, *, #2456, .T. ) ;
#661 = EDGE_LOOP ( 'NONE', ( #4372, #3041, #523, #1149 ) ) ;
#662 = CARTESIAN_POINT ( 'NONE',  ( 15.00000000000000000, -26.99999999999999645, 2.000000000000000000 ) ) ;
#663 = AXIS2_PLACEMENT_3D ( 'NONE', #6409, #5829, #6481 ) ;
#664 = AXIS2_PLACEMENT_3D ( 'NONE', #2763, #5231, #1999 ) ;
#665 = COLOUR_RGB ( '',0.7921568627450980005, 0.8196078431372548767, 0.9333333333333333481 ) ;
#666 = ADVANCED_FACE ( 'NONE', ( #2914 ), #5375, .F. ) ;
#667 = EDGE_LOOP ( 'NONE', ( #6185, #1909 ) ) ;
#668 = CARTESIAN_POINT ( 'NONE',  ( 15.50000000000000000, -6.999999999999999112, -8.000000000000000000 ) ) ;
#669 = ORIENTED_EDGE ( 'NONE', *, *, #2384, .F. ) ;
#670 = DIRECTION ( 'NONE',  ( -0.000000000000000000, -0.000000000000000000, 1.000000000000000000 ) ) ;
#671 = CIRCLE ( 'NONE', #1685, 0.5000000000000004441 ) ;
#672 = LINE ( 'NONE', #6743, #7765 ) ;
#673 = VECTOR ( 'NONE', #1884, 1000.000000000000000 ) ;
#674 = VECTOR ( 'NONE', #6920, 1000.000000000000000 ) ;
#675 = EDGE_LOOP ( 'NONE', ( #990, #361, #2709, #7799, #3657, #3374, #4461, #3945 ) ) ;
#676 = AXIS2_PLACEMENT_3D ( 'NONE', #2563, #4302, #6171 ) ;
#677 = LINE ( 'NONE', #2529, #148 ) ;
#678 = ORIENTED_EDGE ( 'NONE', *, *, #1789, .T. ) ;
#679 = VECTOR ( 'NONE', #841, 1000.000000000000000 ) ;
#680 = VECTOR ( 'NONE', #1630, 1000.000000000000000 ) ;
#681 = DIRECTION ( 'NONE',  ( -0.000000000000000000, -0.000000000000000000, 1.000000000000000000 ) ) ;
#682 = EDGE_CURVE ( 'NONE', #205, #6832, #6028, .T. ) ;
#683 = CARTESIAN_POINT ( 'NONE',  ( 5.500000000000001776, -11.99999999999999645, 0.000000000000000000 ) ) ;
#684 = VECTOR ( 'NONE', #7309, 1000.000000000000000 ) ;
#685 = CARTESIAN_POINT ( 'NONE',  ( -1.734723475976807094E-15, -2.000000000000001776, 0.000000000000000000 ) ) ;
#686 = AXIS2_PLACEMENT_3D ( 'NONE', #6145, #644, #1850 ) ;
#687 = CIRCLE ( 'NONE', #4152, 0.5000000000000004441 ) ;
#688 = CYLINDRICAL_SURFACE ( 'NONE', #268, 0.5000000000000004441 ) ;
#689 = DIRECTION ( 'NONE',  ( -0.000000000000000000, -0.000000000000000000, 1.000000000000000000 ) ) ;
#690 = ORIENTED_EDGE ( 'NONE', *, *, #6318, .T. ) ;
#691 = ORIENTED_EDGE ( 'NONE', *, *, #7845, .T. ) ;
#692 = DIRECTION ( 'NONE',  ( -0.000000000000000000, 0.000000000000000000, 1.000000000000000000 ) ) ;
#693 = EDGE_CURVE ( 'NONE', #3413, #3067, #4117, .T. ) ;
#694 = DIRECTION ( 'NONE',  ( -0.000000000000000000, -0.000000000000000000, 1.000000000000000000 ) ) ;
#695 = AXIS2_PLACEMENT_3D ( 'NONE', #5330, #7808, #1085 ) ;
#696 = CARTESIAN_POINT ( 'NONE',  ( 9.499999999999998224, 18.00000000000000355, 2.000000000000000000 ) ) ;
#697 = ORIENTED_EDGE ( 'NONE', *, *, #3951, .T. ) ;
#698 = AXIS2_PLACEMENT_3D ( 'NONE', #5704, #1524, #3952 ) ;
#699 = CIRCLE ( 'NONE', #4944, 0.5000000000000004441 ) ;
#700 = EDGE_CURVE ( 'NONE', #6333, #6855, #4346, .T. ) ;
#701 = CARTESIAN_POINT ( 'NONE',  ( -1.734723475976807094E-15, 13.00000000000000178, -8.000000000000000000 ) ) ;
#702 = AXIS2_PLACEMENT_3D ( 'NONE', #3299, #5137, #5062 ) ;
#703 = ORIENTED_EDGE ( 'NONE', *, *, #172, .F. ) ;
#704 = DIRECTION ( 'NONE',  ( 1.000000000000000000, 0.000000000000000000, 0.000000000000000000 ) ) ;
#705 = FACE_OUTER_BOUND ( 'NONE', #3458, .T. ) ;
#706 = VECTOR ( 'NONE', #2405, 1000.000000000000000 ) ;
#707 = DIRECTION ( 'NONE',  ( 1.000000000000000000, 0.000000000000000000, 0.000000000000000000 ) ) ;
#708 = VERTEX_POINT ( 'NONE', #3999 ) ;
#709 = EDGE_CURVE ( 'NONE', #1181, #1245, #96, .T. ) ;
#710 = ORIENTED_EDGE ( 'NONE', *, *, #7845, .F. ) ;
#711 = ORIENTED_EDGE ( 'NONE', *, *, #2527, .F. ) ;
#712 = CARTESIAN_POINT ( 'NONE',  ( -14.50000000000000000, -22.00000000000000000, -8.000000000000000000 ) ) ;
#713 = ORIENTED_EDGE ( 'NONE', *, *, #1610, .T. ) ;
#714 = DIRECTION ( 'NONE',  ( -0.000000000000000000, -0.000000000000000000, 1.000000000000000000 ) ) ;
#715 = ORIENTED_EDGE ( 'NONE', *, *, #422, .F. ) ;
#716 = DIRECTION ( 'NONE',  ( -0.000000000000000000, -0.000000000000000000, 1.000000000000000000 ) ) ;
#717 = EDGE_LOOP ( 'NONE', ( #1651, #690 ) ) ;
#718 = FACE_OUTER_BOUND ( 'NONE', #5624, .T. ) ;
#719 = ORIENTED_EDGE ( 'NONE', *, *, #3827, .F. ) ;
#720 = ORIENTED_EDGE ( 'NONE', *, *, #4404, .T. ) ;
#721 = DIRECTION ( 'NONE',  ( -0.000000000000000000, -0.000000000000000000, 1.000000000000000000 ) ) ;
#722 = LINE ( 'NONE', #2533, #5857 ) ;
#723 = EDGE_CURVE ( 'NONE', #5742, #5255, #1903, .T. ) ;
#724 = EDGE_CURVE ( 'NONE', #3910, #5852, #7468, .T. ) ;
#725 = FACE_BOUND ( 'NONE', #3776, .T. ) ;
#726 = VECTOR ( 'NONE', #5607, 1000.000000000000000 ) ;
#727 = CARTESIAN_POINT ( 'NONE',  ( 5.500000000000001776, -17.00000000000000000, 2.000000000000000000 ) ) ;
#728 = ORIENTED_EDGE ( 'NONE', *, *, #6792, .T. ) ;
#729 = ORIENTED_EDGE ( 'NONE', *, *, #1135, .T. ) ;
#730 = DIRECTION ( 'NONE',  ( -0.000000000000000000, -0.000000000000000000, 1.000000000000000000 ) ) ;
#731 = AXIS2_PLACEMENT_3D ( 'NONE', #1581, #2793, #6692 ) ;
#732 = DIRECTION ( 'NONE',  ( 1.000000000000000000, 0.000000000000000000, 0.000000000000000000 ) ) ;
#733 = LINE ( 'NONE', #1339, #2745 ) ;
#734 = ORIENTED_EDGE ( 'NONE', *, *, #7687, .F. ) ;
#735 = CARTESIAN_POINT ( 'NONE',  ( -1.734723475976807094E-15, -2.000000000000001776, -8.000000000000000000 ) ) ;
#736 = DIRECTION ( 'NONE',  ( 1.000000000000000000, 0.000000000000000000, 0.000000000000000000 ) ) ;
#737 = CARTESIAN_POINT ( 'NONE',  ( 9.500000000000001776, -6.999999999999999112, 2.000000000000000000 ) ) ;
#738 = DIRECTION ( 'NONE',  ( 1.000000000000000000, 0.000000000000000000, 0.000000000000000000 ) ) ;
#739 = CYLINDRICAL_SURFACE ( 'NONE', #7536, 1.190625000000000711 ) ;
#740 = EDGE_LOOP ( 'NONE', ( #3363, #3251, #2734, #3464, #4424, #91, #4719, #3688, #7834, #2323, #4991, #1762 ) ) ;
#741 = ORIENTED_EDGE ( 'NONE', *, *, #1706, .F. ) ;
#742 = ADVANCED_FACE ( 'NONE', ( #1231 ), #6201, .F. ) ;
#743 = CARTESIAN_POINT ( 'NONE',  ( 0.000000000000000000, -32.00000000000000000, 0.000000000000000000 ) ) ;
#744 = ORIENTED_EDGE ( 'NONE', *, *, #5252, .F. ) ;
#745 = DIRECTION ( 'NONE',  ( -0.000000000000000000, -0.000000000000000000, 1.000000000000000000 ) ) ;
#746 = ORIENTED_EDGE ( 'NONE', *, *, #3877, .T. ) ;
#747 = DIRECTION ( 'NONE',  ( 1.000000000000000000, 0.000000000000000000, 0.000000000000000000 ) ) ;
#748 = ORIENTED_EDGE ( 'NONE', *, *, #1675, .T. ) ;
#749 = CARTESIAN_POINT ( 'NONE',  ( -1.734723475976807094E-15, 3.000000000000002665, 0.000000000000000000 ) ) ;
#750 = DIRECTION ( 'NONE',  ( 1.000000000000000000, 0.000000000000000000, 0.000000000000000000 ) ) ;
#751 = AXIS2_PLACEMENT_3D ( 'NONE', #5670, #7497, #5128 ) ;
#752 = ORIENTED_EDGE ( 'NONE', *, *, #3165, .F. ) ;
#753 = EDGE_CURVE ( 'NONE', #7891, #3864, #985, .T. ) ;
#754 = CARTESIAN_POINT ( 'NONE',  ( -18.50000000000000355, -38.50000000000000000, 2.000000000000000000 ) ) ;
#755 = VERTEX_POINT ( 'NONE', #2997 ) ;
#756 = DIRECTION ( 'NONE',  ( -0.000000000000000000, -0.000000000000000000, 1.000000000000000000 ) ) ;
#757 = FACE_OUTER_BOUND ( 'NONE', #2286, .T. ) ;
#758 = CIRCLE ( 'NONE', #4620, 0.5000000000000008882 ) ;
#759 = DIRECTION ( 'NONE',  ( 1.000000000000000000, 0.000000000000000000, 0.000000000000000000 ) ) ;
#760 = CARTESIAN_POINT ( 'NONE',  ( -17.30937500000000284, 38.50000000000000000, 2.000000000000000000 ) ) ;
#761 = APPLICATION_PROTOCOL_DEFINITION ( 'draft international standard', 'automotive_design', 1998, #7569 ) ;
#762 = VERTEX_POINT ( 'NONE', #3728 ) ;
#763 = ORIENTED_EDGE ( 'NONE', *, *, #2670, .T. ) ;
#764 = AXIS2_PLACEMENT_3D ( 'NONE', #3591, #3513, #1084 ) ;
#765 = EDGE_CURVE ( 'NONE', #1703, #3460, #6560, .T. ) ;
#766 = DIRECTION ( 'NONE',  ( 0.000000000000000000, 0.000000000000000000, 1.000000000000000000 ) ) ;
#767 = EDGE_CURVE ( 'NONE', #895, #6449, #1127, .T. ) ;
#768 = DIRECTION ( 'NONE',  ( -0.000000000000000000, 0.000000000000000000, 1.000000000000000000 ) ) ;
#769 = ORIENTED_EDGE ( 'NONE', *, *, #5615, .F. ) ;
#770 = CIRCLE ( 'NONE', #5141, 0.5000000000000004441 ) ;
#771 = FACE_OUTER_BOUND ( 'NONE', #3098, .T. ) ;
#772 = CARTESIAN_POINT ( 'NONE',  ( -10.00000000000000000, -22.00000000000000000, -8.000000000000000000 ) ) ;
#773 = DIRECTION ( 'NONE',  ( -0.000000000000000000, -0.000000000000000000, 1.000000000000000000 ) ) ;
#774 = CYLINDRICAL_SURFACE ( 'NONE', #3382, 0.5000000000000004441 ) ;
#775 = ORIENTED_EDGE ( 'NONE', *, *, #4920, .T. ) ;
#776 = ADVANCED_FACE ( 'NONE', ( #6248 ), #7897, .F. ) ;
#777 = ADVANCED_FACE ( 'NONE', ( #1823 ), #4290, .F. ) ;
#778 = CARTESIAN_POINT ( 'NONE',  ( -15.00000000000000355, 18.00000000000000355, 0.000000000000000000 ) ) ;
#779 = LINE ( 'NONE', #2665, #3424 ) ;
#780 = ORIENTED_EDGE ( 'NONE', *, *, #7544, .F. ) ;
#781 = DIRECTION ( 'NONE',  ( 1.000000000000000000, 0.000000000000000000, 0.000000000000000000 ) ) ;
#782 = CIRCLE ( 'NONE', #3359, 0.5000000000000004441 ) ;
#783 = ADVANCED_FACE ( 'NONE', ( #3880 ), #4488, .F. ) ;
#784 = DIRECTION ( 'NONE',  ( -0.000000000000000000, 0.000000000000000000, 1.000000000000000000 ) ) ;
#785 = VERTEX_POINT ( 'NONE', #5751 ) ;
#786 = CARTESIAN_POINT ( 'NONE',  ( -15.00000000000000178, 3.000000000000002665, -8.000000000000000000 ) ) ;
#787 = CARTESIAN_POINT ( 'NONE',  ( 4.999999999999997335, 3.000000000000002665, 2.000000000000000000 ) ) ;
#788 = ORIENTED_EDGE ( 'NONE', *, *, #6555, .F. ) ;
#789 = AXIS2_PLACEMENT_3D ( 'NONE', #4619, #7621, #2070 ) ;
#790 = VECTOR ( 'NONE', #3611, 1000.000000000000000 ) ;
#791 = EDGE_LOOP ( 'NONE', ( #5690, #2828 ) ) ;
#792 = CARTESIAN_POINT ( 'NONE',  ( 15.50000000000000000, -17.00000000000000000, -8.000000000000000000 ) ) ;
#793 = EDGE_CURVE ( 'NONE', #2275, #4769, #2274, .T. ) ;
#794 = AXIS2_PLACEMENT_3D ( 'NONE', #6861, #3403, #4491 ) ;
#795 = CIRCLE ( 'NONE', #1818, 0.5000000000000004441 ) ;
#796 = DIRECTION ( 'NONE',  ( 0.000000000000000000, 0.000000000000000000, 1.000000000000000000 ) ) ;
#797 = CARTESIAN_POINT ( 'NONE',  ( -4.999999999999999112, -32.00000000000000000, 0.000000000000000000 ) ) ;
#798 = DIRECTION ( 'NONE',  ( 0.000000000000000000, -1.000000000000000000, -0.000000000000000000 ) ) ;
#799 = PRODUCT_CONTEXT ( 'NONE', #4923, 'mechanical' ) ;
#800 = CIRCLE ( 'NONE', #4406, 0.5000000000000008882 ) ;
#801 = CIRCLE ( 'NONE', #535, 0.5000000000000004441 ) ;
#802 = EDGE_LOOP ( 'NONE', ( #2087, #7811 ) ) ;
#803 = ORIENTED_EDGE ( 'NONE', *, *, #6473, .T. ) ;
#804 = CARTESIAN_POINT ( 'NONE',  ( 10.49999999999999822, 18.00000000000000355, -8.000000000000000000 ) ) ;
#805 = UNCERTAINTY_MEASURE_WITH_UNIT (LENGTH_MEASURE( 1.000000000000000082E-05 ), #149, 'distance_accuracy_value', 'NONE');
#806 = CARTESIAN_POINT ( 'NONE',  ( 5.500000000000001776, -17.00000000000000000, -8.000000000000000000 ) ) ;
#807 = ORIENTED_EDGE ( 'NONE', *, *, #7705, .T. ) ;
#808 = AXIS2_PLACEMENT_3D ( 'NONE', #3470, #7805, #960 ) ;
#809 = AXIS2_PLACEMENT_3D ( 'NONE', #2928, #380, #6545 ) ;
#810 =( NAMED_UNIT ( * ) SI_UNIT ( $, .STERADIAN. ) SOLID_ANGLE_UNIT ( ) );
#811 = DIRECTION ( 'NONE',  ( -0.000000000000000000, -0.000000000000000000, 1.000000000000000000 ) ) ;
#812 = DIRECTION ( 'NONE',  ( -0.000000000000000000, 0.000000000000000000, 1.000000000000000000 ) ) ;
#813 = AXIS2_PLACEMENT_3D ( 'NONE', #5623, #5002, #7485 ) ;
#814 = CARTESIAN_POINT ( 'NONE',  ( -1.734723475976807094E-15, 13.00000000000000178, 0.000000000000000000 ) ) ;
#815 = AXIS2_PLACEMENT_3D ( 'NONE', #4359, #6933, #4887 ) ;
#816 = CARTESIAN_POINT ( 'NONE',  ( 4.999999999999997335, 33.00000000000000000, 2.000000000000000000 ) ) ;
#817 = VECTOR ( 'NONE', #4324, 1000.000000000000000 ) ;
#818 = EDGE_LOOP ( 'NONE', ( #3979, #5828, #3735, #5675 ) ) ;
#819 = DIRECTION ( 'NONE',  ( 1.000000000000000000, 0.000000000000000000, 0.000000000000000000 ) ) ;
#820 = CARTESIAN_POINT ( 'NONE',  ( -5.500000000000000000, -26.99999999999999645, 0.000000000000000000 ) ) ;
#821 = EDGE_CURVE ( 'NONE', #6529, #2689, #5782, .T. ) ;
#823 = ADVANCED_FACE ( 'NONE', ( #7009 ), #7652, .F. ) ;
#822 = ORIENTED_EDGE ( 'NONE', *, *, #6653, .T. ) ;
#824 = FACE_OUTER_BOUND ( 'NONE', #7401, .T. ) ;
#825 = ORIENTED_EDGE ( 'NONE', *, *, #1425, .F. ) ;
#826 = VECTOR ( 'NONE', #5120, 1000.000000000000000 ) ;
#827 = VERTEX_POINT ( 'NONE', #5789 ) ;
#828 = LINE ( 'NONE', #92, #1321 ) ;
#829 = VERTEX_POINT ( 'NONE', #4573 ) ;
#830 = DIRECTION ( 'NONE',  ( 0.000000000000000000, 0.000000000000000000, 1.000000000000000000 ) ) ;
#831 = ORIENTED_EDGE ( 'NONE', *, *, #4385, .T. ) ;
#832 = CARTESIAN_POINT ( 'NONE',  ( -14.50000000000000000, 8.000000000000000000, -8.000000000000000000 ) ) ;
#833 = ORIENTED_EDGE ( 'NONE', *, *, #1008, .T. ) ;
#834 = CARTESIAN_POINT ( 'NONE',  ( -15.50000000000000355, 33.00000000000000000, -8.000000000000000000 ) ) ;
#835 = CARTESIAN_POINT ( 'NONE',  ( -10.00000000000000178, 3.000000000000002665, 2.000000000000000000 ) ) ;
#836 = CARTESIAN_POINT ( 'NONE',  ( -14.50000000000000000, 13.00000000000000178, -8.000000000000000000 ) ) ;
#838 = EDGE_CURVE ( 'NONE', #4575, #3652, #5380, .T. ) ;
#837 = FACE_BOUND ( 'NONE', #1267, .T. ) ;
#839 = EDGE_CURVE ( 'NONE', #7302, #3793, #2668, .T. ) ;
#840 = DIRECTION ( 'NONE',  ( 1.000000000000000000, 0.000000000000000000, 0.000000000000000000 ) ) ;
#841 = DIRECTION ( 'NONE',  ( 1.000000000000000000, 0.000000000000000000, 0.000000000000000000 ) ) ;
#842 = VERTEX_POINT ( 'NONE', #195 ) ;
#843 = ORIENTED_EDGE ( 'NONE', *, *, #4254, .T. ) ;
#844 = DIRECTION ( 'NONE',  ( 1.000000000000000000, 0.000000000000000000, 0.000000000000000000 ) ) ;
#845 = LINE ( 'NONE', #6467, #1330 ) ;
#846 = ORIENTED_EDGE ( 'NONE', *, *, #3053, .F. ) ;
#847 = DIRECTION ( 'NONE',  ( -0.000000000000000000, 0.000000000000000000, -1.000000000000000000 ) ) ;
#848 = EDGE_CURVE ( 'NONE', #708, #4613, #3580, .T. ) ;
#849 = CARTESIAN_POINT ( 'NONE',  ( 10.49999999999999822, 3.000000000000002665, 2.000000000000000000 ) ) ;
#850 = CARTESIAN_POINT ( 'NONE',  ( 5.000000000000000888, -22.00000000000000000, 0.000000000000000000 ) ) ;
#851 = DIRECTION ( 'NONE',  ( 1.000000000000000000, 0.000000000000000000, 0.000000000000000000 ) ) ;
#852 = EDGE_CURVE ( 'NONE', #6030, #6265, #234, .T. ) ;
#853 = ORIENTED_EDGE ( 'NONE', *, *, #7933, .T. ) ;
#854 = DIRECTION ( 'NONE',  ( -0.000000000000000000, -0.000000000000000000, 1.000000000000000000 ) ) ;
#855 = EDGE_LOOP ( 'NONE', ( #1469, #6989 ) ) ;
#856 = CARTESIAN_POINT ( 'NONE',  ( -15.00000000000000178, 13.00000000000000178, 0.000000000000000000 ) ) ;
#857 = ORIENTED_EDGE ( 'NONE', *, *, #4220, .F. ) ;
#858 = CARTESIAN_POINT ( 'NONE',  ( -9.500000000000001776, 18.00000000000000355, 2.000000000000000000 ) ) ;
#859 = EDGE_CURVE ( 'NONE', #1347, #5053, #2550, .T. ) ;
#860 = ORIENTED_EDGE ( 'NONE', *, *, #7935, .T. ) ;
#861 = CARTESIAN_POINT ( 'NONE',  ( -10.00000000000000000, -32.00000000000000000, 2.000000000000000000 ) ) ;
#862 = CARTESIAN_POINT ( 'NONE',  ( -10.50000000000000000, -22.00000000000000000, 2.000000000000000000 ) ) ;
#863 = EDGE_LOOP ( 'NONE', ( #1527, #780 ) ) ;
#864 = CARTESIAN_POINT ( 'NONE',  ( -0.5000000000000043299, 23.00000000000000000, 0.000000000000000000 ) ) ;
#865 = DIRECTION ( 'NONE',  ( -0.000000000000000000, -0.000000000000000000, 1.000000000000000000 ) ) ;
#866 = ORIENTED_EDGE ( 'NONE', *, *, #4712, .T. ) ;
#867 = CYLINDRICAL_SURFACE ( 'NONE', #7244, 0.5000000000000004441 ) ;
#868 = EDGE_CURVE ( 'NONE', #7173, #2567, #2152, .T. ) ;
#869 = CARTESIAN_POINT ( 'NONE',  ( -0.5000000000000043299, 33.00000000000000000, -8.000000000000000000 ) ) ;
#870 = FACE_BOUND ( 'NONE', #1777, .T. ) ;
#871 = CARTESIAN_POINT ( 'NONE',  ( -10.50000000000000178, 23.00000000000000000, -8.000000000000000000 ) ) ;
#872 = ORIENTED_EDGE ( 'NONE', *, *, #6309, .F. ) ;
#873 = ORIENTED_EDGE ( 'NONE', *, *, #5425, .F. ) ;
#874 = DIRECTION ( 'NONE',  ( -0.000000000000000000, 0.000000000000000000, 1.000000000000000000 ) ) ;
#875 = CIRCLE ( 'NONE', #102, 0.5000000000000004441 ) ;
#876 = EDGE_CURVE ( 'NONE', #5958, #3793, #5149, .T. ) ;
#877 = DIRECTION ( 'NONE',  ( -0.000000000000000000, -0.000000000000000000, 1.000000000000000000 ) ) ;
#878 = VERTEX_POINT ( 'NONE', #5108 ) ;
#879 = CARTESIAN_POINT ( 'NONE',  ( 19.75000000000000000, 20.49999999999999645, -1.000000000000000000 ) ) ;
#880 = VECTOR ( 'NONE', #7196, 1000.000000000000000 ) ;
#881 = LINE ( 'NONE', #3354, #1571 ) ;
#882 = DIRECTION ( 'NONE',  ( 1.000000000000000000, 0.000000000000000000, 0.000000000000000000 ) ) ;
#883 = CARTESIAN_POINT ( 'NONE',  ( -10.00000000000000178, 28.00000000000000000, 0.000000000000000000 ) ) ;
#884 = ORIENTED_EDGE ( 'NONE', *, *, #1425, .T. ) ;
#885 = EDGE_CURVE ( 'NONE', #6073, #2410, #1769, .T. ) ;
#886 = AXIS2_PLACEMENT_3D ( 'NONE', #3676, #3913, #2041 ) ;
#887 = DIRECTION ( 'NONE',  ( 1.000000000000000000, 0.000000000000000000, 0.000000000000000000 ) ) ;
#888 = ORIENTED_EDGE ( 'NONE', *, *, #6277, .T. ) ;
#889 = CARTESIAN_POINT ( 'NONE',  ( 10.49999999999999822, 13.00000000000000178, 2.000000000000000000 ) ) ;
#890 = ADVANCED_FACE ( 'NONE', ( #4588 ), #6461, .F. ) ;
#891 = ORIENTED_EDGE ( 'NONE', *, *, #7791, .T. ) ;
#892 = VERTEX_POINT ( 'NONE', #253 ) ;
#893 = DIRECTION ( 'NONE',  ( 0.000000000000000000, 0.000000000000000000, 1.000000000000000000 ) ) ;
#894 = CARTESIAN_POINT ( 'NONE',  ( -6.299999999999995381, -14.05000000000000071, 0.000000000000000000 ) ) ;
#895 = VERTEX_POINT ( 'NONE', #3860 ) ;
#896 = DIRECTION ( 'NONE',  ( -0.000000000000000000, 0.000000000000000000, 1.000000000000000000 ) ) ;
#897 = ADVANCED_FACE ( 'NONE', ( #903 ), #2729, .F. ) ;
#898 = AXIS2_PLACEMENT_3D ( 'NONE', #6551, #4836, #2319 ) ;
#899 = CARTESIAN_POINT ( 'NONE',  ( -1.734723475976807094E-15, -2.000000000000001776, 2.000000000000000000 ) ) ;
#900 = EDGE_LOOP ( 'NONE', ( #1983, #2264 ) ) ;
#901 = DIRECTION ( 'NONE',  ( -0.000000000000000000, -0.000000000000000000, 1.000000000000000000 ) ) ;
#902 = AXIS2_PLACEMENT_3D ( 'NONE', #1132, #3412, #4046 ) ;
#903 = FACE_OUTER_BOUND ( 'NONE', #6413, .T. ) ;
#904 = FACE_BOUND ( 'NONE', #4892, .T. ) ;
#905 = ADVANCED_FACE ( 'NONE', ( #5233 ), #3309, .F. ) ;
#906 = DIRECTION ( 'NONE',  ( -0.000000000000000000, -0.000000000000000000, 1.000000000000000000 ) ) ;
#907 = DIRECTION ( 'NONE',  ( -0.000000000000000000, 0.000000000000000000, 1.000000000000000000 ) ) ;
#908 = ORIENTED_EDGE ( 'NONE', *, *, #5033, .T. ) ;
#909 = CIRCLE ( 'NONE', #7631, 0.5000000000000004441 ) ;
#910 = EDGE_CURVE ( 'NONE', #241, #969, #7627, .T. ) ;
#911 = AXIS2_PLACEMENT_3D ( 'NONE', #4503, #5805, #2644 ) ;
#912 = VECTOR ( 'NONE', #3950, 1000.000000000000000 ) ;
#913 = ORIENTED_EDGE ( 'NONE', *, *, #1187, .F. ) ;
#914 = CARTESIAN_POINT ( 'NONE',  ( 5.499999999999998224, -2.000000000000001776, -8.000000000000000000 ) ) ;
#915 = DIRECTION ( 'NONE',  ( -0.000000000000000000, 0.000000000000000000, 1.000000000000000000 ) ) ;
#916 = VERTEX_POINT ( 'NONE', #2120 ) ;
#917 = CARTESIAN_POINT ( 'NONE',  ( 14.99999999999999645, 8.000000000000000000, 0.000000000000000000 ) ) ;
#918 = ADVANCED_FACE ( 'NONE', ( #3904 ), #1546, .F. ) ;
#919 = DIRECTION ( 'NONE',  ( -0.000000000000000000, -0.000000000000000000, 1.000000000000000000 ) ) ;
#920 = DIRECTION ( 'NONE',  ( 1.000000000000000000, 0.000000000000000000, 0.000000000000000000 ) ) ;
#921 = CARTESIAN_POINT ( 'NONE',  ( 4.500000000000000888, -22.00000000000000000, 0.000000000000000000 ) ) ;
#922 = ADVANCED_FACE ( 'NONE', ( #4554 ), #945, .F. ) ;
#923 = VERTEX_POINT ( 'NONE', #2153 ) ;
#924 = VECTOR ( 'NONE', #2157, 1000.000000000000000 ) ;
#925 = FACE_OUTER_BOUND ( 'NONE', #2261, .T. ) ;
#926 = ORIENTED_EDGE ( 'NONE', *, *, #5382, .F. ) ;
#927 = AXIS2_PLACEMENT_3D ( 'NONE', #5394, #7872, #6712 ) ;
#928 = DIRECTION ( 'NONE',  ( 0.000000000000000000, 0.000000000000000000, 1.000000000000000000 ) ) ;
#929 = CIRCLE ( 'NONE', #7408, 0.5000000000000004441 ) ;
#930 = EDGE_CURVE ( 'NONE', #3107, #3994, #2192, .T. ) ;
#931 = CIRCLE ( 'NONE', #7914, 0.5000000000000004441 ) ;
#932 = ORIENTED_EDGE ( 'NONE', *, *, #3301, .F. ) ;
#933 = ORIENTED_EDGE ( 'NONE', *, *, #1829, .F. ) ;
#934 = VECTOR ( 'NONE', #1042, 1000.000000000000000 ) ;
#935 = ORIENTED_EDGE ( 'NONE', *, *, #3090, .F. ) ;
#936 = DIRECTION ( 'NONE',  ( 1.000000000000000000, 0.000000000000000000, 0.000000000000000000 ) ) ;
#937 = CIRCLE ( 'NONE', #1967, 0.5000000000000004441 ) ;
#938 = CARTESIAN_POINT ( 'NONE',  ( -5.000000000000002665, 33.00000000000000000, -8.000000000000000000 ) ) ;
#939 = EDGE_LOOP ( 'NONE', ( #729, #4165 ) ) ;
#940 = FACE_OUTER_BOUND ( 'NONE', #4942, .T. ) ;
#941 = CARTESIAN_POINT ( 'NONE',  ( 10.49999999999999822, 28.00000000000000000, 0.000000000000000000 ) ) ;
#942 = VERTEX_POINT ( 'NONE', #3270 ) ;
#943 = LINE ( 'NONE', #6036, #389 ) ;
#944 = EDGE_CURVE ( 'NONE', #3929, #1901, #5732, .T. ) ;
#945 = CYLINDRICAL_SURFACE ( 'NONE', #991, 0.5000000000000004441 ) ;
#946 = AXIS2_PLACEMENT_3D ( 'NONE', #1343, #3073, #5454 ) ;
#947 = FACE_BOUND ( 'NONE', #7105, .T. ) ;
#948 = CARTESIAN_POINT ( 'NONE',  ( -4.500000000000002665, 28.00000000000000000, 0.000000000000000000 ) ) ;
#949 = ORIENTED_EDGE ( 'NONE', *, *, #1540, .T. ) ;
#950 = DIRECTION ( 'NONE',  ( 0.000000000000000000, 0.000000000000000000, 1.000000000000000000 ) ) ;
#951 = VERTEX_POINT ( 'NONE', #6986 ) ;
#952 = CARTESIAN_POINT ( 'NONE',  ( 14.49999999999999467, 18.00000000000000355, -8.000000000000000000 ) ) ;
#953 = UNCERTAINTY_MEASURE_WITH_UNIT (LENGTH_MEASURE( 1.000000000000000082E-05 ), #7677, 'distance_accuracy_value', 'NONE');
#954 = CARTESIAN_POINT ( 'NONE',  ( -20.99999999999999645, 41.25000000000000000, 0.000000000000000000 ) ) ;
#955 = ORIENTED_EDGE ( 'NONE', *, *, #3509, .T. ) ;
#956 = EDGE_CURVE ( 'NONE', #7175, #2787, #1439, .T. ) ;
#957 = EDGE_CURVE ( 'NONE', #2052, #4699, #1477, .T. ) ;
#958 = LINE ( 'NONE', #2129, #5945 ) ;
#959 = CARTESIAN_POINT ( 'NONE',  ( -10.00000000000000000, -32.00000000000000000, 0.000000000000000000 ) ) ;
#960 = DIRECTION ( 'NONE',  ( 1.000000000000000000, 0.000000000000000000, 0.000000000000000000 ) ) ;
#961 = DIRECTION ( 'NONE',  ( 0.000000000000000000, 0.000000000000000000, 1.000000000000000000 ) ) ;
#962 = EDGE_CURVE ( 'NONE', #3460, #1703, #216, .T. ) ;
#963 = VERTEX_POINT ( 'NONE', #1625 ) ;
#964 = DIRECTION ( 'NONE',  ( -0.000000000000000000, -0.000000000000000000, 1.000000000000000000 ) ) ;
#965 = AXIS2_PLACEMENT_3D ( 'NONE', #1088, #5937, #4107 ) ;
#966 = VERTEX_POINT ( 'NONE', #4049 ) ;
#967 = CARTESIAN_POINT ( 'NONE',  ( -15.00000000000000355, 23.00000000000000000, 2.000000000000000000 ) ) ;
#968 = CIRCLE ( 'NONE', #3184, 0.5000000000000004441 ) ;
#969 = VERTEX_POINT ( 'NONE', #1713 ) ;
#970 = AXIS2_PLACEMENT_3D ( 'NONE', #3691, #7458, #3650 ) ;
#971 = ORIENTED_EDGE ( 'NONE', *, *, #3044, .F. ) ;
#972 = EDGE_LOOP ( 'NONE', ( #3725, #7034, #2425, #528 ) ) ;
#973 = EDGE_CURVE ( 'NONE', #3222, #3572, #5106, .T. ) ;
#974 = CARTESIAN_POINT ( 'NONE',  ( 10.00000000000000178, -11.99999999999999645, 2.000000000000000000 ) ) ;
#975 = ORIENTED_EDGE ( 'NONE', *, *, #3903, .T. ) ;
#976 = CIRCLE ( 'NONE', #5503, 2.000000000000001776 ) ;
#977 = DIRECTION ( 'NONE',  ( 1.000000000000000000, 0.000000000000000000, 0.000000000000000000 ) ) ;
#978 = DIRECTION ( 'NONE',  ( 1.000000000000000000, 0.000000000000000000, 0.000000000000000000 ) ) ;
#979 = EDGE_LOOP ( 'NONE', ( #5302, #1269, #6639, #5339 ) ) ;
#980 = DIRECTION ( 'NONE',  ( 1.000000000000000000, 0.000000000000000000, 0.000000000000000000 ) ) ;
#981 = ADVANCED_FACE ( 'NONE', ( #4826 ), #3613, .F. ) ;
#982 = DIRECTION ( 'NONE',  ( -0.000000000000000000, 0.000000000000000000, 1.000000000000000000 ) ) ;
#983 = DIRECTION ( 'NONE',  ( -0.000000000000000000, -0.000000000000000000, 1.000000000000000000 ) ) ;
#984 = VERTEX_POINT ( 'NONE', #6539 ) ;
#985 = CIRCLE ( 'NONE', #4481, 0.5000000000000004441 ) ;
#986 = CARTESIAN_POINT ( 'NONE',  ( -18.99999999999999289, -39.25000000000000000, 2.000000000000000000 ) ) ;
#987 = EDGE_LOOP ( 'NONE', ( #5291, #1162 ) ) ;
#988 = DIRECTION ( 'NONE',  ( 1.000000000000000000, 0.000000000000000000, 0.000000000000000000 ) ) ;
#989 = DIRECTION ( 'NONE',  ( -0.000000000000000000, -0.000000000000000000, 1.000000000000000000 ) ) ;
#990 = ORIENTED_EDGE ( 'NONE', *, *, #6962, .F. ) ;
#991 = AXIS2_PLACEMENT_3D ( 'NONE', #5266, #2079, #3416 ) ;
#992 = CARTESIAN_POINT ( 'NONE',  ( 15.49999999999999645, 3.000000000000002665, -8.000000000000000000 ) ) ;
#993 = DIRECTION ( 'NONE',  ( -1.000000000000000000, 0.000000000000000000, -0.000000000000000000 ) ) ;
#994 = DIRECTION ( 'NONE',  ( 1.000000000000000000, 0.000000000000000000, 0.000000000000000000 ) ) ;
#995 = EDGE_CURVE ( 'NONE', #69, #4314, #4781, .T. ) ;
#996 = ORIENTED_EDGE ( 'NONE', *, *, #2498, .T. ) ;
#997 = CIRCLE ( 'NONE', #4741, 1.190625000000000711 ) ;
#998 = DIRECTION ( 'NONE',  ( 1.000000000000000000, 0.000000000000000000, 0.000000000000000000 ) ) ;
#999 = DIRECTION ( 'NONE',  ( -0.000000000000000000, -0.000000000000000000, 1.000000000000000000 ) ) ;
#1000 = CARTESIAN_POINT ( 'NONE',  ( 10.00000000000000178, -17.00000000000000000, 2.000000000000000000 ) ) ;
#1001 = EDGE_LOOP ( 'NONE', ( #1467, #857 ) ) ;
#1002 = AXIS2_PLACEMENT_3D ( 'NONE', #7473, #2568, #7513 ) ;
#1003 = DIRECTION ( 'NONE',  ( 1.000000000000000000, 0.000000000000000000, 0.000000000000000000 ) ) ;
#1004 = ORIENTED_EDGE ( 'NONE', *, *, #1247, .T. ) ;
#1005 = CARTESIAN_POINT ( 'NONE',  ( -10.00000000000000178, 18.00000000000000355, -8.000000000000000000 ) ) ;
#1006 = FACE_BOUND ( 'NONE', #3235, .T. ) ;
#1007 = DIRECTION ( 'NONE',  ( -0.000000000000000000, 0.000000000000000000, 1.000000000000000000 ) ) ;
#1008 = EDGE_CURVE ( 'NONE', #1050, #6411, #2656, .T. ) ;
#1009 = ORIENTED_EDGE ( 'NONE', *, *, #254, .T. ) ;
#1010 = EDGE_CURVE ( 'NONE', #1901, #2393, #6563, .T. ) ;
#1011 = AXIS2_PLACEMENT_3D ( 'NONE', #1492, #4641, #2170 ) ;
#1012 = ORIENTED_EDGE ( 'NONE', *, *, #116, .F. ) ;
#1013 = ORIENTED_EDGE ( 'NONE', *, *, #7859, .T. ) ;
#1014 = EDGE_CURVE ( 'NONE', #87, #5971, #2397, .T. ) ;
#1015 = DIRECTION ( 'NONE',  ( 1.000000000000000000, 0.000000000000000000, 0.000000000000000000 ) ) ;
#1016 = ORIENTED_EDGE ( 'NONE', *, *, #7344, .F. ) ;
#1017 = CIRCLE ( 'NONE', #6198, 0.5000000000000004441 ) ;
#1018 = CARTESIAN_POINT ( 'NONE',  ( 4.999999999999997335, -2.000000000000001776, 2.000000000000000000 ) ) ;
#1019 = EDGE_CURVE ( 'NONE', #2242, #1863, #7182, .T. ) ;
#1020 = ORIENTED_EDGE ( 'NONE', *, *, #2456, .F. ) ;
#1021 = LINE ( 'NONE', #5303, #6992 ) ;
#1022 = EDGE_CURVE ( 'NONE', #3107, #2598, #6701, .T. ) ;
#1023 = DIRECTION ( 'NONE',  ( 1.000000000000000000, 0.000000000000000000, 0.000000000000000000 ) ) ;
#1024 = VECTOR ( 'NONE', #3623, 1000.000000000000000 ) ;
#1025 = CARTESIAN_POINT ( 'NONE',  ( -10.50000000000000178, 8.000000000000000000, 2.000000000000000000 ) ) ;
#1026 = EDGE_CURVE ( 'NONE', #4307, #5409, #3435, .T. ) ;
#1027 = EDGE_LOOP ( 'NONE', ( #4622, #6017 ) ) ;
#1028 = CARTESIAN_POINT ( 'NONE',  ( 0.5000000000000008882, -32.00000000000000000, 0.000000000000000000 ) ) ;
#1029 = VERTEX_POINT ( 'NONE', #375 ) ;
#1030 = FACE_OUTER_BOUND ( 'NONE', #4380, .T. ) ;
#1031 = CARTESIAN_POINT ( 'NONE',  ( -20.99999999999999645, 41.25000000000000000, 2.000000000000000000 ) ) ;
#1032 = EDGE_LOOP ( 'NONE', ( #1832, #6884 ) ) ;
#1033 = DIRECTION ( 'NONE',  ( 1.000000000000000000, 0.000000000000000000, 0.000000000000000000 ) ) ;
#1034 = AXIS2_PLACEMENT_3D ( 'NONE', #3337, #4583, #7059 ) ;
#1035 = AXIS2_PLACEMENT_3D ( 'NONE', #7258, #4174, #6660 ) ;
#1036 = EDGE_CURVE ( 'NONE', #1616, #1554, #976, .T. ) ;
#1037 = AXIS2_PLACEMENT_3D ( 'NONE', #3427, #2164, #4097 ) ;
#1038 = DIRECTION ( 'NONE',  ( 1.000000000000000000, 0.000000000000000000, 0.000000000000000000 ) ) ;
#1039 = ORIENTED_EDGE ( 'NONE', *, *, #170, .F. ) ;
#1040 = DIRECTION ( 'NONE',  ( 9.637352644315594010E-17, -1.000000000000000000, 0.000000000000000000 ) ) ;
#1041 = DIRECTION ( 'NONE',  ( -0.000000000000000000, 0.000000000000000000, 1.000000000000000000 ) ) ;
#1042 = DIRECTION ( 'NONE',  ( -0.000000000000000000, -0.000000000000000000, 1.000000000000000000 ) ) ;
#1043 = ORIENTED_EDGE ( 'NONE', *, *, #6356, .T. ) ;
#1044 = CIRCLE ( 'NONE', #397, 0.5000000000000008882 ) ;
#1045 = AXIS2_PLACEMENT_3D ( 'NONE', #6104, #4231, #566 ) ;
#1046 = VECTOR ( 'NONE', #5729, 1000.000000000000000 ) ;
#1047 = CIRCLE ( 'NONE', #5572, 0.5000000000000004441 ) ;
#1048 = DIRECTION ( 'NONE',  ( 0.000000000000000000, 0.000000000000000000, 1.000000000000000000 ) ) ;
#1049 = VECTOR ( 'NONE', #488, 1000.000000000000000 ) ;
#1050 = VERTEX_POINT ( 'NONE', #5917 ) ;
#1051 = CARTESIAN_POINT ( 'NONE',  ( -5.500000000000003553, 33.00000000000000000, 0.000000000000000000 ) ) ;
#1052 = FACE_BOUND ( 'NONE', #3711, .T. ) ;
#1053 = PLANE ( 'NONE',  #4160 ) ;
#1054 = VERTEX_POINT ( 'NONE', #6621 ) ;
#1055 = ORIENTED_EDGE ( 'NONE', *, *, #4569, .T. ) ;
#1056 = ORIENTED_EDGE ( 'NONE', *, *, #2080, .F. ) ;
#1057 = EDGE_CURVE ( 'NONE', #2278, #5641, #543, .T. ) ;
#1058 = EDGE_CURVE ( 'NONE', #1486, #1634, #6038, .T. ) ;
#1059 = CARTESIAN_POINT ( 'NONE',  ( 0.000000000000000000, -4.899999999999999467, 0.000000000000000000 ) ) ;
#1060 = CIRCLE ( 'NONE', #686, 0.5000000000000004441 ) ;
#1061 = VECTOR ( 'NONE', #5288, 1000.000000000000000 ) ;
#1062 = ORIENTED_EDGE ( 'NONE', *, *, #2321, .F. ) ;
#1063 = LINE ( 'NONE', #1188, #4260 ) ;
#1064 = AXIS2_PLACEMENT_3D ( 'NONE', #6396, #3948, #5778 ) ;
#1065 = EDGE_LOOP ( 'NONE', ( #6732, #3452 ) ) ;
#1066 = CIRCLE ( 'NONE', #5721, 0.5000000000000008882 ) ;
#1067 = DIRECTION ( 'NONE',  ( 0.000000000000000000, 0.000000000000000000, 1.000000000000000000 ) ) ;
#1068 = AXIS2_PLACEMENT_3D ( 'NONE', #3439, #447, #7207 ) ;
#1069 = FACE_OUTER_BOUND ( 'NONE', #1899, .T. ) ;
#1070 = CARTESIAN_POINT ( 'NONE',  ( -5.000000000000000888, 13.00000000000000178, 2.000000000000000000 ) ) ;
#1071 = AXIS2_PLACEMENT_3D ( 'NONE', #749, #4580, #3932 ) ;
#1072 = DIRECTION ( 'NONE',  ( 1.000000000000000000, 0.000000000000000000, 0.000000000000000000 ) ) ;
#1073 = ORIENTED_EDGE ( 'NONE', *, *, #6523, .F. ) ;
#1074 = FACE_OUTER_BOUND ( 'NONE', #1730, .T. ) ;
#1075 = ORIENTED_EDGE ( 'NONE', *, *, #7575, .F. ) ;
#1076 = CARTESIAN_POINT ( 'NONE',  ( -5.000000000000000888, -11.99999999999999645, 0.000000000000000000 ) ) ;
#1077 = CARTESIAN_POINT ( 'NONE',  ( 15.00000000000000000, -11.99999999999999645, 2.000000000000000000 ) ) ;
#1078 = ORIENTED_EDGE ( 'NONE', *, *, #2813, .F. ) ;
#1079 = EDGE_CURVE ( 'NONE', #2474, #3036, #6937, .T. ) ;
#1080 = DIRECTION ( 'NONE',  ( 1.000000000000000000, 0.000000000000000000, 0.000000000000000000 ) ) ;
#1081 = DIRECTION ( 'NONE',  ( 1.000000000000000000, 0.000000000000000000, 0.000000000000000000 ) ) ;
#1082 = ORIENTED_EDGE ( 'NONE', *, *, #2646, .F. ) ;
#1083 = CARTESIAN_POINT ( 'NONE',  ( 14.99999999999999645, 8.000000000000000000, 2.000000000000000000 ) ) ;
#1084 = DIRECTION ( 'NONE',  ( 1.000000000000000000, 0.000000000000000000, 0.000000000000000000 ) ) ;
#1085 = DIRECTION ( 'NONE',  ( 1.000000000000000000, 0.000000000000000000, 0.000000000000000000 ) ) ;
#1086 = ORIENTED_EDGE ( 'NONE', *, *, #7229, .T. ) ;
#1087 = EDGE_CURVE ( 'NONE', #2748, #2906, #4740, .T. ) ;
#1088 = CARTESIAN_POINT ( 'NONE',  ( 15.00000000000000000, -32.00000000000000000, 0.000000000000000000 ) ) ;
#1089 = VERTEX_POINT ( 'NONE', #2962 ) ;
#1090 = CARTESIAN_POINT ( 'NONE',  ( 0.4999999999999991673, 8.000000000000000000, 2.000000000000000000 ) ) ;
#1091 = FACE_BOUND ( 'NONE', #4218, .T. ) ;
#1092 = EDGE_CURVE ( 'NONE', #3442, #3982, #1367, .T. ) ;
#1093 = CARTESIAN_POINT ( 'NONE',  ( 9.999999999999998224, 28.00000000000000000, 0.000000000000000000 ) ) ;
#1094 = ORIENTED_EDGE ( 'NONE', *, *, #6400, .T. ) ;
#1095 = ORIENTED_EDGE ( 'NONE', *, *, #4122, .F. ) ;
#1096 = ORIENTED_EDGE ( 'NONE', *, *, #462, .F. ) ;
#1097 = AXIS2_PLACEMENT_3D ( 'NONE', #1770, #6723, #1298 ) ;
#1098 = CARTESIAN_POINT ( 'NONE',  ( 9.999999999999998224, 8.000000000000000000, -8.000000000000000000 ) ) ;
#1099 = CARTESIAN_POINT ( 'NONE',  ( 5.500000000000001776, -6.999999999999999112, 2.000000000000000000 ) ) ;
#1100 = ORIENTED_EDGE ( 'NONE', *, *, #4100, .T. ) ;
#1101 = FACE_BOUND ( 'NONE', #6593, .T. ) ;
#1102 = AXIS2_PLACEMENT_3D ( 'NONE', #3011, #4663, #5308 ) ;
#1103 = DIRECTION ( 'NONE',  ( 0.000000000000000000, 0.000000000000000000, 1.000000000000000000 ) ) ;
#1104 = AXIS2_PLACEMENT_3D ( 'NONE', #7132, #4169, #7295 ) ;
#1105 = ADVANCED_FACE ( 'NONE', ( #7909 ), #7789, .F. ) ;
#1106 = ORIENTED_EDGE ( 'NONE', *, *, #4601, .F. ) ;
#1107 = CARTESIAN_POINT ( 'NONE',  ( -6.299999999999995381, -14.05000000000000071, 0.000000000000000000 ) ) ;
#1108 = DIRECTION ( 'NONE',  ( 1.000000000000000000, 0.000000000000000000, 0.000000000000000000 ) ) ;
#1109 = DIRECTION ( 'NONE',  ( 0.000000000000000000, 1.000000000000000000, 0.000000000000000000 ) ) ;
#1110 = DIRECTION ( 'NONE',  ( -0.000000000000000000, -0.000000000000000000, 1.000000000000000000 ) ) ;
#1111 = VERTEX_POINT ( 'NONE', #7865 ) ;
#1112 = FACE_OUTER_BOUND ( 'NONE', #5098, .T. ) ;
#1113 = EDGE_LOOP ( 'NONE', ( #5383, #6124, #3164, #3783 ) ) ;
#1114 = CARTESIAN_POINT ( 'NONE',  ( 0.5000000000000008882, -26.99999999999999645, 2.000000000000000000 ) ) ;
#1115 = EDGE_CURVE ( 'NONE', #6855, #5207, #4375, .T. ) ;
#1116 = CARTESIAN_POINT ( 'NONE',  ( 5.499999999999998224, 33.00000000000000000, 2.000000000000000000 ) ) ;
#1117 = EDGE_CURVE ( 'NONE', #275, #1496, #4459, .T. ) ;
#1118 = DIRECTION ( 'NONE',  ( 0.000000000000000000, -0.000000000000000000, -1.000000000000000000 ) ) ;
#1119 = CARTESIAN_POINT ( 'NONE',  ( -5.000000000000002665, 33.00000000000000000, 0.000000000000000000 ) ) ;
#1120 = CIRCLE ( 'NONE', #6690, 0.5000000000000004441 ) ;
#1121 = ORIENTED_EDGE ( 'NONE', *, *, #2855, .F. ) ;
#1122 = VERTEX_POINT ( 'NONE', #6827 ) ;
#1123 = DIRECTION ( 'NONE',  ( 1.000000000000000000, 0.000000000000000000, 0.000000000000000000 ) ) ;
#1124 = DIRECTION ( 'NONE',  ( 1.000000000000000000, 0.000000000000000000, 0.000000000000000000 ) ) ;
#1125 = LINE ( 'NONE', #513, #4786 ) ;
#1126 = VERTEX_POINT ( 'NONE', #1322 ) ;
#1127 = CIRCLE ( 'NONE', #1900, 0.5000000000000004441 ) ;
#1128 = DIRECTION ( 'NONE',  ( 1.000000000000000000, 0.000000000000000000, 0.000000000000000000 ) ) ;
#1129 = VERTEX_POINT ( 'NONE', #3051 ) ;
#1130 = DIRECTION ( 'NONE',  ( 1.000000000000000000, 0.000000000000000000, 0.000000000000000000 ) ) ;
#1131 = FACE_BOUND ( 'NONE', #5340, .T. ) ;
#1132 = CARTESIAN_POINT ( 'NONE',  ( 14.99999999999999645, -2.000000000000001776, -8.000000000000000000 ) ) ;
#1133 = CARTESIAN_POINT ( 'NONE',  ( -6.299999999999995381, -20.54999999999999716, 2.000000000000000000 ) ) ;
#1134 = ORIENTED_EDGE ( 'NONE', *, *, #1117, .T. ) ;
#1135 = EDGE_CURVE ( 'NONE', #2030, #29, #2390, .T. ) ;
#1136 = ORIENTED_EDGE ( 'NONE', *, *, #6846, .T. ) ;
#1137 = CIRCLE ( 'NONE', #6569, 0.5000000000000004441 ) ;
#1138 = ORIENTED_EDGE ( 'NONE', *, *, #2638, .F. ) ;
#1139 = CARTESIAN_POINT ( 'NONE',  ( 0.000000000000000000, -26.99999999999999645, -8.000000000000000000 ) ) ;
#1140 = FACE_OUTER_BOUND ( 'NONE', #4936, .T. ) ;
#1141 = ORIENTED_EDGE ( 'NONE', *, *, #4778, .T. ) ;
#1142 = FACE_BOUND ( 'NONE', #97, .T. ) ;
#1143 = CARTESIAN_POINT ( 'NONE',  ( -15.00000000000000000, -32.00000000000000000, 0.000000000000000000 ) ) ;
#1144 = AXIS2_PLACEMENT_3D ( 'NONE', #5786, #230, #3954 ) ;
#1145 = ORIENTED_EDGE ( 'NONE', *, *, #2434, .F. ) ;
#1146 = CYLINDRICAL_SURFACE ( 'NONE', #1807, 0.5000000000000004441 ) ;
#1147 = VECTOR ( 'NONE', #6466, 1000.000000000000000 ) ;
#1148 = DIRECTION ( 'NONE',  ( 1.000000000000000000, 0.000000000000000000, 0.000000000000000000 ) ) ;
#1149 = ORIENTED_EDGE ( 'NONE', *, *, #4778, .F. ) ;
#1150 = EDGE_CURVE ( 'NONE', #5207, #1319, #3426, .T. ) ;
#1151 = FACE_OUTER_BOUND ( 'NONE', #3724, .T. ) ;
#1152 = ORIENTED_EDGE ( 'NONE', *, *, #5891, .T. ) ;
#1153 = DIRECTION ( 'NONE',  ( -0.000000000000000000, -0.000000000000000000, 1.000000000000000000 ) ) ;
#1154 = ORIENTED_EDGE ( 'NONE', *, *, #2552, .T. ) ;
#1155 = DIRECTION ( 'NONE',  ( -0.000000000000000000, -0.000000000000000000, 1.000000000000000000 ) ) ;
#1156 = DIRECTION ( 'NONE',  ( -0.000000000000000000, -0.000000000000000000, 1.000000000000000000 ) ) ;
#1157 = EDGE_CURVE ( 'NONE', #2651, #2756, #5877, .T. ) ;
#1158 = EDGE_CURVE ( 'NONE', #3926, #5353, #968, .T. ) ;
#1159 = CARTESIAN_POINT ( 'NONE',  ( -15.50000000000000355, 28.00000000000000000, -8.000000000000000000 ) ) ;
#1160 = DIRECTION ( 'NONE',  ( 1.000000000000000000, 0.000000000000000000, 0.000000000000000000 ) ) ;
#1161 = DIRECTION ( 'NONE',  ( 1.000000000000000000, 0.000000000000000000, 0.000000000000000000 ) ) ;
#1162 = ORIENTED_EDGE ( 'NONE', *, *, #2530, .T. ) ;
#1163 = AXIS2_PLACEMENT_3D ( 'NONE', #79, #3168, #610 ) ;
#1164 = DIRECTION ( 'NONE',  ( 1.000000000000000000, 0.000000000000000000, 0.000000000000000000 ) ) ;
#1165 = CARTESIAN_POINT ( 'NONE',  ( 9.999999999999998224, 28.00000000000000000, -8.000000000000000000 ) ) ;
#1166 = DIRECTION ( 'NONE',  ( -0.000000000000000000, -0.000000000000000000, 1.000000000000000000 ) ) ;
#1167 = VERTEX_POINT ( 'NONE', #3782 ) ;
#1168 = AXIS2_PLACEMENT_3D ( 'NONE', #2230, #7780, #6533 ) ;
#1169 = DIRECTION ( 'NONE',  ( 1.000000000000000000, 0.000000000000000000, 0.000000000000000000 ) ) ;
#1170 = EDGE_CURVE ( 'NONE', #1190, #1680, #323, .T. ) ;
#1171 = DIRECTION ( 'NONE',  ( -0.000000000000000000, 0.000000000000000000, 1.000000000000000000 ) ) ;
#1172 = DIRECTION ( 'NONE',  ( -1.000000000000000000, 0.000000000000000000, 0.000000000000000000 ) ) ;
#1173 = FACE_BOUND ( 'NONE', #2564, .T. ) ;
#1174 = CARTESIAN_POINT ( 'NONE',  ( 0.000000000000000000, -26.99999999999999645, 0.000000000000000000 ) ) ;
#1175 = CARTESIAN_POINT ( 'NONE',  ( -5.000000000000002665, 33.00000000000000000, -8.000000000000000000 ) ) ;
#1176 = VERTEX_POINT ( 'NONE', #3738 ) ;
#1177 = AXIS2_PLACEMENT_3D ( 'NONE', #5713, #163, #5054 ) ;
#1178 = AXIS2_PLACEMENT_3D ( 'NONE', #586, #11, #3092 ) ;
#1179 = AXIS2_PLACEMENT_3D ( 'NONE', #735, #5086, #5781 ) ;
#1180 = ORIENTED_EDGE ( 'NONE', *, *, #7202, .T. ) ;
#1181 = VERTEX_POINT ( 'NONE', #2398 ) ;
#1182 = DIRECTION ( 'NONE',  ( 1.000000000000000000, 0.000000000000000000, 0.000000000000000000 ) ) ;
#1183 = EDGE_CURVE ( 'NONE', #5113, #5012, #1877, .T. ) ;
#1184 = CARTESIAN_POINT ( 'NONE',  ( -9.500000000000001776, 28.00000000000000000, -8.000000000000000000 ) ) ;
#1185 = EDGE_LOOP ( 'NONE', ( #3888, #1220, #3126, #1274 ) ) ;
#1187 = EDGE_CURVE ( 'NONE', #7667, #1129, #1821, .T. ) ;
#1186 = ORIENTED_EDGE ( 'NONE', *, *, #885, .T. ) ;
#1188 = CARTESIAN_POINT ( 'NONE',  ( -5.500000000000001776, 8.000000000000000000, -8.000000000000000000 ) ) ;
#1189 = AXIS2_PLACEMENT_3D ( 'NONE', #2239, #7266, #7183 ) ;
#1190 = VERTEX_POINT ( 'NONE', #3698 ) ;
#1191 = CARTESIAN_POINT ( 'NONE',  ( -0.5000000000000008882, -26.99999999999999645, -8.000000000000000000 ) ) ;
#1192 = CYLINDRICAL_SURFACE ( 'NONE', #3005, 0.5000000000000004441 ) ;
#1193 = AXIS2_PLACEMENT_3D ( 'NONE', #4681, #2860, #998 ) ;
#1194 = AXIS2_PLACEMENT_3D ( 'NONE', #6795, #1880, #1282 ) ;
#1195 = DIRECTION ( 'NONE',  ( -0.000000000000000000, -0.000000000000000000, 1.000000000000000000 ) ) ;
#1196 = VERTEX_POINT ( 'NONE', #5022 ) ;
#1197 = AXIS2_PLACEMENT_3D ( 'NONE', #4477, #6148, #145 ) ;
#1198 = CYLINDRICAL_SURFACE ( 'NONE', #3508, 0.5000000000000004441 ) ;
#1199 = VECTOR ( 'NONE', #7003, 1000.000000000000000 ) ;
#1200 = EDGE_LOOP ( 'NONE', ( #5351, #3058, #1236, #2476 ) ) ;
#1201 = CARTESIAN_POINT ( 'NONE',  ( -15.00000000000000355, 18.00000000000000355, 2.000000000000000000 ) ) ;
#1202 = EDGE_CURVE ( 'NONE', #6480, #3148, #672, .T. ) ;
#1203 = ORIENTED_EDGE ( 'NONE', *, *, #3314, .F. ) ;
#1204 = DIRECTION ( 'NONE',  ( 1.000000000000000000, 0.000000000000000000, 0.000000000000000000 ) ) ;
#1205 = CARTESIAN_POINT ( 'NONE',  ( -5.000000000000002665, 18.00000000000000355, 0.000000000000000000 ) ) ;
#1206 = CARTESIAN_POINT ( 'NONE',  ( 5.000000000000000888, -11.99999999999999645, 0.000000000000000000 ) ) ;
#1207 = CIRCLE ( 'NONE', #3280, 0.5000000000000004441 ) ;
#1208 = CIRCLE ( 'NONE', #1707, 0.5000000000000004441 ) ;
#1209 = LINE ( 'NONE', #6836, #1024 ) ;
#1210 = CARTESIAN_POINT ( 'NONE',  ( -6.641006692158093472, 0.000000000000000000, 0.000000000000000000 ) ) ;
#1211 = LINE ( 'NONE', #1291, #6090 ) ;
#1212 = ORIENTED_EDGE ( 'NONE', *, *, #3165, .T. ) ;
#1213 = ORIENTED_EDGE ( 'NONE', *, *, #573, .T. ) ;
#1214 = DIRECTION ( 'NONE',  ( -0.000000000000000000, -0.000000000000000000, 1.000000000000000000 ) ) ;
#1215 = ADVANCED_FACE ( 'NONE', ( #6912 ), #2525, .F. ) ;
#1216 = CIRCLE ( 'NONE', #3153, 0.5000000000000008882 ) ;
#1217 = CYLINDRICAL_SURFACE ( 'NONE', #886, 0.5000000000000004441 ) ;
#1218 = ADVANCED_FACE ( 'NONE', ( #718 ), #3661, .F. ) ;
#1219 = DIRECTION ( 'NONE',  ( 1.000000000000000000, 0.000000000000000000, 0.000000000000000000 ) ) ;
#1220 = ORIENTED_EDGE ( 'NONE', *, *, #3064, .T. ) ;
#1221 = DIRECTION ( 'NONE',  ( 1.000000000000000000, 0.000000000000000000, 0.000000000000000000 ) ) ;
#1222 = DIRECTION ( 'NONE',  ( 1.000000000000000000, 0.000000000000000000, 0.000000000000000000 ) ) ;
#1223 = DIRECTION ( 'NONE',  ( 1.000000000000000000, 0.000000000000000000, 0.000000000000000000 ) ) ;
#1224 = DIRECTION ( 'NONE',  ( 1.000000000000000000, 0.000000000000000000, 0.000000000000000000 ) ) ;
#1225 = CARTESIAN_POINT ( 'NONE',  ( -15.50000000000000178, -6.999999999999999112, 0.000000000000000000 ) ) ;
#1226 = LINE ( 'NONE', #614, #283 ) ;
#1227 = ORIENTED_EDGE ( 'NONE', *, *, #7511, .T. ) ;
#1228 = ORIENTED_EDGE ( 'NONE', *, *, #3044, .T. ) ;
#1229 = ADVANCED_FACE ( 'NONE', ( #95 ), #1835, .F. ) ;
#1230 = VERTEX_POINT ( 'NONE', #4953 ) ;
#1231 = FACE_OUTER_BOUND ( 'NONE', #6781, .T. ) ;
#1232 = DIRECTION ( 'NONE',  ( -0.000000000000000000, -0.000000000000000000, 1.000000000000000000 ) ) ;
#1233 = ORIENTED_EDGE ( 'NONE', *, *, #2725, .F. ) ;
#1234 = ORIENTED_EDGE ( 'NONE', *, *, #2445, .T. ) ;
#1235 = CARTESIAN_POINT ( 'NONE',  ( 15.00000000000000000, -26.99999999999999645, 0.000000000000000000 ) ) ;
#1236 = ORIENTED_EDGE ( 'NONE', *, *, #141, .T. ) ;
#1237 = EDGE_LOOP ( 'NONE', ( #5647, #7189 ) ) ;
#1238 = CYLINDRICAL_SURFACE ( 'NONE', #5298, 0.5000000000000004441 ) ;
#1239 = VERTEX_POINT ( 'NONE', #3097 ) ;
#1240 = DIRECTION ( 'NONE',  ( -0.000000000000000000, -0.000000000000000000, 1.000000000000000000 ) ) ;
#1241 = DIRECTION ( 'NONE',  ( 1.000000000000000000, 0.000000000000000000, 0.000000000000000000 ) ) ;
#1242 = EDGE_LOOP ( 'NONE', ( #741, #3770, #908, #3830 ) ) ;
#1243 = CIRCLE ( 'NONE', #6002, 0.5000000000000004441 ) ;
#1244 = LINE ( 'NONE', #6176, #2084 ) ;
#1245 = VERTEX_POINT ( 'NONE', #5556 ) ;
#1246 = FACE_OUTER_BOUND ( 'NONE', #2424, .T. ) ;
#1247 = EDGE_CURVE ( 'NONE', #2341, #197, #4337, .T. ) ;
#1248 = DIRECTION ( 'NONE',  ( 1.000000000000000000, 0.000000000000000000, 0.000000000000000000 ) ) ;
#1249 = LINE ( 'NONE', #6181, #2976 ) ;
#1250 = CARTESIAN_POINT ( 'NONE',  ( -14.50000000000000000, 3.000000000000002665, -8.000000000000000000 ) ) ;
#1251 = ORIENTED_EDGE ( 'NONE', *, *, #2396, .T. ) ;
#1252 = EDGE_LOOP ( 'NONE', ( #846, #7459, #5391, #3802 ) ) ;
#1253 = CARTESIAN_POINT ( 'NONE',  ( -14.50000000000000178, 23.00000000000000000, -8.000000000000000000 ) ) ;
#1254 = DIRECTION ( 'NONE',  ( -0.000000000000000000, -0.000000000000000000, 1.000000000000000000 ) ) ;
#1255 = LINE ( 'NONE', #5695, #7538 ) ;
#1256 = ORIENTED_EDGE ( 'NONE', *, *, #1737, .F. ) ;
#1257 = DIRECTION ( 'NONE',  ( 1.000000000000000000, 0.000000000000000000, 0.000000000000000000 ) ) ;
#1258 = CIRCLE ( 'NONE', #5775, 0.5000000000000004441 ) ;
#1260 = EDGE_CURVE ( 'NONE', #3652, #4575, #4273, .T. ) ;
#1259 = VERTEX_POINT ( 'NONE', #1956 ) ;
#1261 = FACE_OUTER_BOUND ( 'NONE', #5897, .T. ) ;
#1262 = CARTESIAN_POINT ( 'NONE',  ( -1.734723475976807094E-15, -22.00000000000000000, 0.000000000000000000 ) ) ;
#1263 = DIRECTION ( 'NONE',  ( -0.000000000000000000, 0.000000000000000000, 1.000000000000000000 ) ) ;
#1264 = VERTEX_POINT ( 'NONE', #4863 ) ;
#1265 = AXIS2_PLACEMENT_3D ( 'NONE', #7735, #1579, #7131 ) ;
#1266 = ORIENTED_EDGE ( 'NONE', *, *, #6382, .F. ) ;
#1267 = EDGE_LOOP ( 'NONE', ( #1987, #655 ) ) ;
#1268 = CARTESIAN_POINT ( 'NONE',  ( 18.50000000000000355, -38.50000000000000000, 2.000000000000000000 ) ) ;
#1269 = ORIENTED_EDGE ( 'NONE', *, *, #6857, .F. ) ;
#1270 = VERTEX_POINT ( 'NONE', #1392 ) ;
#1271 = CARTESIAN_POINT ( 'NONE',  ( 18.50000000000000355, 38.50000000000000000, 2.000000000000000000 ) ) ;
#1272 = EDGE_CURVE ( 'NONE', #5272, #2650, #7255, .T. ) ;
#1273 = CIRCLE ( 'NONE', #2558, 0.5000000000000008882 ) ;
#1274 = ORIENTED_EDGE ( 'NONE', *, *, #6328, .F. ) ;
#1275 = LINE ( 'NONE', #5474, #5169 ) ;
#1276 = VERTEX_POINT ( 'NONE', #7093 ) ;
#1277 = CARTESIAN_POINT ( 'NONE',  ( -5.000000000000002665, 28.00000000000000000, 2.000000000000000000 ) ) ;
#1278 = ORIENTED_EDGE ( 'NONE', *, *, #6416, .T. ) ;
#1279 = AXIS2_PLACEMENT_3D ( 'NONE', #6101, #5980, #5404 ) ;
#1280 = EDGE_CURVE ( 'NONE', #2245, #1445, #2330, .T. ) ;
#1281 = ADVANCED_BREP_SHAPE_REPRESENTATION ( 'miniMZ holder lid', ( #2163, #7772 ), #6235 ) ;
#1282 = DIRECTION ( 'NONE',  ( 1.000000000000000000, 0.000000000000000000, 0.000000000000000000 ) ) ;
#1283 = EDGE_LOOP ( 'NONE', ( #1532, #6958, #3751, #1094 ) ) ;
#1284 = DIRECTION ( 'NONE',  ( -0.000000000000000000, -0.000000000000000000, 1.000000000000000000 ) ) ;
#1285 = AXIS2_PLACEMENT_3D ( 'NONE', #6843, #6230, #1295 ) ;
#1286 = CARTESIAN_POINT ( 'NONE',  ( -5.000000000000000888, -2.000000000000001776, 2.000000000000000000 ) ) ;
#1287 = DIRECTION ( 'NONE',  ( 1.000000000000000000, 0.000000000000000000, 0.000000000000000000 ) ) ;
#1288 = EDGE_CURVE ( 'NONE', #5875, #4881, #3851, .T. ) ;
#1289 = VECTOR ( 'NONE', #6586, 1000.000000000000000 ) ;
#1290 = DIRECTION ( 'NONE',  ( 1.000000000000000000, 0.000000000000000000, 0.000000000000000000 ) ) ;
#1291 = CARTESIAN_POINT ( 'NONE',  ( -14.50000000000000000, -6.999999999999999112, -8.000000000000000000 ) ) ;
#1292 = ORIENTED_EDGE ( 'NONE', *, *, #4474, .F. ) ;
#1293 = ORIENTED_EDGE ( 'NONE', *, *, #5915, .T. ) ;
#1294 = CARTESIAN_POINT ( 'NONE',  ( 0.5000000000000008882, -32.00000000000000000, -8.000000000000000000 ) ) ;
#1295 = DIRECTION ( 'NONE',  ( 1.000000000000000000, 0.000000000000000000, 0.000000000000000000 ) ) ;
#1296 = CARTESIAN_POINT ( 'NONE',  ( -6.641006692158093472, -3.050000000000000711, 0.000000000000000000 ) ) ;
#1297 = VERTEX_POINT ( 'NONE', #4581 ) ;
#1298 = DIRECTION ( 'NONE',  ( 1.000000000000000000, 0.000000000000000000, 0.000000000000000000 ) ) ;
#1299 = EDGE_LOOP ( 'NONE', ( #1463, #6184, #2038, #1043 ) ) ;
#1300 = VECTOR ( 'NONE', #3075, 1000.000000000000000 ) ;
#1301 = DIRECTION ( 'NONE',  ( -0.000000000000000000, -0.000000000000000000, 1.000000000000000000 ) ) ;
#1302 = FACE_BOUND ( 'NONE', #1027, .T. ) ;
#1303 = DIRECTION ( 'NONE',  ( -0.000000000000000000, 0.000000000000000000, 1.000000000000000000 ) ) ;
#1304 = ORIENTED_EDGE ( 'NONE', *, *, #1079, .F. ) ;
#1305 = ADVANCED_FACE ( 'NONE', ( #5099 ), #2112, .F. ) ;
#1306 = ORIENTED_EDGE ( 'NONE', *, *, #2258, .T. ) ;
#1307 = VECTOR ( 'NONE', #2302, 1000.000000000000000 ) ;
#1308 = VERTEX_POINT ( 'NONE', #6414 ) ;
#1309 = LINE ( 'NONE', #4408, #7964 ) ;
#1310 = VERTEX_POINT ( 'NONE', #7057 ) ;
#1311 = CARTESIAN_POINT ( 'NONE',  ( -10.50000000000000178, 8.000000000000000000, 0.000000000000000000 ) ) ;
#1312 = VECTOR ( 'NONE', #5673, 1000.000000000000000 ) ;
#1313 = AXIS2_PLACEMENT_3D ( 'NONE', #6060, #608, #649 ) ;
#1314 = EDGE_LOOP ( 'NONE', ( #3197, #2020, #933, #54 ) ) ;
#1315 = ADVANCED_FACE ( 'NONE', ( #6451 ), #7550, .F. ) ;
#1316 = ORIENTED_EDGE ( 'NONE', *, *, #5459, .T. ) ;
#1317 = DIRECTION ( 'NONE',  ( 1.000000000000000000, 0.000000000000000000, 0.000000000000000000 ) ) ;
#1318 = EDGE_CURVE ( 'NONE', #1126, #1419, #1258, .T. ) ;
#1319 = VERTEX_POINT ( 'NONE', #7701 ) ;
#1320 = DIRECTION ( 'NONE',  ( -0.000000000000000000, -0.000000000000000000, 1.000000000000000000 ) ) ;
#1321 = VECTOR ( 'NONE', #3849, 1000.000000000000000 ) ;
#1322 = CARTESIAN_POINT ( 'NONE',  ( 4.500000000000000888, -6.999999999999999112, 2.000000000000000000 ) ) ;
#1323 = VECTOR ( 'NONE', #3792, 1000.000000000000000 ) ;
#1324 = ORIENTED_EDGE ( 'NONE', *, *, #2829, .F. ) ;
#1325 = AXIS2_PLACEMENT_3D ( 'NONE', #127, #5181, #1426 ) ;
#1326 = DIRECTION ( 'NONE',  ( -0.000000000000000000, 1.000000000000000000, -0.000000000000000000 ) ) ;
#1327 = EDGE_LOOP ( 'NONE', ( #5289, #2950 ) ) ;
#1328 = DIRECTION ( 'NONE',  ( -0.000000000000000000, -0.000000000000000000, 1.000000000000000000 ) ) ;
#1329 = DIRECTION ( 'NONE',  ( 1.000000000000000000, 0.000000000000000000, 0.000000000000000000 ) ) ;
#1330 = VECTOR ( 'NONE', #3282, 1000.000000000000000 ) ;
#1331 = FACE_BOUND ( 'NONE', #5190, .T. ) ;
#1332 = LINE ( 'NONE', #4996, #7231 ) ;
#1333 = ORIENTED_EDGE ( 'NONE', *, *, #4113, .T. ) ;
#1334 = EDGE_LOOP ( 'NONE', ( #6211, #279 ) ) ;
#1335 = DIRECTION ( 'NONE',  ( -0.000000000000000000, -0.000000000000000000, 1.000000000000000000 ) ) ;
#1336 = CARTESIAN_POINT ( 'NONE',  ( -10.00000000000000178, 28.00000000000000000, 2.000000000000000000 ) ) ;
#1337 = VECTOR ( 'NONE', #6189, 1000.000000000000000 ) ;
#1338 = ADVANCED_FACE ( 'NONE', ( #1501 ), #3933, .F. ) ;
#1339 = CARTESIAN_POINT ( 'NONE',  ( -0.5000000000000026645, -17.00000000000000000, -8.000000000000000000 ) ) ;
#1340 = ORIENTED_EDGE ( 'NONE', *, *, #7782, .T. ) ;
#1341 = CIRCLE ( 'NONE', #3000, 0.5000000000000004441 ) ;
#1342 = DIRECTION ( 'NONE',  ( -0.000000000000000000, -0.000000000000000000, 1.000000000000000000 ) ) ;
#1343 = CARTESIAN_POINT ( 'NONE',  ( -10.00000000000000000, -32.00000000000000000, -8.000000000000000000 ) ) ;
#1344 = CYLINDRICAL_SURFACE ( 'NONE', #2707, 1.190625000000000711 ) ;
#1345 = DIRECTION ( 'NONE',  ( -0.000000000000000000, 0.000000000000000000, 1.000000000000000000 ) ) ;
#1346 = DIRECTION ( 'NONE',  ( 1.000000000000000000, 0.000000000000000000, 0.000000000000000000 ) ) ;
#1347 = VERTEX_POINT ( 'NONE', #3963 ) ;
#1348 = VERTEX_POINT ( 'NONE', #862 ) ;
#1349 = ADVANCED_FACE ( 'NONE', ( #6978 ), #3335, .F. ) ;
#1350 = DIRECTION ( 'NONE',  ( 1.000000000000000000, 0.000000000000000000, 0.000000000000000000 ) ) ;
#1351 = DIRECTION ( 'NONE',  ( -0.000000000000000000, 0.000000000000000000, 1.000000000000000000 ) ) ;
#1352 = ORIENTED_EDGE ( 'NONE', *, *, #2386, .T. ) ;
#1353 = EDGE_CURVE ( 'NONE', #3994, #1761, #5836, .T. ) ;
#1354 = PLANE ( 'NONE',  #6219 ) ;
#1355 = VERTEX_POINT ( 'NONE', #244 ) ;
#1356 = CARTESIAN_POINT ( 'NONE',  ( 5.000000000000000888, -22.00000000000000000, -8.000000000000000000 ) ) ;
#1357 = ORIENTED_EDGE ( 'NONE', *, *, #5348, .F. ) ;
#1358 = DIRECTION ( 'NONE',  ( 0.000000000000000000, 0.000000000000000000, 1.000000000000000000 ) ) ;
#1359 = DIRECTION ( 'NONE',  ( -0.000000000000000000, -0.000000000000000000, 1.000000000000000000 ) ) ;
#1360 = ORIENTED_EDGE ( 'NONE', *, *, #6177, .F. ) ;
#1361 = EDGE_CURVE ( 'NONE', #1089, #4314, #1120, .T. ) ;
#1362 = VERTEX_POINT ( 'NONE', #4544 ) ;
#1363 = DIRECTION ( 'NONE',  ( -0.000000000000000000, -0.000000000000000000, 1.000000000000000000 ) ) ;
#1364 = CYLINDRICAL_SURFACE ( 'NONE', #7545, 0.5000000000000004441 ) ;
#1365 = AXIS2_PLACEMENT_3D ( 'NONE', #7975, #7359, #77 ) ;
#1366 = DIRECTION ( 'NONE',  ( -0.000000000000000000, 0.000000000000000000, 1.000000000000000000 ) ) ;
#1367 = CIRCLE ( 'NONE', #6285, 0.5000000000000004441 ) ;
#1368 = DIRECTION ( 'NONE',  ( 1.000000000000000000, 0.000000000000000000, 0.000000000000000000 ) ) ;
#1369 =( NAMED_UNIT ( * ) SI_UNIT ( $, .STERADIAN. ) SOLID_ANGLE_UNIT ( ) );
#1370 = EDGE_CURVE ( 'NONE', #2853, #7277, #2146, .T. ) ;
#1371 = ORIENTED_EDGE ( 'NONE', *, *, #7797, .T. ) ;
#1372 = EDGE_CURVE ( 'NONE', #7843, #2513, #3300, .T. ) ;
#1373 = ORIENTED_EDGE ( 'NONE', *, *, #5407, .F. ) ;
#1374 = VECTOR ( 'NONE', #3084, 1000.000000000000000 ) ;
#1375 = CARTESIAN_POINT ( 'NONE',  ( -11.14100669215809347, -4.899999999999999467, 0.000000000000000000 ) ) ;
#1376 = CARTESIAN_POINT ( 'NONE',  ( -0.5000000000000008882, -26.99999999999999645, 2.000000000000000000 ) ) ;
#1377 = EDGE_LOOP ( 'NONE', ( #711, #3476, #7767, #7070 ) ) ;
#1378 = EDGE_CURVE ( 'NONE', #4709, #1506, #7198, .T. ) ;
#1379 = FACE_OUTER_BOUND ( 'NONE', #1575, .T. ) ;
#1380 = CARTESIAN_POINT ( 'NONE',  ( -1.734723475976807094E-15, 3.000000000000002665, 2.000000000000000000 ) ) ;
#1381 = EDGE_CURVE ( 'NONE', #963, #1969, #6433, .T. ) ;
#1382 = LINE ( 'NONE', #3918, #547 ) ;
#1383 = DIRECTION ( 'NONE',  ( 1.000000000000000000, 0.000000000000000000, 0.000000000000000000 ) ) ;
#1384 = VERTEX_POINT ( 'NONE', #2758 ) ;
#1385 = DIRECTION ( 'NONE',  ( 1.000000000000000000, 0.000000000000000000, 0.000000000000000000 ) ) ;
#1386 = ORIENTED_EDGE ( 'NONE', *, *, #7869, .F. ) ;
#1387 = CARTESIAN_POINT ( 'NONE',  ( -10.50000000000000178, 18.00000000000000355, -8.000000000000000000 ) ) ;
#1388 = ADVANCED_FACE ( 'NONE', ( #1536 ), #6486, .F. ) ;
#1389 = ORIENTED_EDGE ( 'NONE', *, *, #6382, .T. ) ;
#1390 = DIRECTION ( 'NONE',  ( 1.000000000000000000, 0.000000000000000000, 0.000000000000000000 ) ) ;
#1391 = ORIENTED_EDGE ( 'NONE', *, *, #7661, .T. ) ;
#1392 = CARTESIAN_POINT ( 'NONE',  ( 19.69062500000000426, 38.50000000000000000, 0.000000000000000000 ) ) ;
#1393 = ORIENTED_EDGE ( 'NONE', *, *, #7430, .T. ) ;
#1394 = ADVANCED_FACE ( 'NONE', ( #2182 ), #5994, .T. ) ;
#1395 = CARTESIAN_POINT ( 'NONE',  ( -5.500000000000003553, 23.00000000000000000, 2.000000000000000000 ) ) ;
#1396 = EDGE_LOOP ( 'NONE', ( #211, #4455 ) ) ;
#1397 = LINE ( 'NONE', #7062, #5041 ) ;
#1398 = VECTOR ( 'NONE', #5101, 1000.000000000000000 ) ;
#1399 = DIRECTION ( 'NONE',  ( -0.000000000000000000, -0.000000000000000000, 1.000000000000000000 ) ) ;
#1400 = FACE_BOUND ( 'NONE', #6568, .T. ) ;
#1401 = CARTESIAN_POINT ( 'NONE',  ( -3.469446951953614189E-15, 28.00000000000000000, -8.000000000000000000 ) ) ;
#1402 = ORIENTED_EDGE ( 'NONE', *, *, #1280, .F. ) ;
#1403 = ORIENTED_EDGE ( 'NONE', *, *, #6891, .T. ) ;
#1404 = AXIS2_PLACEMENT_3D ( 'NONE', #7649, #1458, #5893 ) ;
#1405 = LINE ( 'NONE', #804, #1147 ) ;
#1406 = CARTESIAN_POINT ( 'NONE',  ( 15.00000000000000000, -26.99999999999999645, 0.000000000000000000 ) ) ;
#1407 = VERTEX_POINT ( 'NONE', #1740 ) ;
#1408 = EDGE_CURVE ( 'NONE', #1816, #6265, #210, .T. ) ;
#1409 = EDGE_CURVE ( 'NONE', #4691, #275, #5870, .T. ) ;
#1410 = CIRCLE ( 'NONE', #4371, 0.5000000000000004441 ) ;
#1411 = DIRECTION ( 'NONE',  ( 1.000000000000000000, 0.000000000000000000, 0.000000000000000000 ) ) ;
#1412 = DIRECTION ( 'NONE',  ( 1.000000000000000000, 0.000000000000000000, 0.000000000000000000 ) ) ;
#1413 = CARTESIAN_POINT ( 'NONE',  ( 4.500000000000000888, -6.999999999999999112, -8.000000000000000000 ) ) ;
#1414 = FACE_OUTER_BOUND ( 'NONE', #2430, .T. ) ;
#1415 = DIRECTION ( 'NONE',  ( -0.000000000000000000, 0.000000000000000000, 1.000000000000000000 ) ) ;
#1416 = EDGE_LOOP ( 'NONE', ( #1095, #4047, #860, #6208 ) ) ;
#1417 = VECTOR ( 'NONE', #134, 1000.000000000000000 ) ;
#1418 = DIRECTION ( 'NONE',  ( 0.000000000000000000, 0.000000000000000000, 1.000000000000000000 ) ) ;
#1419 = VERTEX_POINT ( 'NONE', #1099 ) ;
#1420 = DIRECTION ( 'NONE',  ( 0.000000000000000000, 0.000000000000000000, 1.000000000000000000 ) ) ;
#1421 = AXIS2_PLACEMENT_3D ( 'NONE', #7041, #2699, #5210 ) ;
#1422 = EDGE_LOOP ( 'NONE', ( #287, #6617, #2716, #6559 ) ) ;
#1423 = DIRECTION ( 'NONE',  ( -0.000000000000000000, 0.000000000000000000, 1.000000000000000000 ) ) ;
#1424 = VERTEX_POINT ( 'NONE', #3567 ) ;
#1425 = EDGE_CURVE ( 'NONE', #7876, #1122, #1897, .T. ) ;
#1426 = DIRECTION ( 'NONE',  ( 1.000000000000000000, 0.000000000000000000, 0.000000000000000000 ) ) ;
#1427 = ORIENTED_EDGE ( 'NONE', *, *, #2497, .T. ) ;
#1428 = CIRCLE ( 'NONE', #1034, 0.5000000000000004441 ) ;
#1429 = AXIS2_PLACEMENT_3D ( 'NONE', #336, #1710, #2304 ) ;
#1430 = DIRECTION ( 'NONE',  ( 0.000000000000000000, -1.000000000000000000, 0.000000000000000000 ) ) ;
#1431 = AXIS2_PLACEMENT_3D ( 'NONE', #3706, #6050, #2449 ) ;
#1432 = DIRECTION ( 'NONE',  ( 1.000000000000000000, 1.927470528863118802E-16, 0.000000000000000000 ) ) ;
#1433 = ORIENTED_EDGE ( 'NONE', *, *, #3357, .T. ) ;
#1434 = CARTESIAN_POINT ( 'NONE',  ( 15.50000000000000000, -11.99999999999999645, -8.000000000000000000 ) ) ;
#1435 = VECTOR ( 'NONE', #2786, 1000.000000000000000 ) ;
#1436 = VECTOR ( 'NONE', #6293, 1000.000000000000000 ) ;
#1437 = AXIS2_PLACEMENT_3D ( 'NONE', #685, #7628, #7518 ) ;
#1438 = CIRCLE ( 'NONE', #1189, 0.5000000000000004441 ) ;
#1439 = LINE ( 'NONE', #836, #2025 ) ;
#1440 = FACE_BOUND ( 'NONE', #2483, .T. ) ;
#1441 = DIRECTION ( 'NONE',  ( 1.000000000000000000, 0.000000000000000000, 0.000000000000000000 ) ) ;
#1442 = ADVANCED_FACE ( 'NONE', ( #1618 ), #6029, .F. ) ;
#1443 = AXIS2_PLACEMENT_3D ( 'NONE', #1401, #6988, #1441 ) ;
#1444 = ORIENTED_EDGE ( 'NONE', *, *, #3700, .T. ) ;
#1445 = VERTEX_POINT ( 'NONE', #412 ) ;
#1446 = CARTESIAN_POINT ( 'NONE',  ( -10.00000000000000178, -11.99999999999999645, 0.000000000000000000 ) ) ;
#1447 = DIRECTION ( 'NONE',  ( 1.000000000000000000, 0.000000000000000000, 0.000000000000000000 ) ) ;
#1448 = ORIENTED_EDGE ( 'NONE', *, *, #700, .F. ) ;
#1449 = AXIS2_PLACEMENT_3D ( 'NONE', #1725, #4187, #2979 ) ;
#1450 = CARTESIAN_POINT ( 'NONE',  ( 15.50000000000000000, -22.00000000000000000, -8.000000000000000000 ) ) ;
#1451 = CARTESIAN_POINT ( 'NONE',  ( -1.734723475976807094E-15, 3.000000000000002665, 2.000000000000000000 ) ) ;
#1452 = CARTESIAN_POINT ( 'NONE',  ( 5.499999999999998224, 18.00000000000000355, 0.000000000000000000 ) ) ;
#1453 = CARTESIAN_POINT ( 'NONE',  ( 4.999999999999997335, 8.000000000000000000, 0.000000000000000000 ) ) ;
#1454 = EDGE_CURVE ( 'NONE', #6149, #364, #2879, .T. ) ;
#1455 = EDGE_CURVE ( 'NONE', #1348, #5720, #4539, .T. ) ;
#1456 = CARTESIAN_POINT ( 'NONE',  ( 10.00000000000000178, -6.999999999999999112, -8.000000000000000000 ) ) ;
#1457 = AXIS2_PLACEMENT_3D ( 'NONE', #2369, #3024, #5489 ) ;
#1458 = DIRECTION ( 'NONE',  ( 0.000000000000000000, 0.000000000000000000, 1.000000000000000000 ) ) ;
#1459 = CIRCLE ( 'NONE', #3524, 0.5000000000000004441 ) ;
#1460 = ORIENTED_EDGE ( 'NONE', *, *, #5736, .F. ) ;
#1461 = DIRECTION ( 'NONE',  ( 0.000000000000000000, 0.000000000000000000, 1.000000000000000000 ) ) ;
#1462 = CYLINDRICAL_SURFACE ( 'NONE', #5628, 0.5000000000000004441 ) ;
#1463 = ORIENTED_EDGE ( 'NONE', *, *, #5292, .F. ) ;
#1464 = CARTESIAN_POINT ( 'NONE',  ( -10.00000000000000178, 33.00000000000000000, 0.000000000000000000 ) ) ;
#1465 = ADVANCED_FACE ( 'NONE', ( #2955 ), #2915, .F. ) ;
#1466 = AXIS2_PLACEMENT_3D ( 'NONE', #6267, #5613, #4912 ) ;
#1467 = ORIENTED_EDGE ( 'NONE', *, *, #7455, .F. ) ;
#1468 = CARTESIAN_POINT ( 'NONE',  ( 5.999999999999998224, 41.25000000000000000, 0.000000000000000000 ) ) ;
#1469 = ORIENTED_EDGE ( 'NONE', *, *, #6903, .F. ) ;
#1470 = DIRECTION ( 'NONE',  ( -0.000000000000000000, -0.000000000000000000, 1.000000000000000000 ) ) ;
#1471 = DIRECTION ( 'NONE',  ( 1.000000000000000000, 0.000000000000000000, 0.000000000000000000 ) ) ;
#1472 = ORIENTED_EDGE ( 'NONE', *, *, #1202, .T. ) ;
#1473 = CYLINDRICAL_SURFACE ( 'NONE', #2971, 0.5000000000000004441 ) ;
#1474 = DIRECTION ( 'NONE',  ( 1.000000000000000000, 0.000000000000000000, 0.000000000000000000 ) ) ;
#1475 = VERTEX_POINT ( 'NONE', #5418 ) ;
#1476 = DIRECTION ( 'NONE',  ( 1.000000000000000000, 0.000000000000000000, 0.000000000000000000 ) ) ;
#1477 = LINE ( 'NONE', #869, #4067 ) ;
#1478 = FACE_BOUND ( 'NONE', #3678, .T. ) ;
#1479 = CARTESIAN_POINT ( 'NONE',  ( 9.999999999999998224, 18.00000000000000355, -8.000000000000000000 ) ) ;
#1480 = EDGE_CURVE ( 'NONE', #410, #3091, #5188, .T. ) ;
#1481 = EDGE_LOOP ( 'NONE', ( #3082, #1145 ) ) ;
#1482 = ORIENTED_EDGE ( 'NONE', *, *, #6962, .T. ) ;
#1483 = CARTESIAN_POINT ( 'NONE',  ( -0.5000000000000043299, 23.00000000000000000, -8.000000000000000000 ) ) ;
#1484 = CARTESIAN_POINT ( 'NONE',  ( 4.999999999999997335, 33.00000000000000000, 0.000000000000000000 ) ) ;
#1485 = VECTOR ( 'NONE', #5896, 1000.000000000000000 ) ;
#1486 = VERTEX_POINT ( 'NONE', #2263 ) ;
#1487 = PRESENTATION_STYLE_ASSIGNMENT (( #6398 ) ) ;
#1488 = EDGE_CURVE ( 'NONE', #6969, #6609, #5780, .T. ) ;
#1489 = AXIS2_PLACEMENT_3D ( 'NONE', #4894, #3175, #5636 ) ;
#1490 = CARTESIAN_POINT ( 'NONE',  ( -5.500000000000001776, -17.00000000000000000, -8.000000000000000000 ) ) ;
#1491 = DIRECTION ( 'NONE',  ( -0.000000000000000000, -0.000000000000000000, 1.000000000000000000 ) ) ;
#1492 = CARTESIAN_POINT ( 'NONE',  ( -5.000000000000000888, -17.00000000000000000, 0.000000000000000000 ) ) ;
#1493 = EDGE_LOOP ( 'NONE', ( #4057, #6762 ) ) ;
#1494 = EDGE_CURVE ( 'NONE', #5942, #5850, #7737, .T. ) ;
#1495 = DIRECTION ( 'NONE',  ( -0.000000000000000000, -0.000000000000000000, 1.000000000000000000 ) ) ;
#1496 = VERTEX_POINT ( 'NONE', #2228 ) ;
#1497 = CARTESIAN_POINT ( 'NONE',  ( -10.00000000000000000, -26.99999999999999645, 0.000000000000000000 ) ) ;
#1498 = VERTEX_POINT ( 'NONE', #7856 ) ;
#1499 = ORIENTED_EDGE ( 'NONE', *, *, #7500, .F. ) ;
#1500 = EDGE_LOOP ( 'NONE', ( #7366, #7213, #1592, #4985 ) ) ;
#1501 = FACE_OUTER_BOUND ( 'NONE', #4864, .T. ) ;
#1502 = EDGE_LOOP ( 'NONE', ( #372, #6691, #2310, #2073 ) ) ;
#1503 = ADVANCED_FACE ( 'NONE', ( #4695 ), #4770, .F. ) ;
#1504 = CYLINDRICAL_SURFACE ( 'NONE', #2060, 0.5000000000000004441 ) ;
#1505 = VECTOR ( 'NONE', #7619, 1000.000000000000000 ) ;
#1506 = VERTEX_POINT ( 'NONE', #4203 ) ;
#1507 = DIRECTION ( 'NONE',  ( 1.000000000000000000, 0.000000000000000000, 0.000000000000000000 ) ) ;
#1508 = AXIS2_PLACEMENT_3D ( 'NONE', #4449, #6319, #1350 ) ;
#1509 = CARTESIAN_POINT ( 'NONE',  ( -5.500000000000001776, -22.00000000000000000, -8.000000000000000000 ) ) ;
#1510 = EDGE_CURVE ( 'NONE', #4815, #479, #3046, .T. ) ;
#1511 = CARTESIAN_POINT ( 'NONE',  ( -3.469446951953614189E-15, 28.00000000000000000, -8.000000000000000000 ) ) ;
#1512 = CARTESIAN_POINT ( 'NONE',  ( -6.299999999999995381, -20.54999999999999716, 0.000000000000000000 ) ) ;
#1513 = ADVANCED_FACE ( 'NONE', ( #1140 ), #330, .F. ) ;
#1514 = EDGE_CURVE ( 'NONE', #3236, #1259, #7776, .T. ) ;
#1515 = ORIENTED_EDGE ( 'NONE', *, *, #6616, .F. ) ;
#1516 = ORIENTED_EDGE ( 'NONE', *, *, #6704, .T. ) ;
#1517 = DIRECTION ( 'NONE',  ( 1.000000000000000000, 0.000000000000000000, 0.000000000000000000 ) ) ;
#1518 = CIRCLE ( 'NONE', #3847, 0.5000000000000004441 ) ;
#1519 = CARTESIAN_POINT ( 'NONE',  ( -14.50000000000000000, 8.000000000000000000, 0.000000000000000000 ) ) ;
#1520 = VERTEX_POINT ( 'NONE', #6162 ) ;
#1521 = ADVANCED_FACE ( 'NONE', ( #4855 ), #3040, .F. ) ;
#1522 = DIRECTION ( 'NONE',  ( 1.000000000000000000, 0.000000000000000000, 0.000000000000000000 ) ) ;
#1523 = DIRECTION ( 'NONE',  ( 0.000000000000000000, 0.000000000000000000, 1.000000000000000000 ) ) ;
#1524 = DIRECTION ( 'NONE',  ( -0.000000000000000000, 0.000000000000000000, 1.000000000000000000 ) ) ;
#1525 = CYLINDRICAL_SURFACE ( 'NONE', #413, 0.5000000000000004441 ) ;
#1526 = DIRECTION ( 'NONE',  ( 0.000000000000000000, 0.000000000000000000, 1.000000000000000000 ) ) ;
#1527 = ORIENTED_EDGE ( 'NONE', *, *, #5928, .F. ) ;
#1528 = AXIS2_PLACEMENT_3D ( 'NONE', #1803, #7404, #1929 ) ;
#1529 = DIRECTION ( 'NONE',  ( 1.000000000000000000, 0.000000000000000000, 0.000000000000000000 ) ) ;
#1530 = ORIENTED_EDGE ( 'NONE', *, *, #2819, .F. ) ;
#1531 = DIRECTION ( 'NONE',  ( -0.000000000000000000, 0.000000000000000000, 1.000000000000000000 ) ) ;
#1532 = ORIENTED_EDGE ( 'NONE', *, *, #3853, .F. ) ;
#1533 = VERTEX_POINT ( 'NONE', #3605 ) ;
#1534 = EDGE_LOOP ( 'NONE', ( #582, #379 ) ) ;
#1535 = DIRECTION ( 'NONE',  ( 1.000000000000000000, 0.000000000000000000, 0.000000000000000000 ) ) ;
#1536 = FACE_OUTER_BOUND ( 'NONE', #6688, .T. ) ;
#1537 = ORIENTED_EDGE ( 'NONE', *, *, #7991, .F. ) ;
#1538 = LINE ( 'NONE', #3965, #7114 ) ;
#1539 = LINE ( 'NONE', #1774, #3108 ) ;
#1540 = EDGE_CURVE ( 'NONE', #4730, #500, #5234, .T. ) ;
#1541 = EDGE_CURVE ( 'NONE', #923, #4989, #6784, .T. ) ;
#1542 = VERTEX_POINT ( 'NONE', #4329 ) ;
#1543 = ORIENTED_EDGE ( 'NONE', *, *, #1600, .T. ) ;
#1544 = DIRECTION ( 'NONE',  ( 1.000000000000000000, 0.000000000000000000, 0.000000000000000000 ) ) ;
#1545 = AXIS2_PLACEMENT_3D ( 'NONE', #1143, #2881, #4172 ) ;
#1546 = CYLINDRICAL_SURFACE ( 'NONE', #599, 0.5000000000000008882 ) ;
#1547 = FACE_BOUND ( 'NONE', #1697, .T. ) ;
#1548 = LINE ( 'NONE', #3457, #7391 ) ;
#1549 = ORIENTED_EDGE ( 'NONE', *, *, #6902, .F. ) ;
#1550 = AXIS2_PLACEMENT_3D ( 'NONE', #2947, #2333, #6564 ) ;
#1551 = AXIS2_PLACEMENT_3D ( 'NONE', #7426, #6129, #538 ) ;
#1552 = DIRECTION ( 'NONE',  ( 1.000000000000000000, 0.000000000000000000, 0.000000000000000000 ) ) ;
#1553 = AXIS2_PLACEMENT_3D ( 'NONE', #2657, #6892, #2581 ) ;
#1554 = VERTEX_POINT ( 'NONE', #4244 ) ;
#1555 = CARTESIAN_POINT ( 'NONE',  ( -15.50000000000000355, 23.00000000000000000, 2.000000000000000000 ) ) ;
#1556 = CARTESIAN_POINT ( 'NONE',  ( -14.50000000000000178, 18.00000000000000355, 2.000000000000000000 ) ) ;
#1557 = ORIENTED_EDGE ( 'NONE', *, *, #910, .F. ) ;
#1558 = DIRECTION ( 'NONE',  ( -0.000000000000000000, -0.000000000000000000, 1.000000000000000000 ) ) ;
#1559 = VECTOR ( 'NONE', #6552, 1000.000000000000000 ) ;
#1560 = AXIS2_PLACEMENT_3D ( 'NONE', #3155, #4386, #6881 ) ;
#1561 = CARTESIAN_POINT ( 'NONE',  ( -20.99999999999999289, -39.25000000000000000, 0.000000000000000000 ) ) ;
#1562 = EDGE_CURVE ( 'NONE', #6916, #1696, #2478, .T. ) ;
#1563 = DIRECTION ( 'NONE',  ( 0.000000000000000000, 0.000000000000000000, 1.000000000000000000 ) ) ;
#1564 = DIRECTION ( 'NONE',  ( 1.000000000000000000, 0.000000000000000000, 0.000000000000000000 ) ) ;
#1565 = ORIENTED_EDGE ( 'NONE', *, *, #3303, .F. ) ;
#1566 = CIRCLE ( 'NONE', #7908, 0.5000000000000004441 ) ;
#1567 = DIRECTION ( 'NONE',  ( 0.000000000000000000, -1.000000000000000000, 0.000000000000000000 ) ) ;
#1568 = ORIENTED_EDGE ( 'NONE', *, *, #852, .T. ) ;
#1569 = CIRCLE ( 'NONE', #7861, 0.5000000000000004441 ) ;
#1570 = CARTESIAN_POINT ( 'NONE',  ( 14.49999999999999467, 8.000000000000000000, 2.000000000000000000 ) ) ;
#1571 = VECTOR ( 'NONE', #773, 1000.000000000000000 ) ;
#1572 = AXIS2_PLACEMENT_3D ( 'NONE', #1734, #2223, #2293 ) ;
#1573 = ORIENTED_EDGE ( 'NONE', *, *, #7358, .T. ) ;
#1574 = ADVANCED_FACE ( 'NONE', ( #5546 ), #4940, .F. ) ;
#1575 = EDGE_LOOP ( 'NONE', ( #5364, #4693, #3259, #831 ) ) ;
#1576 = AXIS2_PLACEMENT_3D ( 'NONE', #2111, #893, #7056 ) ;
#1577 = VECTOR ( 'NONE', #5659, 1000.000000000000000 ) ;
#1578 = ORIENTED_EDGE ( 'NONE', *, *, #7051, .T. ) ;
#1579 = DIRECTION ( 'NONE',  ( -0.000000000000000000, 0.000000000000000000, 1.000000000000000000 ) ) ;
#1580 = AXIS2_PLACEMENT_3D ( 'NONE', #3549, #2898, #7193 ) ;
#1581 = CARTESIAN_POINT ( 'NONE',  ( 9.999999999999998224, 28.00000000000000000, 0.000000000000000000 ) ) ;
#1582 = ORIENTED_EDGE ( 'NONE', *, *, #3747, .F. ) ;
#1583 = CARTESIAN_POINT ( 'NONE',  ( -5.500000000000001776, 8.000000000000000000, 2.000000000000000000 ) ) ;
#1584 = DIRECTION ( 'NONE',  ( 1.000000000000000000, 0.000000000000000000, 0.000000000000000000 ) ) ;
#1585 = AXIS2_PLACEMENT_3D ( 'NONE', #7603, #4520, #7002 ) ;
#1586 = ORIENTED_EDGE ( 'NONE', *, *, #848, .T. ) ;
#1587 = FACE_OUTER_BOUND ( 'NONE', #7186, .T. ) ;
#1588 = CARTESIAN_POINT ( 'NONE',  ( 10.00000000000000178, -32.00000000000000000, 0.000000000000000000 ) ) ;
#1589 = AXIS2_PLACEMENT_3D ( 'NONE', #2419, #4321, #7412 ) ;
#1590 = EDGE_CURVE ( 'NONE', #2242, #6019, #5507, .T. ) ;
#1591 = DIRECTION ( 'NONE',  ( 0.000000000000000000, 0.000000000000000000, 1.000000000000000000 ) ) ;
#1592 = ORIENTED_EDGE ( 'NONE', *, *, #409, .F. ) ;
#1593 = DIRECTION ( 'NONE',  ( -0.000000000000000000, 0.000000000000000000, 1.000000000000000000 ) ) ;
#1594 = VERTEX_POINT ( 'NONE', #6818 ) ;
#1595 = DIRECTION ( 'NONE',  ( -0.000000000000000000, -0.000000000000000000, 1.000000000000000000 ) ) ;
#1596 = CARTESIAN_POINT ( 'NONE',  ( -9.500000000000001776, 28.00000000000000000, 2.000000000000000000 ) ) ;
#1597 = VERTEX_POINT ( 'NONE', #1779 ) ;
#1598 = CARTESIAN_POINT ( 'NONE',  ( 5.000000000000000888, -6.999999999999999112, -8.000000000000000000 ) ) ;
#1599 = EDGE_CURVE ( 'NONE', #6718, #3977, #6733, .T. ) ;
#1600 = EDGE_CURVE ( 'NONE', #3527, #755, #325, .T. ) ;
#1601 = CARTESIAN_POINT ( 'NONE',  ( 19.75000000000000000, 34.50000000000000000, 2.000000000000000000 ) ) ;
#1602 = CARTESIAN_POINT ( 'NONE',  ( -5.500000000000000000, -32.00000000000000000, 0.000000000000000000 ) ) ;
#1603 = CARTESIAN_POINT ( 'NONE',  ( 19.75000000000000000, 34.50000000000000000, -1.000000000000000000 ) ) ;
#1604 = DIRECTION ( 'NONE',  ( -0.000000000000000000, 0.000000000000000000, 1.000000000000000000 ) ) ;
#1605 = EDGE_CURVE ( 'NONE', #3864, #3673, #1945, .T. ) ;
#1606 = DIRECTION ( 'NONE',  ( 1.000000000000000000, 0.000000000000000000, 0.000000000000000000 ) ) ;
#1607 = ORIENTED_EDGE ( 'NONE', *, *, #3204, .F. ) ;
#1608 = CARTESIAN_POINT ( 'NONE',  ( -6.641006692158093472, 0.000000000000000000, 2.000000000000000000 ) ) ;
#1609 = CIRCLE ( 'NONE', #1365, 0.5000000000000004441 ) ;
#1610 = EDGE_CURVE ( 'NONE', #3742, #4699, #1745, .T. ) ;
#1611 = EDGE_LOOP ( 'NONE', ( #7307, #4036, #7571, #6125 ) ) ;
#1612 = DIRECTION ( 'NONE',  ( -0.000000000000000000, 0.000000000000000000, 1.000000000000000000 ) ) ;
#1613 = FACE_BOUND ( 'NONE', #987, .T. ) ;
#1614 = CARTESIAN_POINT ( 'NONE',  ( 10.49999999999999822, 8.000000000000000000, -8.000000000000000000 ) ) ;
#1615 = ORIENTED_EDGE ( 'NONE', *, *, #7197, .T. ) ;
#1616 = VERTEX_POINT ( 'NONE', #7498 ) ;
#1617 = ORIENTED_EDGE ( 'NONE', *, *, #5983, .T. ) ;
#1618 = FACE_OUTER_BOUND ( 'NONE', #3481, .T. ) ;
#1619 = EDGE_LOOP ( 'NONE', ( #7620, #7118 ) ) ;
#1620 = ADVANCED_FACE ( 'NONE', ( #1824 ), #48, .F. ) ;
#1621 = PLANE ( 'NONE',  #7235 ) ;
#1622 = ORIENTED_EDGE ( 'NONE', *, *, #4835, .F. ) ;
#1623 = CARTESIAN_POINT ( 'NONE',  ( 0.4999999999999991673, -11.99999999999999645, 0.000000000000000000 ) ) ;
#1624 = CARTESIAN_POINT ( 'NONE',  ( -15.00000000000000355, 18.00000000000000355, -8.000000000000000000 ) ) ;
#1625 = CARTESIAN_POINT ( 'NONE',  ( 4.499999999999997335, 33.00000000000000000, 0.000000000000000000 ) ) ;
#1626 = AXIS2_PLACEMENT_3D ( 'NONE', #7581, #2027, #2715 ) ;
#1627 = DIRECTION ( 'NONE',  ( -0.000000000000000000, 0.000000000000000000, 1.000000000000000000 ) ) ;
#1628 = ORIENTED_EDGE ( 'NONE', *, *, #839, .F. ) ;
#1629 = VECTOR ( 'NONE', #3407, 1000.000000000000000 ) ;
#1630 = DIRECTION ( 'NONE',  ( -0.000000000000000000, -0.000000000000000000, 1.000000000000000000 ) ) ;
#1631 = VERTEX_POINT ( 'NONE', #4979 ) ;
#1632 = DIRECTION ( 'NONE',  ( 1.000000000000000000, 0.000000000000000000, 0.000000000000000000 ) ) ;
#1633 = DIRECTION ( 'NONE',  ( 1.000000000000000000, 0.000000000000000000, 0.000000000000000000 ) ) ;
#1634 = VERTEX_POINT ( 'NONE', #6858 ) ;
#1635 = CARTESIAN_POINT ( 'NONE',  ( 14.99999999999999645, 8.000000000000000000, 0.000000000000000000 ) ) ;
#1636 = CARTESIAN_POINT ( 'NONE',  ( -20.30000000000000071, -14.05000000000000071, 0.000000000000000000 ) ) ;
#1637 = ORIENTED_EDGE ( 'NONE', *, *, #255, .F. ) ;
#1638 = AXIS2_PLACEMENT_3D ( 'NONE', #5143, #98, #7584 ) ;
#1639 = CARTESIAN_POINT ( 'NONE',  ( -10.50000000000000178, 13.00000000000000178, 2.000000000000000000 ) ) ;
#1640 = EDGE_CURVE ( 'NONE', #3848, #448, #1309, .T. ) ;
#1641 = DIRECTION ( 'NONE',  ( 1.000000000000000000, 0.000000000000000000, 0.000000000000000000 ) ) ;
#1642 = EDGE_CURVE ( 'NONE', #2052, #4415, #2006, .T. ) ;
#1643 = CARTESIAN_POINT ( 'NONE',  ( -14.50000000000000000, -22.00000000000000000, 0.000000000000000000 ) ) ;
#1644 = ORIENTED_EDGE ( 'NONE', *, *, #4930, .T. ) ;
#1645 = CIRCLE ( 'NONE', #4625, 0.5000000000000004441 ) ;
#1646 = CARTESIAN_POINT ( 'NONE',  ( 4.999999999999997335, 18.00000000000000355, 2.000000000000000000 ) ) ;
#1647 = ORIENTED_EDGE ( 'NONE', *, *, #5592, .F. ) ;
#1648 = DIRECTION ( 'NONE',  ( -0.000000000000000000, -0.000000000000000000, 1.000000000000000000 ) ) ;
#1649 = FACE_BOUND ( 'NONE', #199, .T. ) ;
#1650 = DIRECTION ( 'NONE',  ( -0.000000000000000000, 0.000000000000000000, 1.000000000000000000 ) ) ;
#1651 = ORIENTED_EDGE ( 'NONE', *, *, #5534, .T. ) ;
#1652 = AXIS2_PLACEMENT_3D ( 'NONE', #6764, #3755, #3798 ) ;
#1653 = ORIENTED_EDGE ( 'NONE', *, *, #3622, .T. ) ;
#1654 = VERTEX_POINT ( 'NONE', #2554 ) ;
#1655 = CYLINDRICAL_SURFACE ( 'NONE', #424, 0.5000000000000004441 ) ;
#1656 = DIRECTION ( 'NONE',  ( 0.000000000000000000, 0.000000000000000000, 1.000000000000000000 ) ) ;
#1657 = ORIENTED_EDGE ( 'NONE', *, *, #4835, .T. ) ;
#1658 = VECTOR ( 'NONE', #7917, 1000.000000000000000 ) ;
#1659 = DIRECTION ( 'NONE',  ( 1.000000000000000000, 0.000000000000000000, 0.000000000000000000 ) ) ;
#1660 = ORIENTED_EDGE ( 'NONE', *, *, #3729, .F. ) ;
#1661 = LINE ( 'NONE', #4623, #2840 ) ;
#1662 = EDGE_CURVE ( 'NONE', #984, #5464, #6072, .T. ) ;
#1663 = CARTESIAN_POINT ( 'NONE',  ( -6.299999999999995381, -14.05000000000000071, 0.000000000000000000 ) ) ;
#1664 = VECTOR ( 'NONE', #6313, 1000.000000000000000 ) ;
#1665 = CARTESIAN_POINT ( 'NONE',  ( -4.500000000000002665, 18.00000000000000355, 0.000000000000000000 ) ) ;
#1666 = ORIENTED_EDGE ( 'NONE', *, *, #1057, .T. ) ;
#1667 = DIRECTION ( 'NONE',  ( 1.000000000000000000, 0.000000000000000000, 0.000000000000000000 ) ) ;
#1668 = VERTEX_POINT ( 'NONE', #2999 ) ;
#1669 = DIRECTION ( 'NONE',  ( 0.000000000000000000, -0.000000000000000000, -1.000000000000000000 ) ) ;
#1670 = EDGE_CURVE ( 'NONE', #1654, #892, #5467, .T. ) ;
#1671 = CIRCLE ( 'NONE', #6215, 2.000000000000001776 ) ;
#1672 = FACE_OUTER_BOUND ( 'NONE', #12, .T. ) ;
#1673 = ORIENTED_EDGE ( 'NONE', *, *, #4264, .T. ) ;
#1674 = CARTESIAN_POINT ( 'NONE',  ( -5.500000000000000000, -32.00000000000000000, 2.000000000000000000 ) ) ;
#1675 = EDGE_CURVE ( 'NONE', #7638, #1784, #6541, .T. ) ;
#1676 = VECTOR ( 'NONE', #714, 1000.000000000000000 ) ;
#1677 = CIRCLE ( 'NONE', #2196, 0.5000000000000004441 ) ;
#1678 = AXIS2_PLACEMENT_3D ( 'NONE', #5322, #5927, #7801 ) ;
#1679 = DIRECTION ( 'NONE',  ( -0.000000000000000000, 0.000000000000000000, 1.000000000000000000 ) ) ;
#1680 = VERTEX_POINT ( 'NONE', #5216 ) ;
#1681 = CARTESIAN_POINT ( 'NONE',  ( 10.49999999999999822, 13.00000000000000178, 0.000000000000000000 ) ) ;
#1682 = DIRECTION ( 'NONE',  ( -0.000000000000000000, -0.000000000000000000, 1.000000000000000000 ) ) ;
#1683 = DIRECTION ( 'NONE',  ( -0.000000000000000000, 0.000000000000000000, 1.000000000000000000 ) ) ;
#1684 = ORIENTED_EDGE ( 'NONE', *, *, #5759, .F. ) ;
#1685 = AXIS2_PLACEMENT_3D ( 'NONE', #1731, #7768, #4236 ) ;
#1686 = AXIS2_PLACEMENT_3D ( 'NONE', #6976, #4538, #1606 ) ;
#1687 = CIRCLE ( 'NONE', #2827, 0.5000000000000004441 ) ;
#1688 = CIRCLE ( 'NONE', #1828, 0.5000000000000004441 ) ;
#1689 = LINE ( 'NONE', #7165, #1485 ) ;
#1691 = EDGE_CURVE ( 'NONE', #7961, #878, #7573, .T. ) ;
#1690 = ORIENTED_EDGE ( 'NONE', *, *, #5843, .T. ) ;
#1692 = PLANE ( 'NONE',  #4779 ) ;
#1693 = FACE_BOUND ( 'NONE', #2621, .T. ) ;
#1694 = DIRECTION ( 'NONE',  ( 1.000000000000000000, 0.000000000000000000, 0.000000000000000000 ) ) ;
#1695 = EDGE_LOOP ( 'NONE', ( #6428, #5755 ) ) ;
#1696 = VERTEX_POINT ( 'NONE', #7539 ) ;
#1697 = EDGE_LOOP ( 'NONE', ( #7804, #4837 ) ) ;
#1698 = LINE ( 'NONE', #329, #7790 ) ;
#1699 = AXIS2_PLACEMENT_3D ( 'NONE', #4653, #4732, #7249 ) ;
#1700 = AXIS2_PLACEMENT_3D ( 'NONE', #3914, #4598, #2809 ) ;
#1701 = DIRECTION ( 'NONE',  ( -0.000000000000000000, -0.000000000000000000, 1.000000000000000000 ) ) ;
#1702 = VECTOR ( 'NONE', #4570, 1000.000000000000000 ) ;
#1703 = VERTEX_POINT ( 'NONE', #7653 ) ;
#1704 = FACE_BOUND ( 'NONE', #7454, .T. ) ;
#1705 = CARTESIAN_POINT ( 'NONE',  ( -0.5000000000000026645, -22.00000000000000000, 2.000000000000000000 ) ) ;
#1706 = EDGE_CURVE ( 'NONE', #755, #5865, #3214, .T. ) ;
#1707 = AXIS2_PLACEMENT_3D ( 'NONE', #6679, #1683, #6016 ) ;
#1708 = VERTEX_POINT ( 'NONE', #6288 ) ;
#1709 = CIRCLE ( 'NONE', #7786, 0.5000000000000004441 ) ;
#1710 = DIRECTION ( 'NONE',  ( -0.000000000000000000, -0.000000000000000000, 1.000000000000000000 ) ) ;
#1711 = ADVANCED_FACE ( 'NONE', ( #5671 ), #6940, .F. ) ;
#1712 = DIRECTION ( 'NONE',  ( 1.000000000000000000, 0.000000000000000000, 0.000000000000000000 ) ) ;
#1713 = CARTESIAN_POINT ( 'NONE',  ( -4.500000000000000888, 3.000000000000002665, 2.000000000000000000 ) ) ;
#1714 = CIRCLE ( 'NONE', #7145, 1.999999999999998224 ) ;
#1715 = LINE ( 'NONE', #2925, #4010 ) ;
#1716 = ORIENTED_EDGE ( 'NONE', *, *, #7463, .T. ) ;
#1717 = FACE_OUTER_BOUND ( 'NONE', #6585, .T. ) ;
#1718 = ORIENTED_EDGE ( 'NONE', *, *, #3801, .F. ) ;
#1719 = CARTESIAN_POINT ( 'NONE',  ( 4.499999999999997335, 33.00000000000000000, -8.000000000000000000 ) ) ;
#1720 = DIRECTION ( 'NONE',  ( 0.000000000000000000, -1.000000000000000000, 0.000000000000000000 ) ) ;
#1721 = LINE ( 'NONE', #1159, #6331 ) ;
#1722 = EDGE_CURVE ( 'NONE', #6665, #5817, #456, .T. ) ;
#1723 = CYLINDRICAL_SURFACE ( 'NONE', #5458, 0.5000000000000004441 ) ;
#1724 = ORIENTED_EDGE ( 'NONE', *, *, #6051, .F. ) ;
#1725 = CARTESIAN_POINT ( 'NONE',  ( -15.00000000000000178, -2.000000000000001776, -8.000000000000000000 ) ) ;
#1726 = FACE_OUTER_BOUND ( 'NONE', #6134, .T. ) ;
#1727 = CARTESIAN_POINT ( 'NONE',  ( 5.999999999999998224, 41.25000000000000000, 2.000000000000000000 ) ) ;
#1728 = VERTEX_POINT ( 'NONE', #119 ) ;
#1729 = CARTESIAN_POINT ( 'NONE',  ( -10.50000000000000178, 8.000000000000000000, -8.000000000000000000 ) ) ;
#1730 = EDGE_LOOP ( 'NONE', ( #2142, #4599, #7522, #1373 ) ) ;
#1731 = CARTESIAN_POINT ( 'NONE',  ( 9.999999999999998224, -2.000000000000001776, 2.000000000000000000 ) ) ;
#1732 = FACE_BOUND ( 'NONE', #2435, .T. ) ;
#1733 = CARTESIAN_POINT ( 'NONE',  ( 15.49999999999999645, 3.000000000000002665, 0.000000000000000000 ) ) ;
#1734 = CARTESIAN_POINT ( 'NONE',  ( 15.00000000000000000, -6.999999999999999112, 2.000000000000000000 ) ) ;
#1735 = ORIENTED_EDGE ( 'NONE', *, *, #5232, .F. ) ;
#1736 = ORIENTED_EDGE ( 'NONE', *, *, #584, .F. ) ;
#1737 = EDGE_CURVE ( 'NONE', #3689, #5766, #3250, .T. ) ;
#1738 = ORIENTED_EDGE ( 'NONE', *, *, #3378, .T. ) ;
#1739 = AXIS2_PLACEMENT_3D ( 'NONE', #6772, #3072, #1221 ) ;
#1740 = CARTESIAN_POINT ( 'NONE',  ( -9.500000000000001776, -11.99999999999999645, 2.000000000000000000 ) ) ;
#1741 = EDGE_LOOP ( 'NONE', ( #4185, #660, #6979, #7733 ) ) ;
#1742 = FACE_BOUND ( 'NONE', #2549, .T. ) ;
#1743 = VECTOR ( 'NONE', #423, 1000.000000000000000 ) ;
#1744 = LINE ( 'NONE', #6033, #5035 ) ;
#1745 = CIRCLE ( 'NONE', #4977, 0.5000000000000008882 ) ;
#1746 = EDGE_LOOP ( 'NONE', ( #4608, #450, #3294, #7417 ) ) ;
#1747 = DIRECTION ( 'NONE',  ( -0.000000000000000000, -0.000000000000000000, 1.000000000000000000 ) ) ;
#1748 = EDGE_CURVE ( 'NONE', #5488, #7331, #5096, .T. ) ;
#1749 = EDGE_CURVE ( 'NONE', #561, #5646, #2590, .T. ) ;
#1750 = DIRECTION ( 'NONE',  ( 0.000000000000000000, 0.000000000000000000, 1.000000000000000000 ) ) ;
#1751 = ORIENTED_EDGE ( 'NONE', *, *, #1260, .T. ) ;
#1752 = CARTESIAN_POINT ( 'NONE',  ( 10.00000000000000178, -22.00000000000000000, -8.000000000000000000 ) ) ;
#1753 = ORIENTED_EDGE ( 'NONE', *, *, #1381, .T. ) ;
#1754 = CARTESIAN_POINT ( 'NONE',  ( -5.000000000000000888, -2.000000000000001776, -8.000000000000000000 ) ) ;
#1755 = VERTEX_POINT ( 'NONE', #4607 ) ;
#1756 = CARTESIAN_POINT ( 'NONE',  ( -10.00000000000000000, -26.99999999999999645, 0.000000000000000000 ) ) ;
#1757 = DIRECTION ( 'NONE',  ( 1.000000000000000000, 0.000000000000000000, 0.000000000000000000 ) ) ;
#1758 = EDGE_CURVE ( 'NONE', #2650, #5272, #4056, .T. ) ;
#1759 = CARTESIAN_POINT ( 'NONE',  ( 19.00000000000000355, 39.25000000000000000, 0.000000000000000000 ) ) ;
#1760 = CYLINDRICAL_SURFACE ( 'NONE', #2584, 0.5000000000000004441 ) ;
#1761 = VERTEX_POINT ( 'NONE', #3924 ) ;
#1762 = ORIENTED_EDGE ( 'NONE', *, *, #7705, .F. ) ;
#1763 = DIRECTION ( 'NONE',  ( 1.000000000000000000, 0.000000000000000000, 0.000000000000000000 ) ) ;
#1764 = DIRECTION ( 'NONE',  ( -0.000000000000000000, -0.000000000000000000, 1.000000000000000000 ) ) ;
#1765 = AXIS2_PLACEMENT_3D ( 'NONE', #5347, #2236, #6082 ) ;
#1766 = CARTESIAN_POINT ( 'NONE',  ( 0.000000000000000000, -26.99999999999999645, 2.000000000000000000 ) ) ;
#1767 = ORIENTED_EDGE ( 'NONE', *, *, #3064, .F. ) ;
#1768 = ADVANCED_FACE ( 'NONE', ( #5052 ), #1462, .F. ) ;
#1769 = CIRCLE ( 'NONE', #7719, 0.5000000000000004441 ) ;
#1770 = CARTESIAN_POINT ( 'NONE',  ( 14.99999999999999645, 13.00000000000000178, -8.000000000000000000 ) ) ;
#1771 = CARTESIAN_POINT ( 'NONE',  ( 5.499999999999998224, 3.000000000000002665, 0.000000000000000000 ) ) ;
#1772 = CARTESIAN_POINT ( 'NONE',  ( -5.999999999999998224, 41.25000000000000000, -0.001000000000000132727 ) ) ;
#1773 = FACE_BOUND ( 'NONE', #7090, .T. ) ;
#1774 = CARTESIAN_POINT ( 'NONE',  ( -0.5000000000000043299, 28.00000000000000000, -8.000000000000000000 ) ) ;
#1775 = CARTESIAN_POINT ( 'NONE',  ( -10.00000000000000000, -22.00000000000000000, 0.000000000000000000 ) ) ;
#1776 = ORIENTED_EDGE ( 'NONE', *, *, #6034, .T. ) ;
#1777 = EDGE_LOOP ( 'NONE', ( #2416, #4633 ) ) ;
#1778 = VERTEX_POINT ( 'NONE', #6971 ) ;
#1779 = CARTESIAN_POINT ( 'NONE',  ( -5.999999999999998224, 41.25000000000000000, 2.000000000000000000 ) ) ;
#1780 = ORIENTED_EDGE ( 'NONE', *, *, #2711, .F. ) ;
#1781 = EDGE_LOOP ( 'NONE', ( #926, #6644, #3265, #83 ) ) ;
#1782 = DIRECTION ( 'NONE',  ( 0.000000000000000000, 0.000000000000000000, 1.000000000000000000 ) ) ;
#1783 = AXIS2_PLACEMENT_3D ( 'NONE', #4756, #3471, #3553 ) ;
#1784 = VERTEX_POINT ( 'NONE', #5752 ) ;
#1785 = ORIENTED_EDGE ( 'NONE', *, *, #6152, .F. ) ;
#1786 = FACE_OUTER_BOUND ( 'NONE', #5372, .T. ) ;
#1787 = DIRECTION ( 'NONE',  ( -0.000000000000000000, 0.000000000000000000, 1.000000000000000000 ) ) ;
#1788 = VERTEX_POINT ( 'NONE', #820 ) ;
#1789 = EDGE_CURVE ( 'NONE', #4815, #1310, #779, .T. ) ;
#1790 = EDGE_CURVE ( 'NONE', #5222, #5406, #3843, .T. ) ;
#1791 = DIRECTION ( 'NONE',  ( 1.000000000000000000, 0.000000000000000000, 0.000000000000000000 ) ) ;
#1792 = DIRECTION ( 'NONE',  ( -0.000000000000000000, 0.000000000000000000, 1.000000000000000000 ) ) ;
#1793 = ORIENTED_EDGE ( 'NONE', *, *, #3489, .F. ) ;
#1794 = DIRECTION ( 'NONE',  ( 1.000000000000000000, 0.000000000000000000, 0.000000000000000000 ) ) ;
#1795 = DIRECTION ( 'NONE',  ( 1.000000000000000000, 0.000000000000000000, 0.000000000000000000 ) ) ;
#1796 = CARTESIAN_POINT ( 'NONE',  ( -9.500000000000001776, -6.999999999999999112, 2.000000000000000000 ) ) ;
#1797 = CARTESIAN_POINT ( 'NONE',  ( 9.500000000000001776, -11.99999999999999645, 0.000000000000000000 ) ) ;
#1798 = CARTESIAN_POINT ( 'NONE',  ( -18.50000000000000355, -38.50000000000000000, 0.000000000000000000 ) ) ;
#1799 = DIRECTION ( 'NONE',  ( 1.000000000000000000, 0.000000000000000000, 0.000000000000000000 ) ) ;
#1800 = ORIENTED_EDGE ( 'NONE', *, *, #1813, .F. ) ;
#1801 = AXIS2_PLACEMENT_3D ( 'NONE', #1893, #1979, #4358 ) ;
#1802 = CARTESIAN_POINT ( 'NONE',  ( -5.000000000000002665, 28.00000000000000000, -8.000000000000000000 ) ) ;
#1803 = CARTESIAN_POINT ( 'NONE',  ( -1.734723475976807094E-15, 3.000000000000002665, 0.000000000000000000 ) ) ;
#1804 = DIRECTION ( 'NONE',  ( 1.000000000000000000, 0.000000000000000000, 0.000000000000000000 ) ) ;
#1805 = ORIENTED_EDGE ( 'NONE', *, *, #442, .T. ) ;
#1806 = CIRCLE ( 'NONE', #4910, 0.5000000000000004441 ) ;
#1807 = AXIS2_PLACEMENT_3D ( 'NONE', #3736, #3182, #3696 ) ;
#1808 = CARTESIAN_POINT ( 'NONE',  ( -20.99999999999999289, -41.25000000000000000, 2.000000000000000000 ) ) ;
#1809 = EDGE_LOOP ( 'NONE', ( #7290, #4829, #4650, #4033 ) ) ;
#1810 = ADVANCED_FACE ( 'NONE', ( #7691 ), #3329, .F. ) ;
#1811 = CARTESIAN_POINT ( 'NONE',  ( -15.50000000000000355, 23.00000000000000000, -8.000000000000000000 ) ) ;
#1812 = FACE_BOUND ( 'NONE', #7585, .T. ) ;
#1813 = EDGE_CURVE ( 'NONE', #7779, #4733, #3039, .T. ) ;
#1814 = DIRECTION ( 'NONE',  ( -0.000000000000000000, 0.000000000000000000, 1.000000000000000000 ) ) ;
#1815 = DIRECTION ( 'NONE',  ( -0.000000000000000000, -0.000000000000000000, 1.000000000000000000 ) ) ;
#1816 = VERTEX_POINT ( 'NONE', #5171 ) ;
#1817 = CIRCLE ( 'NONE', #6477, 0.5000000000000004441 ) ;
#1818 = AXIS2_PLACEMENT_3D ( 'NONE', #5243, #7192, #1522 ) ;
#1819 = VERTEX_POINT ( 'NONE', #2104 ) ;
#1820 = VECTOR ( 'NONE', #4446, 1000.000000000000000 ) ;
#1821 = CIRCLE ( 'NONE', #270, 0.5000000000000004441 ) ;
#1822 = VERTEX_POINT ( 'NONE', #3360 ) ;
#1823 = FACE_OUTER_BOUND ( 'NONE', #3257, .T. ) ;
#1824 = FACE_OUTER_BOUND ( 'NONE', #1252, .T. ) ;
#1825 = EDGE_LOOP ( 'NONE', ( #5221, #2926 ) ) ;
#1826 = ORIENTED_EDGE ( 'NONE', *, *, #8018, .F. ) ;
#1827 = DIRECTION ( 'NONE',  ( 0.000000000000000000, 0.000000000000000000, 1.000000000000000000 ) ) ;
#1828 = AXIS2_PLACEMENT_3D ( 'NONE', #3313, #1591, #425 ) ;
#1829 = EDGE_CURVE ( 'NONE', #7680, #2598, #5827, .T. ) ;
#1830 = EDGE_LOOP ( 'NONE', ( #3384, #1266, #4019, #5533 ) ) ;
#1831 = CYLINDRICAL_SURFACE ( 'NONE', #1551, 0.5000000000000004441 ) ;
#1832 = ORIENTED_EDGE ( 'NONE', *, *, #1408, .F. ) ;
#1833 = VECTOR ( 'NONE', #2283, 1000.000000000000000 ) ;
#1834 = AXIS2_PLACEMENT_3D ( 'NONE', #986, #5390, #5352 ) ;
#1835 = CYLINDRICAL_SURFACE ( 'NONE', #676, 0.5000000000000004441 ) ;
#1836 = ORIENTED_EDGE ( 'NONE', *, *, #3056, .F. ) ;
#1837 = AXIS2_PLACEMENT_3D ( 'NONE', #3981, #7599, #3351 ) ;
#1838 = DIRECTION ( 'NONE',  ( -0.000000000000000000, -0.000000000000000000, 1.000000000000000000 ) ) ;
#1839 = CIRCLE ( 'NONE', #6251, 0.5000000000000008882 ) ;
#1840 = EDGE_LOOP ( 'NONE', ( #5711, #1785 ) ) ;
#1841 = PLANE ( 'NONE',  #1002 ) ;
#1842 = CARTESIAN_POINT ( 'NONE',  ( 4.999999999999997335, 13.00000000000000178, -8.000000000000000000 ) ) ;
#1843 = CIRCLE ( 'NONE', #4947, 0.5000000000000004441 ) ;
#1844 = EDGE_CURVE ( 'NONE', #1728, #4796, #6561, .T. ) ;
#1845 = CARTESIAN_POINT ( 'NONE',  ( -9.500000000000001776, 3.000000000000002665, 2.000000000000000000 ) ) ;
#1846 = CARTESIAN_POINT ( 'NONE',  ( -10.00000000000000178, -11.99999999999999645, 2.000000000000000000 ) ) ;
#1847 = FACE_OUTER_BOUND ( 'NONE', #6730, .T. ) ;
#1848 = ORIENTED_EDGE ( 'NONE', *, *, #2384, .T. ) ;
#1849 = EDGE_LOOP ( 'NONE', ( #6801, #5796 ) ) ;
#1850 = DIRECTION ( 'NONE',  ( 1.000000000000000000, 0.000000000000000000, 0.000000000000000000 ) ) ;
#1851 = CIRCLE ( 'NONE', #3401, 0.5000000000000004441 ) ;
#1852 = DIRECTION ( 'NONE',  ( 1.000000000000000000, 0.000000000000000000, 0.000000000000000000 ) ) ;
#1853 = CARTESIAN_POINT ( 'NONE',  ( -9.500000000000001776, 23.00000000000000000, -8.000000000000000000 ) ) ;
#1854 = VERTEX_POINT ( 'NONE', #5365 ) ;
#1855 = ADVANCED_FACE ( 'NONE', ( #4068 ), #7203, .F. ) ;
#1856 = CARTESIAN_POINT ( 'NONE',  ( 9.999999999999998224, 23.00000000000000000, -8.000000000000000000 ) ) ;
#1857 = DIRECTION ( 'NONE',  ( 0.000000000000000000, 0.000000000000000000, 1.000000000000000000 ) ) ;
#1858 = DIRECTION ( 'NONE',  ( 1.000000000000000000, 0.000000000000000000, 0.000000000000000000 ) ) ;
#1859 = FACE_BOUND ( 'NONE', #647, .T. ) ;
#1860 = EDGE_CURVE ( 'NONE', #4258, #2516, #5284, .T. ) ;
#1861 = DIRECTION ( 'NONE',  ( 1.000000000000000000, 0.000000000000000000, 0.000000000000000000 ) ) ;
#1862 = ORIENTED_EDGE ( 'NONE', *, *, #6587, .T. ) ;
#1863 = VERTEX_POINT ( 'NONE', #2866 ) ;
#1864 = ORIENTED_EDGE ( 'NONE', *, *, #7202, .F. ) ;
#1865 = EDGE_CURVE ( 'NONE', #2109, #1475, #1243, .T. ) ;
#1866 = DIRECTION ( 'NONE',  ( -0.000000000000000000, -0.000000000000000000, 1.000000000000000000 ) ) ;
#1867 = CARTESIAN_POINT ( 'NONE',  ( 14.99999999999999645, 13.00000000000000178, 0.000000000000000000 ) ) ;
#1868 = ORIENTED_EDGE ( 'NONE', *, *, #1640, .T. ) ;
#1869 = EDGE_LOOP ( 'NONE', ( #2995, #5172, #3587, #3022 ) ) ;
#1870 = DIRECTION ( 'NONE',  ( 1.000000000000000000, 0.000000000000000000, 0.000000000000000000 ) ) ;
#1871 = EDGE_CURVE ( 'NONE', #762, #3977, #6281, .T. ) ;
#1872 = ORIENTED_EDGE ( 'NONE', *, *, #4448, .T. ) ;
#1873 = LINE ( 'NONE', #6699, #2596 ) ;
#1874 = ORIENTED_EDGE ( 'NONE', *, *, #6501, .T. ) ;
#1875 = CARTESIAN_POINT ( 'NONE',  ( 4.999999999999997335, -2.000000000000001776, -8.000000000000000000 ) ) ;
#1876 = EDGE_CURVE ( 'NONE', #6767, #2863, #4188, .T. ) ;
#1877 = LINE ( 'NONE', #58, #726 ) ;
#1878 = EDGE_LOOP ( 'NONE', ( #4813, #2252 ) ) ;
#1879 = VECTOR ( 'NONE', #3293, 1000.000000000000000 ) ;
#1880 = DIRECTION ( 'NONE',  ( 0.000000000000000000, 0.000000000000000000, 1.000000000000000000 ) ) ;
#1881 = ORIENTED_EDGE ( 'NONE', *, *, #6980, .F. ) ;
#1882 = CARTESIAN_POINT ( 'NONE',  ( 0.4999999999999973910, 23.00000000000000000, -8.000000000000000000 ) ) ;
#1883 = LINE ( 'NONE', #3789, #4035 ) ;
#1884 = DIRECTION ( 'NONE',  ( -0.000000000000000000, -0.000000000000000000, 1.000000000000000000 ) ) ;
#1885 = FACE_OUTER_BOUND ( 'NONE', #1741, .T. ) ;
#1886 = EDGE_LOOP ( 'NONE', ( #8012, #949 ) ) ;
#1887 = CARTESIAN_POINT ( 'NONE',  ( -19.69062500000000426, -38.50000000000000000, 2.000000000000000000 ) ) ;
#1888 = CARTESIAN_POINT ( 'NONE',  ( 14.99999999999999645, 18.00000000000000355, 0.000000000000000000 ) ) ;
#1889 = CARTESIAN_POINT ( 'NONE',  ( -10.00000000000000178, -6.999999999999999112, -8.000000000000000000 ) ) ;
#1890 = ORIENTED_EDGE ( 'NONE', *, *, #6902, .T. ) ;
#1891 = DIRECTION ( 'NONE',  ( 1.000000000000000000, 0.000000000000000000, 0.000000000000000000 ) ) ;
#1892 = CARTESIAN_POINT ( 'NONE',  ( -5.000000000000000888, 8.000000000000000000, 2.000000000000000000 ) ) ;
#1893 = CARTESIAN_POINT ( 'NONE',  ( 19.00000000000000355, -39.25000000000000000, 2.000000000000000000 ) ) ;
#1894 = CARTESIAN_POINT ( 'NONE',  ( -5.000000000000000888, 13.00000000000000178, -8.000000000000000000 ) ) ;
#1895 = EDGE_CURVE ( 'NONE', #5019, #3159, #5756, .T. ) ;
#1896 = EDGE_CURVE ( 'NONE', #1297, #2437, #3813, .T. ) ;
#1897 = CIRCLE ( 'NONE', #613, 0.5000000000000004441 ) ;
#1898 = CARTESIAN_POINT ( 'NONE',  ( -1.734723475976807094E-15, 8.000000000000000000, -8.000000000000000000 ) ) ;
#1899 = EDGE_LOOP ( 'NONE', ( #1951, #5275, #6119, #636 ) ) ;
#1900 = AXIS2_PLACEMENT_3D ( 'NONE', #6122, #4365, #6856 ) ;
#1901 = VERTEX_POINT ( 'NONE', #5333 ) ;
#1902 = ORIENTED_EDGE ( 'NONE', *, *, #4207, .F. ) ;
#1903 = LINE ( 'NONE', #2, #4995 ) ;
#1904 = DIRECTION ( 'NONE',  ( 1.000000000000000000, 0.000000000000000000, 0.000000000000000000 ) ) ;
#1905 = ORIENTED_EDGE ( 'NONE', *, *, #4100, .F. ) ;
#1906 = ORIENTED_EDGE ( 'NONE', *, *, #2266, .F. ) ;
#1907 = CARTESIAN_POINT ( 'NONE',  ( 15.50000000000000000, -32.00000000000000000, -8.000000000000000000 ) ) ;
#1908 = VECTOR ( 'NONE', #865, 1000.000000000000000 ) ;
#1909 = ORIENTED_EDGE ( 'NONE', *, *, #6456, .F. ) ;
#1910 = FACE_OUTER_BOUND ( 'NONE', #3563, .T. ) ;
#1911 = EDGE_LOOP ( 'NONE', ( #3012, #1836 ) ) ;
#1912 = DIRECTION ( 'NONE',  ( -0.000000000000000000, -0.000000000000000000, 1.000000000000000000 ) ) ;
#1913 = ORIENTED_EDGE ( 'NONE', *, *, #116, .T. ) ;
#1914 = ADVANCED_FACE ( 'NONE', ( #4761 ), #401, .T. ) ;
#1915 = DIRECTION ( 'NONE',  ( 1.000000000000000000, 0.000000000000000000, 0.000000000000000000 ) ) ;
#1916 = EDGE_CURVE ( 'NONE', #1176, #6922, #2773, .T. ) ;
#1917 = EDGE_LOOP ( 'NONE', ( #396, #7523, #4611, #5639 ) ) ;
#1918 = VERTEX_POINT ( 'NONE', #5984 ) ;
#1919 = CARTESIAN_POINT ( 'NONE',  ( -5.999999999999998224, 41.25000000000000000, 0.000000000000000000 ) ) ;
#1920 = AXIS2_PLACEMENT_3D ( 'NONE', #32, #766, #107 ) ;
#1921 = CARTESIAN_POINT ( 'NONE',  ( 0.5000000000000008882, -26.99999999999999645, -8.000000000000000000 ) ) ;
#1922 = FACE_BOUND ( 'NONE', #4114, .T. ) ;
#1923 = CARTESIAN_POINT ( 'NONE',  ( -2.749999999999999112, -3.049999999999999822, 2.000000000000000000 ) ) ;
#1924 = CARTESIAN_POINT ( 'NONE',  ( 14.99999999999999645, -2.000000000000001776, -8.000000000000000000 ) ) ;
#1925 = ADVANCED_FACE ( 'NONE', ( #925 ), #2820, .F. ) ;
#1926 = EDGE_LOOP ( 'NONE', ( #7368, #6305 ) ) ;
#1927 = EDGE_LOOP ( 'NONE', ( #7693, #1391, #7600, #7460 ) ) ;
#1928 = CARTESIAN_POINT ( 'NONE',  ( -15.00000000000000178, -11.99999999999999645, 2.000000000000000000 ) ) ;
#1929 = DIRECTION ( 'NONE',  ( 1.000000000000000000, 0.000000000000000000, 0.000000000000000000 ) ) ;
#1930 = LINE ( 'NONE', #806, #4555 ) ;
#1931 = ORIENTED_EDGE ( 'NONE', *, *, #3430, .T. ) ;
#1932 = EDGE_CURVE ( 'NONE', #1445, #6676, #1689, .T. ) ;
#1933 = CARTESIAN_POINT ( 'NONE',  ( -15.00000000000000355, 28.00000000000000000, -8.000000000000000000 ) ) ;
#1934 = ORIENTED_EDGE ( 'NONE', *, *, #5139, .T. ) ;
#1935 = AXIS2_PLACEMENT_3D ( 'NONE', #6648, #1612, #3560 ) ;
#1936 = CARTESIAN_POINT ( 'NONE',  ( -4.500000000000002665, 18.00000000000000355, 2.000000000000000000 ) ) ;
#1937 = CARTESIAN_POINT ( 'NONE',  ( 0.000000000000000000, 0.000000000000000000, 0.000000000000000000 ) ) ;
#1938 = DIRECTION ( 'NONE',  ( -0.000000000000000000, -0.000000000000000000, 1.000000000000000000 ) ) ;
#1939 = ORIENTED_EDGE ( 'NONE', *, *, #4967, .T. ) ;
#1940 = VERTEX_POINT ( 'NONE', #2944 ) ;
#1941 = CIRCLE ( 'NONE', #6470, 0.5000000000000004441 ) ;
#1942 = ADVANCED_FACE ( 'NONE', ( #4154 ), #5249, .F. ) ;
#1943 = DIRECTION ( 'NONE',  ( -0.000000000000000000, 0.000000000000000000, 1.000000000000000000 ) ) ;
#1944 = EDGE_CURVE ( 'NONE', #4881, #3606, #4971, .T. ) ;
#1945 = LINE ( 'NONE', #1184, #4844 ) ;
#1946 = EDGE_LOOP ( 'NONE', ( #4896, #7209, #1213, #5331 ) ) ;
#1947 = DIRECTION ( 'NONE',  ( 0.000000000000000000, 0.000000000000000000, 1.000000000000000000 ) ) ;
#1948 = VECTOR ( 'NONE', #4369, 1000.000000000000000 ) ;
#1949 = VECTOR ( 'NONE', #4777, 1000.000000000000000 ) ;
#1950 = AXIS2_PLACEMENT_3D ( 'NONE', #1635, #3507, #7835 ) ;
#1951 = ORIENTED_EDGE ( 'NONE', *, *, #4379, .F. ) ;
#1952 = ORIENTED_EDGE ( 'NONE', *, *, #64, .T. ) ;
#1953 = CARTESIAN_POINT ( 'NONE',  ( -5.000000000000000888, -22.00000000000000000, -8.000000000000000000 ) ) ;
#1954 = ORIENTED_EDGE ( 'NONE', *, *, #1562, .F. ) ;
#1955 = CARTESIAN_POINT ( 'NONE',  ( -0.000000000000000000, 20.49999999999999645, 0.000000000000000000 ) ) ;
#1956 = CARTESIAN_POINT ( 'NONE',  ( -14.50000000000000000, -22.00000000000000000, 2.000000000000000000 ) ) ;
#1957 = CIRCLE ( 'NONE', #1560, 0.5000000000000004441 ) ;
#1958 = ORIENTED_EDGE ( 'NONE', *, *, #30, .F. ) ;
#1959 = ADVANCED_FACE ( 'NONE', ( #2784 ), #4644, .F. ) ;
#1960 = DIRECTION ( 'NONE',  ( -0.000000000000000000, -0.000000000000000000, 1.000000000000000000 ) ) ;
#1961 = ORIENTED_EDGE ( 'NONE', *, *, #4859, .T. ) ;
#1962 = AXIS2_PLACEMENT_3D ( 'NONE', #7794, #5883, #1667 ) ;
#1963 = CARTESIAN_POINT ( 'NONE',  ( -1.734723475976807094E-15, -22.00000000000000000, -8.000000000000000000 ) ) ;
#1964 = DIRECTION ( 'NONE',  ( 1.000000000000000000, 0.000000000000000000, 0.000000000000000000 ) ) ;
#1965 = EDGE_CURVE ( 'NONE', #1755, #6829, #6522, .T. ) ;
#1966 = CARTESIAN_POINT ( 'NONE',  ( 4.499999999999997335, 13.00000000000000178, 0.000000000000000000 ) ) ;
#1967 = AXIS2_PLACEMENT_3D ( 'NONE', #2628, #3838, #6314 ) ;
#1968 = LINE ( 'NONE', #4434, #7521 ) ;
#1969 = VERTEX_POINT ( 'NONE', #7766 ) ;
#1970 = ORIENTED_EDGE ( 'NONE', *, *, #3545, .T. ) ;
#1971 = AXIS2_PLACEMENT_3D ( 'NONE', #2838, #5960, #7143 ) ;
#1972 = CARTESIAN_POINT ( 'NONE',  ( -15.00000000000000000, -32.00000000000000000, -8.000000000000000000 ) ) ;
#1973 = CIRCLE ( 'NONE', #5726, 0.5000000000000004441 ) ;
#1974 = CARTESIAN_POINT ( 'NONE',  ( 4.499999999999997335, 33.00000000000000000, 2.000000000000000000 ) ) ;
#1975 = ORIENTED_EDGE ( 'NONE', *, *, #1247, .F. ) ;
#1976 = CIRCLE ( 'NONE', #6889, 0.5000000000000004441 ) ;
#1977 = EDGE_CURVE ( 'NONE', #3848, #327, #320, .T. ) ;
#1978 = DIRECTION ( 'NONE',  ( 1.000000000000000000, 0.000000000000000000, 0.000000000000000000 ) ) ;
#1979 = DIRECTION ( 'NONE',  ( -0.000000000000000000, 0.000000000000000000, 1.000000000000000000 ) ) ;
#1980 = CYLINDRICAL_SURFACE ( 'NONE', #6376, 0.5000000000000004441 ) ;
#1981 = AXIS2_PLACEMENT_3D ( 'NONE', #252, #6953, #5730 ) ;
#1982 = CARTESIAN_POINT ( 'NONE',  ( 14.99999999999999645, 13.00000000000000178, 2.000000000000000000 ) ) ;
#1983 = ORIENTED_EDGE ( 'NONE', *, *, #3927, .T. ) ;
#1984 = AXIS2_PLACEMENT_3D ( 'NONE', #6151, #1171, #3762 ) ;
#1985 = CARTESIAN_POINT ( 'NONE',  ( -1.734723475976807094E-15, -22.00000000000000000, 0.000000000000000000 ) ) ;
#1986 = CARTESIAN_POINT ( 'NONE',  ( 5.000000000000000888, -32.00000000000000000, 2.000000000000000000 ) ) ;
#1987 = ORIENTED_EDGE ( 'NONE', *, *, #592, .F. ) ;
#1988 = FACE_OUTER_BOUND ( 'NONE', #5516, .T. ) ;
#1989 = EDGE_CURVE ( 'NONE', #4860, #3579, #1609, .T. ) ;
#1990 = EDGE_LOOP ( 'NONE', ( #2673, #5920, #3667, #6945 ) ) ;
#1991 = FACE_OUTER_BOUND ( 'NONE', #109, .T. ) ;
#1992 = EDGE_LOOP ( 'NONE', ( #1805, #4868 ) ) ;
#1993 = DIRECTION ( 'NONE',  ( -0.000000000000000000, -0.000000000000000000, 1.000000000000000000 ) ) ;
#1994 = DIRECTION ( 'NONE',  ( 0.000000000000000000, 0.000000000000000000, 1.000000000000000000 ) ) ;
#1995 = EDGE_LOOP ( 'NONE', ( #5696, #1607 ) ) ;
#1996 = EDGE_CURVE ( 'NONE', #1854, #3052, #3117, .T. ) ;
#1997 = ADVANCED_FACE ( 'NONE', ( #3166 ), #3638, .F. ) ;
#1998 = ORIENTED_EDGE ( 'NONE', *, *, #7119, .F. ) ;
#1999 = DIRECTION ( 'NONE',  ( 1.000000000000000000, 0.000000000000000000, 0.000000000000000000 ) ) ;
#2000 = AXIS2_PLACEMENT_3D ( 'NONE', #5584, #3028, #1169 ) ;
#2001 = FACE_BOUND ( 'NONE', #3030, .T. ) ;
#2002 = CYLINDRICAL_SURFACE ( 'NONE', #3127, 0.5000000000000008882 ) ;
#2003 = CARTESIAN_POINT ( 'NONE',  ( 10.00000000000000178, -17.00000000000000000, 0.000000000000000000 ) ) ;
#2004 = ORIENTED_EDGE ( 'NONE', *, *, #765, .F. ) ;
#2005 = ORIENTED_EDGE ( 'NONE', *, *, #159, .T. ) ;
#2006 = CIRCLE ( 'NONE', #2528, 0.5000000000000008882 ) ;
#2007 = EDGE_CURVE ( 'NONE', #21, #4328, #7048, .T. ) ;
#2008 = DIRECTION ( 'NONE',  ( -0.000000000000000000, -0.000000000000000000, 1.000000000000000000 ) ) ;
#2009 = CARTESIAN_POINT ( 'NONE',  ( -14.50000000000000178, 18.00000000000000355, -8.000000000000000000 ) ) ;
#2010 = EDGE_LOOP ( 'NONE', ( #2654, #232, #4806, #3502 ) ) ;
#2011 = CYLINDRICAL_SURFACE ( 'NONE', #2720, 0.5000000000000004441 ) ;
#2012 = DIRECTION ( 'NONE',  ( -0.000000000000000000, -0.000000000000000000, 1.000000000000000000 ) ) ;
#2013 = CARTESIAN_POINT ( 'NONE',  ( 4.999999999999997335, 13.00000000000000178, 2.000000000000000000 ) ) ;
#2014 = DIRECTION ( 'NONE',  ( 1.000000000000000000, 0.000000000000000000, 0.000000000000000000 ) ) ;
#2015 = EDGE_CURVE ( 'NONE', #7313, #829, #517, .T. ) ;
#2016 = DIRECTION ( 'NONE',  ( 1.000000000000000000, 0.000000000000000000, 0.000000000000000000 ) ) ;
#2017 = EDGE_CURVE ( 'NONE', #5353, #6411, #4805, .T. ) ;
#2018 = ORIENTED_EDGE ( 'NONE', *, *, #7976, .T. ) ;
#2019 = CARTESIAN_POINT ( 'NONE',  ( -15.00000000000000178, -11.99999999999999645, -8.000000000000000000 ) ) ;
#2020 = ORIENTED_EDGE ( 'NONE', *, *, #1022, .T. ) ;
#2021 = DIRECTION ( 'NONE',  ( -0.000000000000000000, 0.000000000000000000, 1.000000000000000000 ) ) ;
#2022 = ORIENTED_EDGE ( 'NONE', *, *, #1288, .T. ) ;
#2023 = DIRECTION ( 'NONE',  ( -0.000000000000000000, -0.000000000000000000, 1.000000000000000000 ) ) ;
#2024 = ORIENTED_EDGE ( 'NONE', *, *, #3609, .T. ) ;
#2025 = VECTOR ( 'NONE', #5770, 1000.000000000000000 ) ;
#2026 = CARTESIAN_POINT ( 'NONE',  ( -5.000000000000000888, 3.000000000000002665, 2.000000000000000000 ) ) ;
#2027 = DIRECTION ( 'NONE',  ( -0.000000000000000000, -0.000000000000000000, 1.000000000000000000 ) ) ;
#2028 = ADVANCED_FACE ( 'NONE', ( #5536 ), #6807, .F. ) ;
#2029 = VERTEX_POINT ( 'NONE', #6237 ) ;
#2030 = VERTEX_POINT ( 'NONE', #2462 ) ;
#2031 = DIRECTION ( 'NONE',  ( 1.000000000000000000, 0.000000000000000000, 0.000000000000000000 ) ) ;
#2032 = CIRCLE ( 'NONE', #6317, 0.5000000000000004441 ) ;
#2033 = DIRECTION ( 'NONE',  ( -0.000000000000000000, -0.000000000000000000, 1.000000000000000000 ) ) ;
#2034 = ADVANCED_FACE ( 'NONE', ( #6682 ), #4194, .F. ) ;
#2035 = CARTESIAN_POINT ( 'NONE',  ( 0.4999999999999991673, -11.99999999999999645, 2.000000000000000000 ) ) ;
#2036 = CARTESIAN_POINT ( 'NONE',  ( -5.000000000000000888, 13.00000000000000178, 0.000000000000000000 ) ) ;
#2037 = SHAPE_DEFINITION_REPRESENTATION ( #5731, #1281 ) ;
#2038 = ORIENTED_EDGE ( 'NONE', *, *, #2138, .T. ) ;
#2039 = ORIENTED_EDGE ( 'NONE', *, *, #3717, .T. ) ;
#2040 = VECTOR ( 'NONE', #7484, 1000.000000000000000 ) ;
#2041 = DIRECTION ( 'NONE',  ( 1.000000000000000000, 0.000000000000000000, 0.000000000000000000 ) ) ;
#2042 = DIRECTION ( 'NONE',  ( -0.000000000000000000, 0.000000000000000000, 1.000000000000000000 ) ) ;
#2043 = VERTEX_POINT ( 'NONE', #2374 ) ;
#2044 = EDGE_CURVE ( 'NONE', #1245, #3037, #4928, .T. ) ;
#2045 = CARTESIAN_POINT ( 'NONE',  ( 14.49999999999999822, -32.00000000000000000, 2.000000000000000000 ) ) ;
#2046 = CYLINDRICAL_SURFACE ( 'NONE', #1585, 0.5000000000000004441 ) ;
#2047 = EDGE_CURVE ( 'NONE', #7466, #5887, #7443, .T. ) ;
#2048 = CARTESIAN_POINT ( 'NONE',  ( 10.00000000000000178, -17.00000000000000000, 2.000000000000000000 ) ) ;
#2049 = LINE ( 'NONE', #1490, #1199 ) ;
#2050 = CARTESIAN_POINT ( 'NONE',  ( -14.50000000000000000, 13.00000000000000178, 0.000000000000000000 ) ) ;
#2051 = CARTESIAN_POINT ( 'NONE',  ( -20.99999999999999289, -41.25000000000000000, 0.000000000000000000 ) ) ;
#2052 = VERTEX_POINT ( 'NONE', #6108 ) ;
#2053 = CARTESIAN_POINT ( 'NONE',  ( -15.00000000000000178, -11.99999999999999645, -8.000000000000000000 ) ) ;
#2054 = CIRCLE ( 'NONE', #6335, 0.5000000000000004441 ) ;
#2055 = ADVANCED_FACE ( 'NONE', ( #5495 ), #4320, .F. ) ;
#2056 = CIRCLE ( 'NONE', #5175, 0.5000000000000004441 ) ;
#2057 = DIRECTION ( 'NONE',  ( -0.000000000000000000, -0.000000000000000000, 1.000000000000000000 ) ) ;
#2058 = ORIENTED_EDGE ( 'NONE', *, *, #1605, .T. ) ;
#2059 = CARTESIAN_POINT ( 'NONE',  ( -3.469446951953614189E-15, 18.00000000000000355, 2.000000000000000000 ) ) ;
#2060 = AXIS2_PLACEMENT_3D ( 'NONE', #332, #2833, #4004 ) ;
#2061 = ORIENTED_EDGE ( 'NONE', *, *, #1896, .F. ) ;
#2062 = LINE ( 'NONE', #125, #3376 ) ;
#2063 = ORIENTED_EDGE ( 'NONE', *, *, #176, .T. ) ;
#2064 = EDGE_CURVE ( 'NONE', #5742, #241, #190, .T. ) ;
#2065 = DIRECTION ( 'NONE',  ( -0.000000000000000000, -0.000000000000000000, 1.000000000000000000 ) ) ;
#2066 = EDGE_LOOP ( 'NONE', ( #3071, #7970 ) ) ;
#2067 = ADVANCED_FACE ( 'NONE', ( #3679 ), #7448, .F. ) ;
#2068 = CIRCLE ( 'NONE', #7514, 0.5000000000000004441 ) ;
#2069 = CIRCLE ( 'NONE', #5698, 1.190625000000000711 ) ;
#2070 = DIRECTION ( 'NONE',  ( 1.000000000000000000, 0.000000000000000000, 0.000000000000000000 ) ) ;
#2071 = AXIS2_PLACEMENT_3D ( 'NONE', #1598, #3983, #7113 ) ;
#2072 = CARTESIAN_POINT ( 'NONE',  ( 14.49999999999999467, -2.000000000000001776, 0.000000000000000000 ) ) ;
#2073 = ORIENTED_EDGE ( 'NONE', *, *, #3975, .F. ) ;
#2074 = CYLINDRICAL_SURFACE ( 'NONE', #4527, 0.5000000000000004441 ) ;
#2075 = VECTOR ( 'NONE', #3177, 1000.000000000000000 ) ;
#2076 = CIRCLE ( 'NONE', #5954, 0.5000000000000004441 ) ;
#2077 = VECTOR ( 'NONE', #7396, 1000.000000000000000 ) ;
#2078 = DIRECTION ( 'NONE',  ( -0.000000000000000000, 0.000000000000000000, 1.000000000000000000 ) ) ;
#2080 = EDGE_CURVE ( 'NONE', #7175, #6916, #7516, .T. ) ;
#2079 = DIRECTION ( 'NONE',  ( -0.000000000000000000, -0.000000000000000000, 1.000000000000000000 ) ) ;
#2081 = FACE_BOUND ( 'NONE', #5611, .T. ) ;
#2082 = DIRECTION ( 'NONE',  ( 1.000000000000000000, 0.000000000000000000, 0.000000000000000000 ) ) ;
#2083 = CARTESIAN_POINT ( 'NONE',  ( 13.25000000000000178, 20.49999999999999645, 2.000000000000000000 ) ) ;
#2084 = VECTOR ( 'NONE', #1326, 1000.000000000000000 ) ;
#2085 = EDGE_LOOP ( 'NONE', ( #6582, #2832 ) ) ;
#2086 = FACE_BOUND ( 'NONE', #617, .T. ) ;
#2087 = ORIENTED_EDGE ( 'NONE', *, *, #1187, .T. ) ;
#2088 = LINE ( 'NONE', #4564, #3858 ) ;
#2089 = EDGE_CURVE ( 'NONE', #1696, #2787, #4005, .T. ) ;
#2090 = CARTESIAN_POINT ( 'NONE',  ( -5.000000000000000888, 3.000000000000002665, 0.000000000000000000 ) ) ;
#2091 = EDGE_LOOP ( 'NONE', ( #5036, #3385, #4842, #5080 ) ) ;
#2092 = AXIS2_PLACEMENT_3D ( 'NONE', #7716, #7110, #4021 ) ;
#2093 = AXIS2_PLACEMENT_3D ( 'NONE', #4350, #7315, #1164 ) ;
#2094 = CIRCLE ( 'NONE', #2347, 0.5000000000000004441 ) ;
#2095 = FACE_OUTER_BOUND ( 'NONE', #7234, .T. ) ;
#2096 = DIRECTION ( 'NONE',  ( -0.000000000000000000, -0.000000000000000000, 1.000000000000000000 ) ) ;
#2097 = AXIS2_PLACEMENT_3D ( 'NONE', #7682, #6510, #6431 ) ;
#2098 = LINE ( 'NONE', #4603, #1702 ) ;
#2099 = AXIS2_PLACEMENT_3D ( 'NONE', #42, #2421, #4401 ) ;
#2100 = DIRECTION ( 'NONE',  ( -0.000000000000000000, 0.000000000000000000, 1.000000000000000000 ) ) ;
#2101 = VECTOR ( 'NONE', #4072, 1000.000000000000000 ) ;
#2102 = ORIENTED_EDGE ( 'NONE', *, *, #7293, .T. ) ;
#2103 = ADVANCED_FACE ( 'NONE', ( #6848 ), #5453, .F. ) ;
#2104 = CARTESIAN_POINT ( 'NONE',  ( -20.99999999999999645, 39.25000000000000000, 0.000000000000000000 ) ) ;
#2105 = VERTEX_POINT ( 'NONE', #2045 ) ;
#2106 = FACE_OUTER_BOUND ( 'NONE', #6536, .T. ) ;
#2107 = EDGE_CURVE ( 'NONE', #8028, #4163, #6744, .T. ) ;
#2108 = CIRCLE ( 'NONE', #4167, 0.5000000000000004441 ) ;
#2109 = VERTEX_POINT ( 'NONE', #6350 ) ;
#2110 = EDGE_LOOP ( 'NONE', ( #7793, #3596, #7271, #7039 ) ) ;
#2111 = CARTESIAN_POINT ( 'NONE',  ( 9.999999999999998224, 3.000000000000002665, 2.000000000000000000 ) ) ;
#2112 = CYLINDRICAL_SURFACE ( 'NONE', #1626, 0.5000000000000004441 ) ;
#2113 = ADVANCED_FACE ( 'NONE', ( #771 ), #2011, .F. ) ;
#2114 = VERTEX_POINT ( 'NONE', #224 ) ;
#2115 = CYLINDRICAL_SURFACE ( 'NONE', #2190, 0.5000000000000004441 ) ;
#2116 = ORIENTED_EDGE ( 'NONE', *, *, #6782, .T. ) ;
#2117 = CARTESIAN_POINT ( 'NONE',  ( 9.500000000000001776, -22.00000000000000000, 2.000000000000000000 ) ) ;
#2118 = EDGE_CURVE ( 'NONE', #2029, #5258, #3836, .T. ) ;
#2119 = CARTESIAN_POINT ( 'NONE',  ( -5.000000000000000888, 13.00000000000000178, 0.000000000000000000 ) ) ;
#2120 = CARTESIAN_POINT ( 'NONE',  ( -5.999999999999999112, 39.75000000000000000, 2.000000000000000000 ) ) ;
#2121 = FACE_BOUND ( 'NONE', #2666, .T. ) ;
#2122 = CARTESIAN_POINT ( 'NONE',  ( 0.000000000000000000, -32.00000000000000000, -8.000000000000000000 ) ) ;
#2123 = ORIENTED_EDGE ( 'NONE', *, *, #6309, .T. ) ;
#2124 = EDGE_LOOP ( 'NONE', ( #715, #3330, #6508, #7107 ) ) ;
#2125 = CARTESIAN_POINT ( 'NONE',  ( -14.50000000000000000, 3.000000000000002665, 2.000000000000000000 ) ) ;
#2126 = CARTESIAN_POINT ( 'NONE',  ( 15.50000000000000000, -22.00000000000000000, 0.000000000000000000 ) ) ;
#2127 = ORIENTED_EDGE ( 'NONE', *, *, #590, .T. ) ;
#2128 = AXIS2_PLACEMENT_3D ( 'NONE', #7428, #1787, #4252 ) ;
#2129 = CARTESIAN_POINT ( 'NONE',  ( -20.99999999999999645, 41.25000000000000000, 2.000000000000000000 ) ) ;
#2130 = EDGE_CURVE ( 'NONE', #2114, #6385, #3322, .T. ) ;
#2131 = DIRECTION ( 'NONE',  ( 0.000000000000000000, 0.000000000000000000, 1.000000000000000000 ) ) ;
#2132 = AXIS2_PLACEMENT_3D ( 'NONE', #974, #1656, #4119 ) ;
#2133 = DIRECTION ( 'NONE',  ( 1.000000000000000000, 0.000000000000000000, 0.000000000000000000 ) ) ;
#2134 = DIRECTION ( 'NONE',  ( -0.000000000000000000, 0.000000000000000000, 1.000000000000000000 ) ) ;
#2135 = CARTESIAN_POINT ( 'NONE',  ( -1.734723475976807094E-15, -11.99999999999999645, 2.000000000000000000 ) ) ;
#2136 = ORIENTED_EDGE ( 'NONE', *, *, #6067, .F. ) ;
#2137 = CARTESIAN_POINT ( 'NONE',  ( 4.999999999999997335, -2.000000000000001776, 0.000000000000000000 ) ) ;
#2138 = EDGE_CURVE ( 'NONE', #3442, #1308, #5699, .T. ) ;
#2140 = EDGE_CURVE ( 'NONE', #1594, #2043, #6994, .T. ) ;
#2139 = ORIENTED_EDGE ( 'NONE', *, *, #1691, .F. ) ;
#2141 = DIRECTION ( 'NONE',  ( 1.000000000000000000, 0.000000000000000000, 0.000000000000000000 ) ) ;
#2142 = ORIENTED_EDGE ( 'NONE', *, *, #1014, .F. ) ;
#2143 = VERTEX_POINT ( 'NONE', #4442 ) ;
#2144 = EDGE_LOOP ( 'NONE', ( #1016, #643 ) ) ;
#2145 = DIRECTION ( 'NONE',  ( 1.000000000000000000, 0.000000000000000000, 0.000000000000000000 ) ) ;
#2146 = LINE ( 'NONE', #894, #3206 ) ;
#2147 = EDGE_LOOP ( 'NONE', ( #752, #7753, #5026, #6840 ) ) ;
#2148 = CARTESIAN_POINT ( 'NONE',  ( 5.499999999999998224, 28.00000000000000000, 2.000000000000000000 ) ) ;
#2149 = FACE_OUTER_BOUND ( 'NONE', #2091, .T. ) ;
#2150 = ORIENTED_EDGE ( 'NONE', *, *, #1749, .T. ) ;
#2151 = LINE ( 'NONE', #834, #6344 ) ;
#2152 = CIRCLE ( 'NONE', #6695, 0.5000000000000004441 ) ;
#2153 = CARTESIAN_POINT ( 'NONE',  ( 15.49999999999999645, 18.00000000000000355, 0.000000000000000000 ) ) ;
#2154 = FACE_BOUND ( 'NONE', #3109, .T. ) ;
#2155 = DIRECTION ( 'NONE',  ( 1.000000000000000000, 0.000000000000000000, 0.000000000000000000 ) ) ;
#2156 = EDGE_LOOP ( 'NONE', ( #7506, #7377 ) ) ;
#2157 = DIRECTION ( 'NONE',  ( 0.000000000000000000, -1.000000000000000000, 0.000000000000000000 ) ) ;
#2158 = ORIENTED_EDGE ( 'NONE', *, *, #3145, .T. ) ;
#2159 = DIRECTION ( 'NONE',  ( 1.000000000000000000, 0.000000000000000000, 0.000000000000000000 ) ) ;
#2160 = CIRCLE ( 'NONE', #5529, 0.5000000000000004441 ) ;
#2161 = DIRECTION ( 'NONE',  ( 1.000000000000000000, 0.000000000000000000, 0.000000000000000000 ) ) ;
#2162 = ORIENTED_EDGE ( 'NONE', *, *, #7243, .T. ) ;
#2163 = MANIFOLD_SOLID_BREP ( 'Cut-Extrude6', #4823 ) ;
#2164 = DIRECTION ( 'NONE',  ( -0.000000000000000000, -0.000000000000000000, 1.000000000000000000 ) ) ;
#2165 = EDGE_CURVE ( 'NONE', #7838, #5053, #6963, .T. ) ;
#2166 = CIRCLE ( 'NONE', #3343, 0.5000000000000004441 ) ;
#2167 = FACE_OUTER_BOUND ( 'NONE', #5605, .T. ) ;
#2168 = DIRECTION ( 'NONE',  ( -0.000000000000000000, -0.000000000000000000, 1.000000000000000000 ) ) ;
#2169 = DIRECTION ( 'NONE',  ( -0.000000000000000000, -0.000000000000000000, 1.000000000000000000 ) ) ;
#2170 = DIRECTION ( 'NONE',  ( 1.000000000000000000, 0.000000000000000000, 0.000000000000000000 ) ) ;
#2171 = EDGE_CURVE ( 'NONE', #3568, #18, #3205, .T. ) ;
#2172 = ORIENTED_EDGE ( 'NONE', *, *, #6587, .F. ) ;
#2173 = AXIS2_PLACEMENT_3D ( 'NONE', #3162, #694, #2457 ) ;
#2174 = DIRECTION ( 'NONE',  ( 0.000000000000000000, 0.000000000000000000, 1.000000000000000000 ) ) ;
#2175 = VERTEX_POINT ( 'NONE', #6435 ) ;
#2176 = DIRECTION ( 'NONE',  ( -0.000000000000000000, 1.000000000000000000, -0.000000000000000000 ) ) ;
#2177 = VERTEX_POINT ( 'NONE', #5661 ) ;
#2178 = ADVANCED_FACE ( 'NONE', ( #3353 ), #5004, .F. ) ;
#2179 = ORIENTED_EDGE ( 'NONE', *, *, #876, .T. ) ;
#2180 = ADVANCED_FACE ( 'NONE', ( #4397 ), #187, .F. ) ;
#2181 = ORIENTED_EDGE ( 'NONE', *, *, #573, .F. ) ;
#2182 = FACE_OUTER_BOUND ( 'NONE', #4, .T. ) ;
#2183 = EDGE_LOOP ( 'NONE', ( #3863, #4272, #2714, #1958 ) ) ;
#2184 = CARTESIAN_POINT ( 'NONE',  ( -10.50000000000000178, 33.00000000000000000, 2.000000000000000000 ) ) ;
#2185 = AXIS2_PLACEMENT_3D ( 'NONE', #7167, #2988, #4196 ) ;
#2186 = CYLINDRICAL_SURFACE ( 'NONE', #902, 0.5000000000000004441 ) ;
#2187 = ORIENTED_EDGE ( 'NONE', *, *, #6370, .F. ) ;
#2188 = DIRECTION ( 'NONE',  ( 1.000000000000000000, 1.927470528863118802E-16, 0.000000000000000000 ) ) ;
#2189 = EDGE_CURVE ( 'NONE', #4895, #410, #5042, .T. ) ;
#2190 = AXIS2_PLACEMENT_3D ( 'NONE', #7096, #4045, #6380 ) ;
#2191 = EDGE_CURVE ( 'NONE', #1498, #7732, #2280, .T. ) ;
#2192 = LINE ( 'NONE', #7030, #7577 ) ;
#2193 = CARTESIAN_POINT ( 'NONE',  ( -5.999999999999999112, 39.75000000000000000, 0.000000000000000000 ) ) ;
#2194 = ORIENTED_EDGE ( 'NONE', *, *, #4153, .T. ) ;
#2195 = AXIS2_PLACEMENT_3D ( 'NONE', #7052, #7612, #6445 ) ;
#2196 = AXIS2_PLACEMENT_3D ( 'NONE', #4335, #7465, #6259 ) ;
#2197 = CARTESIAN_POINT ( 'NONE',  ( 14.49999999999999467, 13.00000000000000178, 2.000000000000000000 ) ) ;
#2198 = VECTOR ( 'NONE', #1558, 1000.000000000000000 ) ;
#2199 = ORIENTED_EDGE ( 'NONE', *, *, #6915, .T. ) ;
#2200 = CYLINDRICAL_SURFACE ( 'NONE', #641, 0.5000000000000004441 ) ;
#2201 = DIRECTION ( 'NONE',  ( 1.000000000000000000, 0.000000000000000000, 0.000000000000000000 ) ) ;
#2202 = EDGE_CURVE ( 'NONE', #2143, #4258, #4059, .T. ) ;
#2203 = EDGE_LOOP ( 'NONE', ( #4745, #7931 ) ) ;
#2204 = FACE_OUTER_BOUND ( 'NONE', #1927, .T. ) ;
#2205 = CIRCLE ( 'NONE', #2482, 0.5000000000000004441 ) ;
#2206 = AXIS2_PLACEMENT_3D ( 'NONE', #3672, #6269, #1160 ) ;
#2207 = FACE_OUTER_BOUND ( 'NONE', #6749, .T. ) ;
#2208 = DIRECTION ( 'NONE',  ( 1.000000000000000000, 0.000000000000000000, 0.000000000000000000 ) ) ;
#2209 = FACE_OUTER_BOUND ( 'NONE', #428, .T. ) ;
#2210 = CARTESIAN_POINT ( 'NONE',  ( -5.000000000000002665, 33.00000000000000000, 2.000000000000000000 ) ) ;
#2211 = CYLINDRICAL_SURFACE ( 'NONE', #14, 0.5000000000000004441 ) ;
#2212 = ORIENTED_EDGE ( 'NONE', *, *, #6915, .F. ) ;
#2213 = AXIS2_PLACEMENT_3D ( 'NONE', #7195, #5979, #6595 ) ;
#2214 = AXIS2_PLACEMENT_3D ( 'NONE', #635, #6706, #6085 ) ;
#2215 = EDGE_CURVE ( 'NONE', #4767, #7732, #6876, .T. ) ;
#2216 = DIRECTION ( 'NONE',  ( 0.000000000000000000, 0.000000000000000000, 1.000000000000000000 ) ) ;
#2217 = VERTEX_POINT ( 'NONE', #7755 ) ;
#2218 = CIRCLE ( 'NONE', #3389, 0.5000000000000004441 ) ;
#2219 = CARTESIAN_POINT ( 'NONE',  ( -9.500000000000000000, -22.00000000000000000, 2.000000000000000000 ) ) ;
#2220 = FACE_BOUND ( 'NONE', #2806, .T. ) ;
#2221 = VECTOR ( 'NONE', #7483, 1000.000000000000000 ) ;
#2222 = AXIS2_PLACEMENT_3D ( 'NONE', #3643, #4889, #1861 ) ;
#2223 = DIRECTION ( 'NONE',  ( 0.000000000000000000, 0.000000000000000000, 1.000000000000000000 ) ) ;
#2224 = ORIENTED_EDGE ( 'NONE', *, *, #4379, .T. ) ;
#2225 = VERTEX_POINT ( 'NONE', #6590 ) ;
#2226 = CIRCLE ( 'NONE', #4028, 0.5000000000000004441 ) ;
#2227 = VERTEX_POINT ( 'NONE', #386 ) ;
#2228 = CARTESIAN_POINT ( 'NONE',  ( -10.50000000000000178, -6.999999999999999112, 2.000000000000000000 ) ) ;
#2229 = VERTEX_POINT ( 'NONE', #1674 ) ;
#2230 = CARTESIAN_POINT ( 'NONE',  ( -1.734723475976807094E-15, -11.99999999999999645, 0.000000000000000000 ) ) ;
#2231 = DIRECTION ( 'NONE',  ( -0.000000000000000000, -0.000000000000000000, 1.000000000000000000 ) ) ;
#2232 = AXIS2_PLACEMENT_3D ( 'NONE', #7360, #6774, #1222 ) ;
#2233 = ORIENTED_EDGE ( 'NONE', *, *, #4852, .F. ) ;
#2234 = DIRECTION ( 'NONE',  ( -1.000000000000000000, -0.000000000000000000, -0.000000000000000000 ) ) ;
#2235 = CYLINDRICAL_SURFACE ( 'NONE', #2496, 0.5000000000000004441 ) ;
#2236 = DIRECTION ( 'NONE',  ( 0.000000000000000000, 0.000000000000000000, 1.000000000000000000 ) ) ;
#2237 = ADVANCED_FACE ( 'NONE', ( #6469 ), #5859, .F. ) ;
#2238 = ADVANCED_FACE ( 'NONE', ( #2204 ), #7157, .F. ) ;
#2239 = CARTESIAN_POINT ( 'NONE',  ( 15.00000000000000000, -22.00000000000000000, 2.000000000000000000 ) ) ;
#2240 = EDGE_LOOP ( 'NONE', ( #6089, #2514, #4660, #3831 ) ) ;
#2241 = FACE_OUTER_BOUND ( 'NONE', #4253, .T. ) ;
#2242 = VERTEX_POINT ( 'NONE', #3391 ) ;
#2243 = LINE ( 'NONE', #467, #1289 ) ;
#2244 = DIRECTION ( 'NONE',  ( 0.000000000000000000, 0.000000000000000000, 1.000000000000000000 ) ) ;
#2245 = VERTEX_POINT ( 'NONE', #4638 ) ;
#2246 = DIRECTION ( 'NONE',  ( -0.000000000000000000, 0.000000000000000000, 1.000000000000000000 ) ) ;
#2247 = CARTESIAN_POINT ( 'NONE',  ( -5.000000000000002665, 18.00000000000000355, 0.000000000000000000 ) ) ;
#2248 = VERTEX_POINT ( 'NONE', #6550 ) ;
#2249 = CARTESIAN_POINT ( 'NONE',  ( 9.999999999999998224, 18.00000000000000355, -8.000000000000000000 ) ) ;
#2250 = CARTESIAN_POINT ( 'NONE',  ( 6.000000000000001776, 39.75000000000000000, 0.000000000000000000 ) ) ;
#2251 = CYLINDRICAL_SURFACE ( 'NONE', #695, 0.5000000000000004441 ) ;
#2252 = ORIENTED_EDGE ( 'NONE', *, *, #5215, .T. ) ;
#2253 = CARTESIAN_POINT ( 'NONE',  ( -3.469446951953614189E-15, 18.00000000000000355, 2.000000000000000000 ) ) ;
#2254 = AXIS2_PLACEMENT_3D ( 'NONE', #4450, #6363, #4574 ) ;
#2255 = ORIENTED_EDGE ( 'NONE', *, *, #3943, .T. ) ;
#2256 = FACE_OUTER_BOUND ( 'NONE', #1746, .T. ) ;
#2257 = FACE_BOUND ( 'NONE', #1396, .T. ) ;
#2258 = EDGE_CURVE ( 'NONE', #1384, #1668, #7894, .T. ) ;
#2259 = CARTESIAN_POINT ( 'NONE',  ( -3.469446951953614189E-15, 28.00000000000000000, 0.000000000000000000 ) ) ;
#2260 = ORIENTED_EDGE ( 'NONE', *, *, #693, .T. ) ;
#2261 = EDGE_LOOP ( 'NONE', ( #7447, #1568, #6606, #4998 ) ) ;
#2262 = EDGE_LOOP ( 'NONE', ( #5855, #3768, #2641, #2260, #2172, #7495, #7292, #1386 ) ) ;
#2263 = CARTESIAN_POINT ( 'NONE',  ( 10.49999999999999822, -2.000000000000001776, 0.000000000000000000 ) ) ;
#2264 = ORIENTED_EDGE ( 'NONE', *, *, #753, .T. ) ;
#2265 = CARTESIAN_POINT ( 'NONE',  ( -10.00000000000000178, 28.00000000000000000, 2.000000000000000000 ) ) ;
#2266 = EDGE_CURVE ( 'NONE', #6863, #2043, #4710, .T. ) ;
#2267 = ORIENTED_EDGE ( 'NONE', *, *, #944, .F. ) ;
#2268 = CYLINDRICAL_SURFACE ( 'NONE', #7764, 0.5000000000000004441 ) ;
#2269 = EDGE_CURVE ( 'NONE', #3460, #3263, #311, .T. ) ;
#2270 = DIRECTION ( 'NONE',  ( -0.000000000000000000, 0.000000000000000000, 1.000000000000000000 ) ) ;
#2271 = DIRECTION ( 'NONE',  ( -0.000000000000000000, -0.000000000000000000, 1.000000000000000000 ) ) ;
#2272 = DIRECTION ( 'NONE',  ( -0.000000000000000000, 0.000000000000000000, 1.000000000000000000 ) ) ;
#2273 = ORIENTED_EDGE ( 'NONE', *, *, #5471, .F. ) ;
#2274 = CIRCLE ( 'NONE', #751, 0.5000000000000004441 ) ;
#2275 = VERTEX_POINT ( 'NONE', #2856 ) ;
#2276 = LINE ( 'NONE', #429, #5147 ) ;
#2277 = LINE ( 'NONE', #7919, #3139 ) ;
#2278 = VERTEX_POINT ( 'NONE', #2811 ) ;
#2279 = EDGE_CURVE ( 'NONE', #1554, #1819, #5209, .T. ) ;
#2280 = LINE ( 'NONE', #5975, #4528 ) ;
#2281 = CARTESIAN_POINT ( 'NONE',  ( 9.999999999999998224, 13.00000000000000178, 0.000000000000000000 ) ) ;
#2282 = EDGE_LOOP ( 'NONE', ( #579, #93 ) ) ;
#2283 = DIRECTION ( 'NONE',  ( -0.000000000000000000, -0.000000000000000000, 1.000000000000000000 ) ) ;
#2284 = FACE_OUTER_BOUND ( 'NONE', #1809, .T. ) ;
#2285 = DIRECTION ( 'NONE',  ( 1.000000000000000000, 0.000000000000000000, 0.000000000000000000 ) ) ;
#2286 = EDGE_LOOP ( 'NONE', ( #7112, #5413, #678, #3988 ) ) ;
#2287 = ADVANCED_FACE ( 'NONE', ( #5276 ), #5888, .T. ) ;
#2288 = CIRCLE ( 'NONE', #2433, 0.5000000000000004441 ) ;
#2289 = DIRECTION ( 'NONE',  ( 1.000000000000000000, 0.000000000000000000, 0.000000000000000000 ) ) ;
#2290 = ORIENTED_EDGE ( 'NONE', *, *, #5830, .T. ) ;
#2291 = FACE_OUTER_BOUND ( 'NONE', #2899, .T. ) ;
#2292 = FACE_BOUND ( 'NONE', #3526, .T. ) ;
#2293 = DIRECTION ( 'NONE',  ( 1.000000000000000000, 0.000000000000000000, 0.000000000000000000 ) ) ;
#2294 = ORIENTED_EDGE ( 'NONE', *, *, #724, .F. ) ;
#2295 = AXIS2_PLACEMENT_3D ( 'NONE', #2413, #4351, #5001 ) ;
#2296 = ORIENTED_EDGE ( 'NONE', *, *, #1370, .T. ) ;
#2297 = ORIENTED_EDGE ( 'NONE', *, *, #6838, .T. ) ;
#2298 = EDGE_CURVE ( 'NONE', #5081, #5027, #795, .T. ) ;
#2299 = DIRECTION ( 'NONE',  ( -0.000000000000000000, -0.000000000000000000, 1.000000000000000000 ) ) ;
#2300 = ORIENTED_EDGE ( 'NONE', *, *, #930, .F. ) ;
#2301 = FACE_BOUND ( 'NONE', #510, .T. ) ;
#2302 = DIRECTION ( 'NONE',  ( 1.000000000000000000, -0.000000000000000000, -0.000000000000000000 ) ) ;
#2303 = ORIENTED_EDGE ( 'NONE', *, *, #7548, .T. ) ;
#2304 = DIRECTION ( 'NONE',  ( 1.000000000000000000, 0.000000000000000000, 0.000000000000000000 ) ) ;
#2305 = DIRECTION ( 'NONE',  ( -0.000000000000000000, 1.000000000000000000, -0.000000000000000000 ) ) ;
#2306 = EDGE_CURVE ( 'NONE', #1668, #1384, #9, .T. ) ;
#2307 = DIRECTION ( 'NONE',  ( 1.000000000000000000, 0.000000000000000000, 0.000000000000000000 ) ) ;
#2308 = AXIS2_PLACEMENT_3D ( 'NONE', #1380, #5586, #6894 ) ;
#2309 = DIRECTION ( 'NONE',  ( 1.000000000000000000, 0.000000000000000000, 0.000000000000000000 ) ) ;
#2310 = ORIENTED_EDGE ( 'NONE', *, *, #4727, .T. ) ;
#2311 = CARTESIAN_POINT ( 'NONE',  ( -10.50000000000000178, 13.00000000000000178, 0.000000000000000000 ) ) ;
#2312 = EDGE_LOOP ( 'NONE', ( #7615, #3909 ) ) ;
#2313 = DIRECTION ( 'NONE',  ( -0.000000000000000000, 0.000000000000000000, 1.000000000000000000 ) ) ;
#2314 = CIRCLE ( 'NONE', #6738, 0.5000000000000004441 ) ;
#2315 = ADVANCED_FACE ( 'NONE', ( #4750 ), #7227, .F. ) ;
#2316 = CARTESIAN_POINT ( 'NONE',  ( 5.000000000000000888, -11.99999999999999645, 0.000000000000000000 ) ) ;
#2317 = CARTESIAN_POINT ( 'NONE',  ( 4.999999999999997335, -2.000000000000001776, 0.000000000000000000 ) ) ;
#2318 = VECTOR ( 'NONE', #4452, 1000.000000000000000 ) ;
#2319 = DIRECTION ( 'NONE',  ( 1.000000000000000000, 0.000000000000000000, 0.000000000000000000 ) ) ;
#2320 = LINE ( 'NONE', #3510, #1559 ) ;
#2321 = EDGE_CURVE ( 'NONE', #4415, #3742, #2743, .T. ) ;
#2322 = ORIENTED_EDGE ( 'NONE', *, *, #334, .T. ) ;
#2323 = ORIENTED_EDGE ( 'NONE', *, *, #1829, .T. ) ;
#2324 = CARTESIAN_POINT ( 'NONE',  ( -2.749999999999999556, -2.650271977186788014E-16, 2.000000000000000000 ) ) ;
#2325 = LINE ( 'NONE', #6596, #880 ) ;
#2326 = CARTESIAN_POINT ( 'NONE',  ( -4.500000000000000888, -17.00000000000000000, 0.000000000000000000 ) ) ;
#2327 = ORIENTED_EDGE ( 'NONE', *, *, #6602, .T. ) ;
#2328 = AXIS2_PLACEMENT_3D ( 'NONE', #3592, #4880, #1804 ) ;
#2329 = AXIS2_PLACEMENT_3D ( 'NONE', #5963, #6624, #7104 ) ;
#2330 = CIRCLE ( 'NONE', #7122, 0.5000000000000004441 ) ;
#2331 = CARTESIAN_POINT ( 'NONE',  ( -1.734723475976807094E-15, -2.000000000000001776, 2.000000000000000000 ) ) ;
#2332 = ORIENTED_EDGE ( 'NONE', *, *, #5644, .F. ) ;
#2333 = DIRECTION ( 'NONE',  ( -0.000000000000000000, 0.000000000000000000, 1.000000000000000000 ) ) ;
#2334 = FACE_BOUND ( 'NONE', #4022, .T. ) ;
#2335 = EDGE_CURVE ( 'NONE', #1554, #6364, #958, .T. ) ;
#2336 = CARTESIAN_POINT ( 'NONE',  ( 9.499999999999998224, 8.000000000000000000, -8.000000000000000000 ) ) ;
#2337 = CIRCLE ( 'NONE', #6890, 0.5000000000000008882 ) ;
#2338 = ORIENTED_EDGE ( 'NONE', *, *, #7159, .F. ) ;
#2339 = EDGE_CURVE ( 'NONE', #4733, #7779, #6220, .T. ) ;
#2340 = EDGE_LOOP ( 'NONE', ( #2588, #6947, #2526, #5314 ) ) ;
#2341 = VERTEX_POINT ( 'NONE', #558 ) ;
#2342 = VECTOR ( 'NONE', #1156, 1000.000000000000000 ) ;
#2343 = DIRECTION ( 'NONE',  ( 1.000000000000000000, 0.000000000000000000, 0.000000000000000000 ) ) ;
#2344 = CIRCLE ( 'NONE', #7777, 0.5000000000000004441 ) ;
#2345 = ORIENTED_EDGE ( 'NONE', *, *, #3277, .T. ) ;
#2346 = FACE_BOUND ( 'NONE', #1481, .T. ) ;
#2347 = AXIS2_PLACEMENT_3D ( 'NONE', #4161, #405, #5989 ) ;
#2348 = CARTESIAN_POINT ( 'NONE',  ( -9.500000000000000000, -22.00000000000000000, 0.000000000000000000 ) ) ;
#2349 = EDGE_CURVE ( 'NONE', #785, #2114, #6345, .T. ) ;
#2350 = AXIS2_PLACEMENT_3D ( 'NONE', #2983, #5363, #2902 ) ;
#2351 = EDGE_LOOP ( 'NONE', ( #822, #1952 ) ) ;
#2352 = CIRCLE ( 'NONE', #6494, 0.5000000000000004441 ) ;
#2353 = CYLINDRICAL_SURFACE ( 'NONE', #3767, 0.5000000000000004441 ) ;
#2354 = CARTESIAN_POINT ( 'NONE',  ( -15.00000000000000178, -22.00000000000000000, 0.000000000000000000 ) ) ;
#2355 = CARTESIAN_POINT ( 'NONE',  ( 10.50000000000000178, -17.00000000000000000, -8.000000000000000000 ) ) ;
#2356 = ORIENTED_EDGE ( 'NONE', *, *, #4342, .F. ) ;
#2357 = CIRCLE ( 'NONE', #3663, 0.5000000000000004441 ) ;
#2358 = DIRECTION ( 'NONE',  ( 0.000000000000000000, 0.000000000000000000, 1.000000000000000000 ) ) ;
#2359 = FACE_BOUND ( 'NONE', #7407, .T. ) ;
#2360 = EDGE_CURVE ( 'NONE', #6197, #5019, #1249, .T. ) ;
#2361 = VERTEX_POINT ( 'NONE', #2408 ) ;
#2362 = CARTESIAN_POINT ( 'NONE',  ( 0.000000000000000000, -7.550000000000000711, 0.000000000000000000 ) ) ;
#2363 = ORIENTED_EDGE ( 'NONE', *, *, #3842, .T. ) ;
#2364 = DIRECTION ( 'NONE',  ( 1.000000000000000000, 0.000000000000000000, 0.000000000000000000 ) ) ;
#2365 = DIRECTION ( 'NONE',  ( -0.000000000000000000, -0.000000000000000000, 1.000000000000000000 ) ) ;
#2366 = CARTESIAN_POINT ( 'NONE',  ( 4.500000000000000888, -17.00000000000000000, 2.000000000000000000 ) ) ;
#2367 = DIRECTION ( 'NONE',  ( 1.000000000000000000, 0.000000000000000000, 0.000000000000000000 ) ) ;
#2368 = EDGE_LOOP ( 'NONE', ( #6823, #5318, #5100, #346 ) ) ;
#2369 = CARTESIAN_POINT ( 'NONE',  ( -5.000000000000000888, -11.99999999999999645, 2.000000000000000000 ) ) ;
#2370 = DIRECTION ( 'NONE',  ( -0.000000000000000000, -0.000000000000000000, 1.000000000000000000 ) ) ;
#2371 = CARTESIAN_POINT ( 'NONE',  ( -5.000000000000000888, 3.000000000000002665, -8.000000000000000000 ) ) ;
#2372 = ORIENTED_EDGE ( 'NONE', *, *, #4920, .F. ) ;
#2373 = ADVANCED_FACE ( 'NONE', ( #4960 ), #4792, .F. ) ;
#2374 = CARTESIAN_POINT ( 'NONE',  ( 17.30937500000000284, -38.50000000000000000, 2.000000000000000000 ) ) ;
#2375 = CARTESIAN_POINT ( 'NONE',  ( 9.499999999999998224, 23.00000000000000000, 2.000000000000000000 ) ) ;
#2376 = CARTESIAN_POINT ( 'NONE',  ( -14.50000000000000000, -2.000000000000001776, -8.000000000000000000 ) ) ;
#2377 = FACE_BOUND ( 'NONE', #3404, .T. ) ;
#2378 = CARTESIAN_POINT ( 'NONE',  ( 5.499999999999998224, 8.000000000000000000, 2.000000000000000000 ) ) ;
#2379 = DIRECTION ( 'NONE',  ( -0.000000000000000000, 0.000000000000000000, 1.000000000000000000 ) ) ;
#2380 = ORIENTED_EDGE ( 'NONE', *, *, #753, .F. ) ;
#2381 = EDGE_LOOP ( 'NONE', ( #975, #2459 ) ) ;
#2382 = ORIENTED_EDGE ( 'NONE', *, *, #4479, .F. ) ;
#2383 = AXIS2_PLACEMENT_3D ( 'NONE', #2253, #3475, #5408 ) ;
#2384 = EDGE_CURVE ( 'NONE', #489, #6159, #2842, .T. ) ;
#2385 = DIRECTION ( 'NONE',  ( 1.000000000000000000, 0.000000000000000000, 0.000000000000000000 ) ) ;
#2386 = EDGE_CURVE ( 'NONE', #7327, #3687, #640, .T. ) ;
#2387 = DIRECTION ( 'NONE',  ( -0.000000000000000000, -0.000000000000000000, 1.000000000000000000 ) ) ;
#2388 = ORIENTED_EDGE ( 'NONE', *, *, #6457, .T. ) ;
#2389 = FACE_OUTER_BOUND ( 'NONE', #979, .T. ) ;
#2390 = CIRCLE ( 'NONE', #2128, 0.5000000000000004441 ) ;
#2391 = CARTESIAN_POINT ( 'NONE',  ( 19.75000000000000000, 20.49999999999999645, 2.000000000000000000 ) ) ;
#2392 = VECTOR ( 'NONE', #2387, 1000.000000000000000 ) ;
#2393 = VERTEX_POINT ( 'NONE', #8007 ) ;
#2394 = ORIENTED_EDGE ( 'NONE', *, *, #7256, .F. ) ;
#2395 = DIRECTION ( 'NONE',  ( -1.000000000000000000, -0.000000000000000000, -0.000000000000000000 ) ) ;
#2396 = EDGE_CURVE ( 'NONE', #5837, #6786, #6011, .T. ) ;
#2397 = CIRCLE ( 'NONE', #6943, 0.5000000000000004441 ) ;
#2398 = CARTESIAN_POINT ( 'NONE',  ( -10.50000000000000178, 18.00000000000000355, 0.000000000000000000 ) ) ;
#2399 = VERTEX_POINT ( 'NONE', #506 ) ;
#2400 = FACE_OUTER_BOUND ( 'NONE', #4186, .T. ) ;
#2401 = CARTESIAN_POINT ( 'NONE',  ( 5.499999999999998224, 18.00000000000000355, 2.000000000000000000 ) ) ;
#2402 = ORIENTED_EDGE ( 'NONE', *, *, #7066, .F. ) ;
#2403 = CARTESIAN_POINT ( 'NONE',  ( -3.469446951953614189E-15, 18.00000000000000355, 0.000000000000000000 ) ) ;
#2404 = CARTESIAN_POINT ( 'NONE',  ( -10.00000000000000178, 28.00000000000000000, -8.000000000000000000 ) ) ;
#2405 = DIRECTION ( 'NONE',  ( -0.000000000000000000, -0.000000000000000000, 1.000000000000000000 ) ) ;
#2406 = EDGE_CURVE ( 'NONE', #3572, #1054, #4834, .T. ) ;
#2407 = EDGE_CURVE ( 'NONE', #3302, #895, #3105, .T. ) ;
#2408 = CARTESIAN_POINT ( 'NONE',  ( -5.500000000000001776, -11.99999999999999645, 2.000000000000000000 ) ) ;
#2409 = CARTESIAN_POINT ( 'NONE',  ( -5.000000000000002665, 23.00000000000000000, 0.000000000000000000 ) ) ;
#2410 = VERTEX_POINT ( 'NONE', #2366 ) ;
#2411 = EDGE_LOOP ( 'NONE', ( #5153, #4851 ) ) ;
#2412 = CARTESIAN_POINT ( 'NONE',  ( 15.49999999999999645, 13.00000000000000178, 2.000000000000000000 ) ) ;
#2413 = CARTESIAN_POINT ( 'NONE',  ( -15.00000000000000178, 3.000000000000002665, 2.000000000000000000 ) ) ;
#2414 = AXIS2_PLACEMENT_3D ( 'NONE', #7588, #4626, #6498 ) ;
#2415 = CYLINDRICAL_SURFACE ( 'NONE', #7253, 0.5000000000000004441 ) ;
#2416 = ORIENTED_EDGE ( 'NONE', *, *, #4790, .F. ) ;
#2417 = EDGE_CURVE ( 'NONE', #1190, #7635, #1721, .T. ) ;
#2418 = DIRECTION ( 'NONE',  ( -0.000000000000000000, -0.000000000000000000, 1.000000000000000000 ) ) ;
#2419 = CARTESIAN_POINT ( 'NONE',  ( 9.999999999999998224, 18.00000000000000355, 2.000000000000000000 ) ) ;
#2420 = FACE_OUTER_BOUND ( 'NONE', #5863, .T. ) ;
#2421 = DIRECTION ( 'NONE',  ( -0.000000000000000000, 0.000000000000000000, 1.000000000000000000 ) ) ;
#2422 = DIRECTION ( 'NONE',  ( -0.000000000000000000, 0.000000000000000000, 1.000000000000000000 ) ) ;
#2423 = CYLINDRICAL_SURFACE ( 'NONE', #5321, 0.5000000000000004441 ) ;
#2424 = EDGE_LOOP ( 'NONE', ( #1565, #3449, #5753, #7662 ) ) ;
#2425 = ORIENTED_EDGE ( 'NONE', *, *, #7544, .T. ) ;
#2426 = AXIS2_PLACEMENT_3D ( 'NONE', #1963, #721, #5562 ) ;
#2427 = EDGE_LOOP ( 'NONE', ( #1906, #1324, #537, #3732 ) ) ;
#2428 = DIRECTION ( 'NONE',  ( -0.000000000000000000, -0.000000000000000000, 1.000000000000000000 ) ) ;
#2429 = DIRECTION ( 'NONE',  ( 1.000000000000000000, 0.000000000000000000, 0.000000000000000000 ) ) ;
#2430 = EDGE_LOOP ( 'NONE', ( #935, #4845, #2058, #7326 ) ) ;
#2431 = ORIENTED_EDGE ( 'NONE', *, *, #5592, .T. ) ;
#2432 = FACE_OUTER_BOUND ( 'NONE', #5833, .T. ) ;
#2433 = AXIS2_PLACEMENT_3D ( 'NONE', #6015, #1604, #3833 ) ;
#2434 = EDGE_CURVE ( 'NONE', #2410, #6073, #7361, .T. ) ;
#2435 = EDGE_LOOP ( 'NONE', ( #3540, #7887 ) ) ;
#2436 = CARTESIAN_POINT ( 'NONE',  ( -20.99999999999999645, 41.25000000000000000, 2.000000000000000000 ) ) ;
#2437 = VERTEX_POINT ( 'NONE', #5567 ) ;
#2438 = LINE ( 'NONE', #7381, #6773 ) ;
#2439 = DIRECTION ( 'NONE',  ( 1.000000000000000000, 0.000000000000000000, 0.000000000000000000 ) ) ;
#2440 = ORIENTED_EDGE ( 'NONE', *, *, #4637, .T. ) ;
#2441 = DIRECTION ( 'NONE',  ( 1.000000000000000000, 0.000000000000000000, 0.000000000000000000 ) ) ;
#2442 = CARTESIAN_POINT ( 'NONE',  ( 19.00000000000000000, -41.25000000000000000, 2.000000000000000000 ) ) ;
#2443 = ORIENTED_EDGE ( 'NONE', *, *, #4978, .F. ) ;
#2444 = DIRECTION ( 'NONE',  ( -0.000000000000000000, 0.000000000000000000, 1.000000000000000000 ) ) ;
#2445 = EDGE_CURVE ( 'NONE', #7291, #951, #470, .T. ) ;
#2446 = EDGE_CURVE ( 'NONE', #4314, #1089, #2473, .T. ) ;
#2447 = CARTESIAN_POINT ( 'NONE',  ( -5.000000000000000888, 8.000000000000000000, 0.000000000000000000 ) ) ;
#2448 = VECTOR ( 'NONE', #7557, 1000.000000000000000 ) ;
#2449 = DIRECTION ( 'NONE',  ( 1.000000000000000000, 0.000000000000000000, 0.000000000000000000 ) ) ;
#2450 = DIRECTION ( 'NONE',  ( 1.000000000000000000, 0.000000000000000000, 0.000000000000000000 ) ) ;
#2451 = FACE_OUTER_BOUND ( 'NONE', #2608, .T. ) ;
#2452 = ORIENTED_EDGE ( 'NONE', *, *, #682, .T. ) ;
#2453 = CIRCLE ( 'NONE', #5030, 1.190625000000000711 ) ;
#2454 = ORIENTED_EDGE ( 'NONE', *, *, #7601, .F. ) ;
#2455 = DIRECTION ( 'NONE',  ( -0.000000000000000000, -0.000000000000000000, 1.000000000000000000 ) ) ;
#2456 = EDGE_CURVE ( 'NONE', #601, #2410, #1209, .T. ) ;
#2457 = DIRECTION ( 'NONE',  ( 1.000000000000000000, 0.000000000000000000, 0.000000000000000000 ) ) ;
#2458 = DIRECTION ( 'NONE',  ( 0.000000000000000000, 0.000000000000000000, 1.000000000000000000 ) ) ;
#2459 = ORIENTED_EDGE ( 'NONE', *, *, #2855, .T. ) ;
#2460 = AXIS2_PLACEMENT_3D ( 'NONE', #4658, #2761, #5911 ) ;
#2461 = AXIS2_PLACEMENT_3D ( 'NONE', #373, #4124, #2837 ) ;
#2462 = CARTESIAN_POINT ( 'NONE',  ( -14.50000000000000178, 33.00000000000000000, 0.000000000000000000 ) ) ;
#2463 = VECTOR ( 'NONE', #6093, 1000.000000000000000 ) ;
#2464 = FACE_OUTER_BOUND ( 'NONE', #2183, .T. ) ;
#2465 = CARTESIAN_POINT ( 'NONE',  ( -5.000000000000002665, 23.00000000000000000, -8.000000000000000000 ) ) ;
#2466 = FACE_BOUND ( 'NONE', #4648, .T. ) ;
#2467 = DIRECTION ( 'NONE',  ( 0.000000000000000000, 0.000000000000000000, 1.000000000000000000 ) ) ;
#2468 = DIRECTION ( 'NONE',  ( 1.000000000000000000, 0.000000000000000000, 0.000000000000000000 ) ) ;
#2469 = ORIENTED_EDGE ( 'NONE', *, *, #3577, .F. ) ;
#2470 = EDGE_CURVE ( 'NONE', #6855, #6333, #3501, .T. ) ;
#2471 = VECTOR ( 'NONE', #7012, 1000.000000000000000 ) ;
#2472 = AXIS2_PLACEMENT_3D ( 'NONE', #7761, #7617, #747 ) ;
#2473 = CIRCLE ( 'NONE', #7000, 0.5000000000000004441 ) ;
#2474 = VERTEX_POINT ( 'NONE', #1797 ) ;
#2475 = AXIS2_PLACEMENT_3D ( 'NONE', #178, #3233, #5199 ) ;
#2476 = ORIENTED_EDGE ( 'NONE', *, *, #483, .F. ) ;
#2477 = DIRECTION ( 'NONE',  ( 1.000000000000000000, 0.000000000000000000, 0.000000000000000000 ) ) ;
#2478 = LINE ( 'NONE', #5596, #3822 ) ;
#2479 = ORIENTED_EDGE ( 'NONE', *, *, #3747, .T. ) ;
#2480 = ORIENTED_EDGE ( 'NONE', *, *, #3398, .T. ) ;
#2481 = LINE ( 'NONE', #1907, #1948 ) ;
#2482 = AXIS2_PLACEMENT_3D ( 'NONE', #2281, #6517, #7758 ) ;
#2483 = EDGE_LOOP ( 'NONE', ( #6316, #3582 ) ) ;
#2484 = LINE ( 'NONE', #668, #6349 ) ;
#2485 = ORIENTED_EDGE ( 'NONE', *, *, #4414, .T. ) ;
#2486 = AXIS2_PLACEMENT_3D ( 'NONE', #5446, #7927, #6885 ) ;
#2487 = CIRCLE ( 'NONE', #2733, 0.5000000000000004441 ) ;
#2488 = CARTESIAN_POINT ( 'NONE',  ( -1.734723475976807094E-15, -11.99999999999999645, 0.000000000000000000 ) ) ;
#2489 = ORIENTED_EDGE ( 'NONE', *, *, #5915, .F. ) ;
#2490 = CIRCLE ( 'NONE', #1700, 0.5000000000000004441 ) ;
#2491 = DIRECTION ( 'NONE',  ( 1.000000000000000000, 0.000000000000000000, 0.000000000000000000 ) ) ;
#2492 = CIRCLE ( 'NONE', #1068, 0.5000000000000008882 ) ;
#2493 = ORIENTED_EDGE ( 'NONE', *, *, #4967, .F. ) ;
#2494 = DIRECTION ( 'NONE',  ( -0.000000000000000000, 0.000000000000000000, 1.000000000000000000 ) ) ;
#2495 = CARTESIAN_POINT ( 'NONE',  ( -0.5000000000000043299, 23.00000000000000000, 2.000000000000000000 ) ) ;
#2496 = AXIS2_PLACEMENT_3D ( 'NONE', #1624, #4084, #5264 ) ;
#2497 = EDGE_CURVE ( 'NONE', #4860, #2916, #6757, .T. ) ;
#2498 = EDGE_CURVE ( 'NONE', #3994, #6432, #6139, .T. ) ;
#2499 = CARTESIAN_POINT ( 'NONE',  ( -5.999999999999998224, 41.25000000000000000, 0.000000000000000000 ) ) ;
#2500 = DIRECTION ( 'NONE',  ( 1.000000000000000000, 0.000000000000000000, 0.000000000000000000 ) ) ;
#2501 = EDGE_LOOP ( 'NONE', ( #2556, #142, #5667, #5251 ) ) ;
#2502 = CARTESIAN_POINT ( 'NONE',  ( -15.00000000000000178, -2.000000000000001776, 0.000000000000000000 ) ) ;
#2503 = AXIS2_PLACEMENT_3D ( 'NONE', #3670, #639, #5649 ) ;
#2504 = DIRECTION ( 'NONE',  ( 0.000000000000000000, 0.000000000000000000, 1.000000000000000000 ) ) ;
#2505 = FACE_OUTER_BOUND ( 'NONE', #4105, .T. ) ;
#2506 = ORIENTED_EDGE ( 'NONE', *, *, #4978, .T. ) ;
#2507 = DIRECTION ( 'NONE',  ( -0.000000000000000000, -0.000000000000000000, 1.000000000000000000 ) ) ;
#2508 = DIRECTION ( 'NONE',  ( 0.000000000000000000, 0.000000000000000000, 1.000000000000000000 ) ) ;
#2509 = LINE ( 'NONE', #4970, #3242 ) ;
#2510 = LINE ( 'NONE', #652, #7140 ) ;
#2511 = DIRECTION ( 'NONE',  ( -0.000000000000000000, -0.000000000000000000, 1.000000000000000000 ) ) ;
#2512 = ORIENTED_EDGE ( 'NONE', *, *, #2616, .F. ) ;
#2513 = VERTEX_POINT ( 'NONE', #1845 ) ;
#2514 = ORIENTED_EDGE ( 'NONE', *, *, #6182, .T. ) ;
#2515 = DIRECTION ( 'NONE',  ( -0.000000000000000000, -0.000000000000000000, 1.000000000000000000 ) ) ;
#2516 = VERTEX_POINT ( 'NONE', #4310 ) ;
#2518 = EDGE_CURVE ( 'NONE', #6432, #4578, #6799, .T. ) ;
#2517 = ORIENTED_EDGE ( 'NONE', *, *, #2191, .T. ) ;
#2519 = CARTESIAN_POINT ( 'NONE',  ( 5.999999999999998224, 41.25000000000000000, -0.001000000000000132727 ) ) ;
#2520 = AXIS2_PLACEMENT_3D ( 'NONE', #7123, #1567, #4685 ) ;
#2521 = EDGE_LOOP ( 'NONE', ( #3101, #1448, #392, #5608 ) ) ;
#2522 = DIRECTION ( 'NONE',  ( 1.000000000000000000, 0.000000000000000000, 0.000000000000000000 ) ) ;
#2523 = ORIENTED_EDGE ( 'NONE', *, *, #4822, .T. ) ;
#2524 = DIRECTION ( 'NONE',  ( -0.000000000000000000, -0.000000000000000000, 1.000000000000000000 ) ) ;
#2525 = CYLINDRICAL_SURFACE ( 'NONE', #5177, 0.5000000000000004441 ) ;
#2526 = ORIENTED_EDGE ( 'NONE', *, *, #4680, .T. ) ;
#2527 = EDGE_CURVE ( 'NONE', #7815, #561, #4135, .T. ) ;
#2528 = AXIS2_PLACEMENT_3D ( 'NONE', #3771, #6250, #86 ) ;
#2529 = CARTESIAN_POINT ( 'NONE',  ( -4.500000000000000888, 13.00000000000000178, -8.000000000000000000 ) ) ;
#2530 = EDGE_CURVE ( 'NONE', #3572, #3222, #2056, .T. ) ;
#2531 = VERTEX_POINT ( 'NONE', #2035 ) ;
#2532 = LINE ( 'NONE', #552, #7598 ) ;
#2533 = CARTESIAN_POINT ( 'NONE',  ( 9.500000000000001776, -11.99999999999999645, -8.000000000000000000 ) ) ;
#2534 = FACE_BOUND ( 'NONE', #4475, .T. ) ;
#2535 = CYLINDRICAL_SURFACE ( 'NONE', #3745, 0.5000000000000004441 ) ;
#2536 = ORIENTED_EDGE ( 'NONE', *, *, #5919, .F. ) ;
#2537 = ORIENTED_EDGE ( 'NONE', *, *, #3609, .F. ) ;
#2538 = DIRECTION ( 'NONE',  ( -0.000000000000000000, -0.000000000000000000, 1.000000000000000000 ) ) ;
#2539 = FACE_OUTER_BOUND ( 'NONE', #2010, .T. ) ;
#2540 = EDGE_CURVE ( 'NONE', #1680, #1190, #7385, .T. ) ;
#2541 = CARTESIAN_POINT ( 'NONE',  ( 4.999999999999997335, 33.00000000000000000, -8.000000000000000000 ) ) ;
#2542 = ORIENTED_EDGE ( 'NONE', *, *, #6811, .T. ) ;
#2543 = DIRECTION ( 'NONE',  ( -0.000000000000000000, -0.000000000000000000, 1.000000000000000000 ) ) ;
#2544 = VECTOR ( 'NONE', #2065, 1000.000000000000000 ) ;
#2545 = ORIENTED_EDGE ( 'NONE', *, *, #3049, .F. ) ;
#2546 = CARTESIAN_POINT ( 'NONE',  ( -3.469446951953614189E-15, 28.00000000000000000, 2.000000000000000000 ) ) ;
#2547 = CARTESIAN_POINT ( 'NONE',  ( 0.5000000000000008882, -32.00000000000000000, 2.000000000000000000 ) ) ;
#2548 = CARTESIAN_POINT ( 'NONE',  ( 13.25000000000000178, 34.50000000000000000, 2.000000000000000000 ) ) ;
#2549 = EDGE_LOOP ( 'NONE', ( #2332, #4039 ) ) ;
#2550 = CIRCLE ( 'NONE', #5651, 0.5000000000000004441 ) ;
#2551 = VERTEX_POINT ( 'NONE', #1966 ) ;
#2552 = EDGE_CURVE ( 'NONE', #1264, #5875, #4916, .T. ) ;
#2553 = ORIENTED_EDGE ( 'NONE', *, *, #7720, .T. ) ;
#2554 = CARTESIAN_POINT ( 'NONE',  ( 4.500000000000000888, -26.99999999999999645, 0.000000000000000000 ) ) ;
#2555 = EDGE_CURVE ( 'NONE', #1362, #3856, #5956, .T. ) ;
#2556 = ORIENTED_EDGE ( 'NONE', *, *, #186, .F. ) ;
#2557 = CARTESIAN_POINT ( 'NONE',  ( -14.50000000000000178, 23.00000000000000000, 2.000000000000000000 ) ) ;
#2558 = AXIS2_PLACEMENT_3D ( 'NONE', #333, #4848, #575 ) ;
#2559 = ORIENTED_EDGE ( 'NONE', *, *, #5749, .T. ) ;
#2560 = CARTESIAN_POINT ( 'NONE',  ( 18.50000000000000355, 38.50000000000000000, 0.000000000000000000 ) ) ;
#2561 = EDGE_CURVE ( 'NONE', #4948, #2916, #1687, .T. ) ;
#2562 = EDGE_LOOP ( 'NONE', ( #996, #508, #807, #4850 ) ) ;
#2563 = CARTESIAN_POINT ( 'NONE',  ( 10.00000000000000178, -11.99999999999999645, -8.000000000000000000 ) ) ;
#2564 = EDGE_LOOP ( 'NONE', ( #5728, #7916 ) ) ;
#2565 = CIRCLE ( 'NONE', #1011, 0.5000000000000004441 ) ;
#2566 = CARTESIAN_POINT ( 'NONE',  ( 5.499999999999998224, -2.000000000000001776, 0.000000000000000000 ) ) ;
#2567 = VERTEX_POINT ( 'NONE', #4470 ) ;
#2568 = DIRECTION ( 'NONE',  ( -1.000000000000000000, 0.000000000000000000, -0.000000000000000000 ) ) ;
#2569 = ADVANCED_FACE ( 'NONE', ( #6268, #1331, #3828, #177, #1400, #2572, #4433, #2001, #6955, #5031, #837, #6302, #6879, #103, #4507, #6987, #3232, #5688, #3312, #215, #2648, #7031, #5616, #3791, #66, #5151, #5109, #138, #1922, #2081, #3154, #725, #3195, #2614, #5078, #5650, #1440, #7589, #4556, #6222, #2534, #4994, #4772, #7900, #5197, #6462, #6503, #3379, #7709, #4171, #870, #5847, #454, #5379, #2730, #6694, #7675, #1704, #1742, #302, #3974, #5469, #2766, #4590, #7858, #4205, #2154, #1142, #2957, #5235, #904, #7064, #4628, #6657, #7251, #7102, #1547, #2301, #1101, #4012, #3607, #6424, #2121, #947, #1478, #3942, #2346, #7945, #3417, #6074, #3002, #4857, #5881, #3344, #2917, #3569, #6031, #5808, #490 ), #5420, .T. ) ;
#2570 = CIRCLE ( 'NONE', #7095, 0.5000000000000004441 ) ;
#2571 = FACE_OUTER_BOUND ( 'NONE', #5414, .T. ) ;
#2572 = FACE_BOUND ( 'NONE', #457, .T. ) ;
#2573 = CARTESIAN_POINT ( 'NONE',  ( 14.49999999999999467, -2.000000000000001776, -8.000000000000000000 ) ) ;
#2574 = DIRECTION ( 'NONE',  ( 0.000000000000000000, 0.000000000000000000, 1.000000000000000000 ) ) ;
#2575 = ORIENTED_EDGE ( 'NONE', *, *, #7310, .F. ) ;
#2576 = ORIENTED_EDGE ( 'NONE', *, *, #5443, .T. ) ;
#2577 = ADVANCED_FACE ( 'NONE', ( #2389 ), #256, .F. ) ;
#2578 = CARTESIAN_POINT ( 'NONE',  ( 9.999999999999998224, 3.000000000000002665, -8.000000000000000000 ) ) ;
#2579 = CYLINDRICAL_SURFACE ( 'NONE', #813, 0.5000000000000004441 ) ;
#2580 = ORIENTED_EDGE ( 'NONE', *, *, #1642, .T. ) ;
#2581 = DIRECTION ( 'NONE',  ( 1.000000000000000000, 0.000000000000000000, 0.000000000000000000 ) ) ;
#2583 = EDGE_CURVE ( 'NONE', #5653, #4075, #3938, .T. ) ;
#2582 = CARTESIAN_POINT ( 'NONE',  ( -2.749999999999999112, -3.049999999999999822, 0.000000000000000000 ) ) ;
#2584 = AXIS2_PLACEMENT_3D ( 'NONE', #4961, #4347, #104 ) ;
#2585 = DIRECTION ( 'NONE',  ( -0.000000000000000000, 0.000000000000000000, 1.000000000000000000 ) ) ;
#2586 = DIRECTION ( 'NONE',  ( 0.000000000000000000, 0.000000000000000000, 1.000000000000000000 ) ) ;
#2587 = CYLINDRICAL_SURFACE ( 'NONE', #5722, 0.5000000000000008882 ) ;
#2588 = ORIENTED_EDGE ( 'NONE', *, *, #2518, .T. ) ;
#2589 = AXIS2_PLACEMENT_3D ( 'NONE', #2265, #2959, #1659 ) ;
#2590 = LINE ( 'NONE', #5092, #3310 ) ;
#2591 = EDGE_CURVE ( 'NONE', #4926, #942, #251, .T. ) ;
#2593 = EDGE_CURVE ( 'NONE', #1822, #5547, #7586, .T. ) ;
#2592 = ORIENTED_EDGE ( 'NONE', *, *, #1454, .F. ) ;
#2594 = DIRECTION ( 'NONE',  ( 1.000000000000000000, 0.000000000000000000, 0.000000000000000000 ) ) ;
#2595 = CIRCLE ( 'NONE', #794, 0.5000000000000008882 ) ;
#2596 = VECTOR ( 'NONE', #2395, 1000.000000000000000 ) ;
#2597 = AXIS2_PLACEMENT_3D ( 'NONE', #3547, #4600, #267 ) ;
#2598 = VERTEX_POINT ( 'NONE', #6299 ) ;
#2599 = DIRECTION ( 'NONE',  ( -0.000000000000000000, 1.000000000000000000, 0.000000000000000000 ) ) ;
#2600 = ORIENTED_EDGE ( 'NONE', *, *, #3529, .F. ) ;
#2601 = DIRECTION ( 'NONE',  ( -0.000000000000000000, -0.000000000000000000, 1.000000000000000000 ) ) ;
#2602 = AXIS2_PLACEMENT_3D ( 'NONE', #5889, #349, #1799 ) ;
#2603 = CIRCLE ( 'NONE', #17, 0.5000000000000004441 ) ;
#2604 = ORIENTED_EDGE ( 'NONE', *, *, #1010, .T. ) ;
#2605 = EDGE_CURVE ( 'NONE', #5547, #3532, #6981, .T. ) ;
#2606 = DIRECTION ( 'NONE',  ( 1.000000000000000000, 0.000000000000000000, 0.000000000000000000 ) ) ;
#2607 = EDGE_CURVE ( 'NONE', #2175, #3687, #8022, .T. ) ;
#2608 = EDGE_LOOP ( 'NONE', ( #3420, #3023, #2669, #321 ) ) ;
#2609 = VECTOR ( 'NONE', #1040, 1000.000000000000000 ) ;
#2610 = CIRCLE ( 'NONE', #7133, 0.5000000000000004441 ) ;
#2611 = CARTESIAN_POINT ( 'NONE',  ( 10.50000000000000178, -11.99999999999999645, -8.000000000000000000 ) ) ;
#2612 = CARTESIAN_POINT ( 'NONE',  ( -3.469446951953614189E-15, 23.00000000000000000, 2.000000000000000000 ) ) ;
#2613 = CIRCLE ( 'NONE', #152, 0.5000000000000004441 ) ;
#2614 = FACE_BOUND ( 'NONE', #4151, .T. ) ;
#2615 = CIRCLE ( 'NONE', #1457, 0.5000000000000004441 ) ;
#2616 = EDGE_CURVE ( 'NONE', #3036, #6969, #7625, .T. ) ;
#2617 = AXIS2_PLACEMENT_3D ( 'NONE', #1093, #4238, #6687 ) ;
#2618 = FACE_OUTER_BOUND ( 'NONE', #59, .T. ) ;
#2619 = DIRECTION ( 'NONE',  ( 1.000000000000000000, 0.000000000000000000, 0.000000000000000000 ) ) ;
#2620 = ORIENTED_EDGE ( 'NONE', *, *, #357, .T. ) ;
#2621 = EDGE_LOOP ( 'NONE', ( #1872, #4547 ) ) ;
#2622 = AXIS2_PLACEMENT_3D ( 'NONE', #7825, #2270, #4739 ) ;
#2623 = DIRECTION ( 'NONE',  ( -0.000000000000000000, -0.000000000000000000, 1.000000000000000000 ) ) ;
#2624 = DIRECTION ( 'NONE',  ( 0.000000000000000000, 0.000000000000000000, 1.000000000000000000 ) ) ;
#2625 = ORIENTED_EDGE ( 'NONE', *, *, #4726, .T. ) ;
#2626 =( NAMED_UNIT ( * ) PLANE_ANGLE_UNIT ( ) SI_UNIT ( $, .RADIAN. ) );
#2627 = PLANE ( 'NONE',  #6783 ) ;
#2628 = CARTESIAN_POINT ( 'NONE',  ( 4.999999999999997335, 28.00000000000000000, 0.000000000000000000 ) ) ;
#2629 = CARTESIAN_POINT ( 'NONE',  ( -15.50000000000000178, -6.999999999999999112, -8.000000000000000000 ) ) ;
#2630 = EDGE_LOOP ( 'NONE', ( #3844, #3511 ) ) ;
#2631 = CIRCLE ( 'NONE', #6518, 0.5000000000000004441 ) ;
#2632 = CARTESIAN_POINT ( 'NONE',  ( -0.5000000000000026645, 3.000000000000002665, -8.000000000000000000 ) ) ;
#2633 = ORIENTED_EDGE ( 'NONE', *, *, #278, .T. ) ;
#2634 = DIRECTION ( 'NONE',  ( 1.000000000000000000, 0.000000000000000000, 0.000000000000000000 ) ) ;
#2635 = VERTEX_POINT ( 'NONE', #3307 ) ;
#2636 = EDGE_LOOP ( 'NONE', ( #2506, #6444 ) ) ;
#2637 = DIRECTION ( 'NONE',  ( -0.000000000000000000, 0.000000000000000000, 1.000000000000000000 ) ) ;
#2638 = EDGE_CURVE ( 'NONE', #3616, #3568, #4396, .T. ) ;
#2639 = EDGE_LOOP ( 'NONE', ( #4497, #61, #5419, #3144 ) ) ;
#2640 = CARTESIAN_POINT ( 'NONE',  ( -5.000000000000000888, -2.000000000000001776, -8.000000000000000000 ) ) ;
#2641 = ORIENTED_EDGE ( 'NONE', *, *, #5102, .T. ) ;
#2642 = ADVANCED_FACE ( 'NONE', ( #2683 ), #867, .F. ) ;
#2643 = ORIENTED_EDGE ( 'NONE', *, *, #7562, .T. ) ;
#2644 = DIRECTION ( 'NONE',  ( 1.000000000000000000, 0.000000000000000000, 0.000000000000000000 ) ) ;
#2645 = DIRECTION ( 'NONE',  ( 0.000000000000000000, 0.000000000000000000, 1.000000000000000000 ) ) ;
#2646 = EDGE_CURVE ( 'NONE', #4722, #5027, #7673, .T. ) ;
#2647 = DIRECTION ( 'NONE',  ( 1.000000000000000000, 0.000000000000000000, 0.000000000000000000 ) ) ;
#2648 = FACE_BOUND ( 'NONE', #863, .T. ) ;
#2649 = DIRECTION ( 'NONE',  ( 0.000000000000000000, 0.000000000000000000, 1.000000000000000000 ) ) ;
#2650 = VERTEX_POINT ( 'NONE', #2117 ) ;
#2651 = VERTEX_POINT ( 'NONE', #298 ) ;
#2652 = CARTESIAN_POINT ( 'NONE',  ( 14.49999999999999822, -26.99999999999999645, 0.000000000000000000 ) ) ;
#2653 = DIRECTION ( 'NONE',  ( -0.000000000000000000, -0.000000000000000000, 1.000000000000000000 ) ) ;
#2654 = ORIENTED_EDGE ( 'NONE', *, *, #5215, .F. ) ;
#2655 = ADVANCED_FACE ( 'NONE', ( #3268 ), #3342, .F. ) ;
#2656 = CIRCLE ( 'NONE', #1765, 0.5000000000000004441 ) ;
#2657 = CARTESIAN_POINT ( 'NONE',  ( 5.000000000000000888, -6.999999999999999112, -8.000000000000000000 ) ) ;
#2658 = CARTESIAN_POINT ( 'NONE',  ( -1.734723475976807094E-15, -6.999999999999999112, 0.000000000000000000 ) ) ;
#2659 = LINE ( 'NONE', #7605, #3523 ) ;
#2660 = CARTESIAN_POINT ( 'NONE',  ( -20.30000000000000071, -20.54999999999999716, 0.000000000000000000 ) ) ;
#2661 = DIRECTION ( 'NONE',  ( -0.000000000000000000, 0.000000000000000000, 1.000000000000000000 ) ) ;
#2662 = ORIENTED_EDGE ( 'NONE', *, *, #462, .T. ) ;
#2663 = EDGE_CURVE ( 'NONE', #29, #6922, #2151, .T. ) ;
#2664 = AXIS2_PLACEMENT_3D ( 'NONE', #5224, #4498, #3893 ) ;
#2665 = CARTESIAN_POINT ( 'NONE',  ( 10.49999999999999822, 28.00000000000000000, -8.000000000000000000 ) ) ;
#2666 = EDGE_LOOP ( 'NONE', ( #1780, #5634 ) ) ;
#2667 = CARTESIAN_POINT ( 'NONE',  ( -4.999999999999999112, -26.99999999999999645, -8.000000000000000000 ) ) ;
#2668 = CIRCLE ( 'NONE', #4610, 0.5000000000000004441 ) ;
#2669 = ORIENTED_EDGE ( 'NONE', *, *, #94, .T. ) ;
#2670 = EDGE_CURVE ( 'NONE', #4516, #2143, #1397, .T. ) ;
#2671 = ORIENTED_EDGE ( 'NONE', *, *, #240, .F. ) ;
#2672 = DIRECTION ( 'NONE',  ( 1.000000000000000000, 0.000000000000000000, 0.000000000000000000 ) ) ;
#2673 = ORIENTED_EDGE ( 'NONE', *, *, #2258, .F. ) ;
#2674 = VECTOR ( 'NONE', #4701, 1000.000000000000000 ) ;
#2675 = DIRECTION ( 'NONE',  ( 1.000000000000000000, 0.000000000000000000, 0.000000000000000000 ) ) ;
#2676 = ORIENTED_EDGE ( 'NONE', *, *, #3489, .T. ) ;
#2677 = DIRECTION ( 'NONE',  ( -0.000000000000000000, -0.000000000000000000, 1.000000000000000000 ) ) ;
#2678 = ADVANCED_FACE ( 'NONE', ( #174 ), #2074, .F. ) ;
#2679 = AXIS2_PLACEMENT_3D ( 'NONE', #2970, #2851, #4707 ) ;
#2680 = CARTESIAN_POINT ( 'NONE',  ( -4.500000000000002665, 33.00000000000000000, -8.000000000000000000 ) ) ;
#2681 = EDGE_LOOP ( 'NONE', ( #2953, #4326, #7098, #6589 ) ) ;
#2682 = ORIENTED_EDGE ( 'NONE', *, *, #1260, .F. ) ;
#2683 = FACE_OUTER_BOUND ( 'NONE', #3515, .T. ) ;
#2684 = DIRECTION ( 'NONE',  ( 1.000000000000000000, 0.000000000000000000, 0.000000000000000000 ) ) ;
#2685 = CIRCLE ( 'NONE', #5013, 0.5000000000000004441 ) ;
#2686 = DIRECTION ( 'NONE',  ( -0.000000000000000000, -0.000000000000000000, 1.000000000000000000 ) ) ;
#2687 = DIRECTION ( 'NONE',  ( 1.000000000000000000, 0.000000000000000000, 0.000000000000000000 ) ) ;
#2688 = DIRECTION ( 'NONE',  ( -0.000000000000000000, -0.000000000000000000, 1.000000000000000000 ) ) ;
#2689 = VERTEX_POINT ( 'NONE', #3969 ) ;
#2690 = EDGE_CURVE ( 'NONE', #7318, #197, #2975, .T. ) ;
#2691 = VECTOR ( 'NONE', #6804, 1000.000000000000000 ) ;
#2692 = ORIENTED_EDGE ( 'NONE', *, *, #1318, .F. ) ;
#2693 = CARTESIAN_POINT ( 'NONE',  ( -6.641006692158093472, -0.4000000000000002442, 0.000000000000000000 ) ) ;
#2694 = LINE ( 'NONE', #954, #7784 ) ;
#2695 = EDGE_LOOP ( 'NONE', ( #1020, #3399, #1931, #1186 ) ) ;
#2696 = VECTOR ( 'NONE', #6669, 1000.000000000000000 ) ;
#2697 = FILL_AREA_STYLE ('',( #7529 ) ) ;
#2698 = DIRECTION ( 'NONE',  ( -1.000000000000000000, 0.000000000000000000, -0.000000000000000000 ) ) ;
#2699 = DIRECTION ( 'NONE',  ( -0.000000000000000000, -0.000000000000000000, 1.000000000000000000 ) ) ;
#2700 = ADVANCED_FACE ( 'NONE', ( #3375 ), #5842, .F. ) ;
#2701 = CYLINDRICAL_SURFACE ( 'NONE', #7663, 0.5000000000000004441 ) ;
#2702 = CYLINDRICAL_SURFACE ( 'NONE', #4285, 0.5000000000000004441 ) ;
#2703 = DIRECTION ( 'NONE',  ( 1.000000000000000000, 0.000000000000000000, 0.000000000000000000 ) ) ;
#2704 = ADVANCED_FACE ( 'NONE', ( #4468 ), #6952, .F. ) ;
#2705 = ADVANCED_FACE ( 'NONE', ( #5424 ), #2268, .F. ) ;
#2706 = EDGE_LOOP ( 'NONE', ( #6627, #5542, #3405, #4943 ) ) ;
#2707 = AXIS2_PLACEMENT_3D ( 'NONE', #4322, #6809, #1223 ) ;
#2708 = DIRECTION ( 'NONE',  ( 1.000000000000000000, 0.000000000000000000, 0.000000000000000000 ) ) ;
#2709 = ORIENTED_EDGE ( 'NONE', *, *, #2202, .T. ) ;
#2710 = DIRECTION ( 'NONE',  ( 1.000000000000000000, 0.000000000000000000, 0.000000000000000000 ) ) ;
#2711 = EDGE_CURVE ( 'NONE', #6528, #448, #261, .T. ) ;
#2712 = CIRCLE ( 'NONE', #7885, 0.5000000000000004441 ) ;
#2713 = ORIENTED_EDGE ( 'NONE', *, *, #5091, .F. ) ;
#2714 = ORIENTED_EDGE ( 'NONE', *, *, #724, .T. ) ;
#2715 = DIRECTION ( 'NONE',  ( 1.000000000000000000, 0.000000000000000000, 0.000000000000000000 ) ) ;
#2716 = ORIENTED_EDGE ( 'NONE', *, *, #2089, .T. ) ;
#2717 = VECTOR ( 'NONE', #5638, 1000.000000000000000 ) ;
#2718 = AXIS2_PLACEMENT_3D ( 'NONE', #7027, #6459, #6917 ) ;
#2719 = CARTESIAN_POINT ( 'NONE',  ( -3.469446951953614189E-15, 33.00000000000000000, 2.000000000000000000 ) ) ;
#2720 = AXIS2_PLACEMENT_3D ( 'NONE', #3240, #4519, #7488 ) ;
#2721 = DIRECTION ( 'NONE',  ( 1.000000000000000000, 0.000000000000000000, 0.000000000000000000 ) ) ;
#2722 = ORIENTED_EDGE ( 'NONE', *, *, #7256, .T. ) ;
#2723 = DIRECTION ( 'NONE',  ( 1.000000000000000000, 0.000000000000000000, 0.000000000000000000 ) ) ;
#2724 = VECTOR ( 'NONE', #2907, 1000.000000000000000 ) ;
#2725 = EDGE_CURVE ( 'NONE', #6609, #6969, #8, .T. ) ;
#2726 = CARTESIAN_POINT ( 'NONE',  ( 5.500000000000001776, -22.00000000000000000, 0.000000000000000000 ) ) ;
#2727 = CIRCLE ( 'NONE', #2475, 0.5000000000000004441 ) ;
#2728 = AXIS2_PLACEMENT_3D ( 'NONE', #15, #3819, #750 ) ;
#2729 = CYLINDRICAL_SURFACE ( 'NONE', #3451, 0.5000000000000004441 ) ;
#2730 = FACE_BOUND ( 'NONE', #310, .T. ) ;
#2731 = CARTESIAN_POINT ( 'NONE',  ( -5.000000000000000888, -22.00000000000000000, 0.000000000000000000 ) ) ;
#2732 = CARTESIAN_POINT ( 'NONE',  ( 4.499999999999997335, 23.00000000000000000, 0.000000000000000000 ) ) ;
#2733 = AXIS2_PLACEMENT_3D ( 'NONE', #7151, #1593, #3459 ) ;
#2734 = ORIENTED_EDGE ( 'NONE', *, *, #1036, .T. ) ;
#2735 = VERTEX_POINT ( 'NONE', #4008 ) ;
#2736 = DIRECTION ( 'NONE',  ( 1.000000000000000000, 0.000000000000000000, 0.000000000000000000 ) ) ;
#2737 = CARTESIAN_POINT ( 'NONE',  ( -18.99999999999999645, 41.25000000000000000, 0.000000000000000000 ) ) ;
#2738 = ORIENTED_EDGE ( 'NONE', *, *, #516, .T. ) ;
#2739 = EDGE_CURVE ( 'NONE', #7184, #5012, #943, .T. ) ;
#2740 = EDGE_CURVE ( 'NONE', #343, #2826, #1661, .T. ) ;
#2741 = AXIS2_PLACEMENT_3D ( 'NONE', #554, #468, #2931 ) ;
#2742 = CIRCLE ( 'NONE', #3900, 0.5000000000000004441 ) ;
#2743 = LINE ( 'NONE', #7684, #6351 ) ;
#2744 = DIRECTION ( 'NONE',  ( 1.000000000000000000, 0.000000000000000000, 0.000000000000000000 ) ) ;
#2745 = VECTOR ( 'NONE', #3201, 1000.000000000000000 ) ;
#2746 = FACE_OUTER_BOUND ( 'NONE', #5084, .T. ) ;
#2747 = CARTESIAN_POINT ( 'NONE',  ( -5.500000000000001776, 13.00000000000000178, 0.000000000000000000 ) ) ;
#2748 = VERTEX_POINT ( 'NONE', #495 ) ;
#2749 = CIRCLE ( 'NONE', #702, 0.5000000000000004441 ) ;
#2750 = DIRECTION ( 'NONE',  ( 1.000000000000000000, 0.000000000000000000, 0.000000000000000000 ) ) ;
#2751 = CIRCLE ( 'NONE', #4686, 0.5000000000000004441 ) ;
#2752 = EDGE_LOOP ( 'NONE', ( #3086, #5585 ) ) ;
#2753 = DIRECTION ( 'NONE',  ( 1.000000000000000000, 0.000000000000000000, 0.000000000000000000 ) ) ;
#2754 = ORIENTED_EDGE ( 'NONE', *, *, #2591, .T. ) ;
#2755 = ORIENTED_EDGE ( 'NONE', *, *, #3729, .T. ) ;
#2756 = VERTEX_POINT ( 'NONE', #1623 ) ;
#2757 = DIRECTION ( 'NONE',  ( 1.000000000000000000, 0.000000000000000000, 0.000000000000000000 ) ) ;
#2758 = CARTESIAN_POINT ( 'NONE',  ( 14.49999999999999467, 8.000000000000000000, 0.000000000000000000 ) ) ;
#2759 = ORIENTED_EDGE ( 'NONE', *, *, #3252, .T. ) ;
#2760 = CYLINDRICAL_SURFACE ( 'NONE', #3365, 0.5000000000000004441 ) ;
#2761 = DIRECTION ( 'NONE',  ( -0.000000000000000000, -0.000000000000000000, 1.000000000000000000 ) ) ;
#2762 = ORIENTED_EDGE ( 'NONE', *, *, #4377, .F. ) ;
#2763 = CARTESIAN_POINT ( 'NONE',  ( 10.00000000000000178, -6.999999999999999112, -8.000000000000000000 ) ) ;
#2764 = ADVANCED_FACE ( 'NONE', ( #7863 ), #6576, .T. ) ;
#2765 = DIRECTION ( 'NONE',  ( 0.000000000000000000, 0.000000000000000000, 1.000000000000000000 ) ) ;
#2766 = FACE_BOUND ( 'NONE', #1995, .T. ) ;
#2767 = DIRECTION ( 'NONE',  ( -0.000000000000000000, 0.000000000000000000, 1.000000000000000000 ) ) ;
#2768 = ORIENTED_EDGE ( 'NONE', *, *, #4721, .F. ) ;
#2769 = DIRECTION ( 'NONE',  ( -0.000000000000000000, -0.000000000000000000, 1.000000000000000000 ) ) ;
#2770 = ORIENTED_EDGE ( 'NONE', *, *, #6426, .T. ) ;
#2771 = CARTESIAN_POINT ( 'NONE',  ( 15.00000000000000000, -11.99999999999999645, -8.000000000000000000 ) ) ;
#2772 = DIRECTION ( 'NONE',  ( 0.000000000000000000, 0.000000000000000000, 1.000000000000000000 ) ) ;
#2773 = CIRCLE ( 'NONE', #451, 0.5000000000000004441 ) ;
#2774 = ORIENTED_EDGE ( 'NONE', *, *, #3702, .T. ) ;
#2775 = AXIS2_PLACEMENT_3D ( 'NONE', #5642, #7337, #3224 ) ;
#2776 = CARTESIAN_POINT ( 'NONE',  ( 10.50000000000000178, -6.999999999999999112, -8.000000000000000000 ) ) ;
#2777 = DIRECTION ( 'NONE',  ( 1.000000000000000000, 0.000000000000000000, 0.000000000000000000 ) ) ;
#2778 = VECTOR ( 'NONE', #530, 1000.000000000000000 ) ;
#2779 = DIRECTION ( 'NONE',  ( 1.000000000000000000, 0.000000000000000000, 0.000000000000000000 ) ) ;
#2780 = EDGE_CURVE ( 'NONE', #4374, #4258, #4661, .T. ) ;
#2781 = DIRECTION ( 'NONE',  ( -0.000000000000000000, 0.000000000000000000, 1.000000000000000000 ) ) ;
#2782 = CARTESIAN_POINT ( 'NONE',  ( 14.49999999999999822, -32.00000000000000000, -8.000000000000000000 ) ) ;
#2783 = EDGE_LOOP ( 'NONE', ( #2821, #3915 ) ) ;
#2784 = FACE_OUTER_BOUND ( 'NONE', #2562, .T. ) ;
#2785 = ORIENTED_EDGE ( 'NONE', *, *, #6136, .T. ) ;
#2786 = DIRECTION ( 'NONE',  ( -0.000000000000000000, -0.000000000000000000, 1.000000000000000000 ) ) ;
#2787 = VERTEX_POINT ( 'NONE', #6618 ) ;
#2788 = ADVANCED_FACE ( 'NONE', ( #1587 ), #7099, .F. ) ;
#2789 = ORIENTED_EDGE ( 'NONE', *, *, #3700, .F. ) ;
#2790 = ORIENTED_EDGE ( 'NONE', *, *, #6908, .F. ) ;
#2791 = CARTESIAN_POINT ( 'NONE',  ( -5.000000000000002665, 28.00000000000000000, 0.000000000000000000 ) ) ;
#2792 = ADVANCED_FACE ( 'NONE', ( #4048 ), #2800, .F. ) ;
#2793 = DIRECTION ( 'NONE',  ( -0.000000000000000000, 0.000000000000000000, 1.000000000000000000 ) ) ;
#2794 = ORIENTED_EDGE ( 'NONE', *, *, #1590, .F. ) ;
#2795 = DIRECTION ( 'NONE',  ( 0.000000000000000000, -1.000000000000000000, 0.000000000000000000 ) ) ;
#2796 = DIRECTION ( 'NONE',  ( -0.000000000000000000, 0.000000000000000000, 1.000000000000000000 ) ) ;
#2797 = ADVANCED_FACE ( 'NONE', ( #5263 ), #459, .F. ) ;
#2798 = VECTOR ( 'NONE', #4127, 1000.000000000000000 ) ;
#2799 = ORIENTED_EDGE ( 'NONE', *, *, #4058, .T. ) ;
#2800 = CYLINDRICAL_SURFACE ( 'NONE', #4261, 0.5000000000000004441 ) ;
#2801 = DIRECTION ( 'NONE',  ( -0.000000000000000000, -0.000000000000000000, 1.000000000000000000 ) ) ;
#2802 = CARTESIAN_POINT ( 'NONE',  ( -9.500000000000001776, 33.00000000000000000, -8.000000000000000000 ) ) ;
#2803 = EDGE_CURVE ( 'NONE', #6922, #1176, #6875, .T. ) ;
#2804 = ORIENTED_EDGE ( 'NONE', *, *, #584, .T. ) ;
#2805 = CARTESIAN_POINT ( 'NONE',  ( 9.500000000000001776, -11.99999999999999645, 2.000000000000000000 ) ) ;
#2806 = EDGE_LOOP ( 'NONE', ( #6190, #6023 ) ) ;
#2807 = CARTESIAN_POINT ( 'NONE',  ( 15.50000000000000000, -26.99999999999999645, -8.000000000000000000 ) ) ;
#2808 = CIRCLE ( 'NONE', #7999, 0.5000000000000008882 ) ;
#2809 = DIRECTION ( 'NONE',  ( 1.000000000000000000, 0.000000000000000000, 0.000000000000000000 ) ) ;
#2810 = VERTEX_POINT ( 'NONE', #7824 ) ;
#2811 = CARTESIAN_POINT ( 'NONE',  ( 10.50000000000000178, -17.00000000000000000, 0.000000000000000000 ) ) ;
#2812 = AXIS2_PLACEMENT_3D ( 'NONE', #5362, #1764, #4840 ) ;
#2813 = EDGE_CURVE ( 'NONE', #5255, #969, #7515, .T. ) ;
#2814 = FACE_OUTER_BOUND ( 'NONE', #1, .T. ) ;
#2815 = LINE ( 'NONE', #7116, #1833 ) ;
#2816 = DIRECTION ( 'NONE',  ( -0.000000000000000000, -0.000000000000000000, 1.000000000000000000 ) ) ;
#2817 = DIRECTION ( 'NONE',  ( -0.000000000000000000, -0.000000000000000000, 1.000000000000000000 ) ) ;
#2818 = EDGE_LOOP ( 'NONE', ( #7054, #1826 ) ) ;
#2819 = EDGE_CURVE ( 'NONE', #785, #3107, #1021, .T. ) ;
#2820 = CYLINDRICAL_SURFACE ( 'NONE', #5490, 0.5000000000000004441 ) ;
#2821 = ORIENTED_EDGE ( 'NONE', *, *, #7268, .F. ) ;
#2822 = CYLINDRICAL_SURFACE ( 'NONE', #1163, 0.5000000000000008882 ) ;
#2823 = FACE_BOUND ( 'NONE', #4490, .T. ) ;
#2824 = CARTESIAN_POINT ( 'NONE',  ( 18.50000000000000355, -38.50000000000000000, 2.000000000000000000 ) ) ;
#2825 = ORIENTED_EDGE ( 'NONE', *, *, #2780, .T. ) ;
#2826 = VERTEX_POINT ( 'NONE', #4738 ) ;
#2827 = AXIS2_PLACEMENT_3D ( 'NONE', #7477, #5771, #759 ) ;
#2828 = ORIENTED_EDGE ( 'NONE', *, *, #6727, .T. ) ;
#2829 = EDGE_CURVE ( 'NONE', #2399, #6863, #3493, .T. ) ;
#2830 = EDGE_CURVE ( 'NONE', #7124, #75, #4268, .T. ) ;
#2831 = DIRECTION ( 'NONE',  ( 0.000000000000000000, 0.000000000000000000, 1.000000000000000000 ) ) ;
#2832 = ORIENTED_EDGE ( 'NONE', *, *, #5150, .F. ) ;
#2833 = DIRECTION ( 'NONE',  ( -0.000000000000000000, -0.000000000000000000, 1.000000000000000000 ) ) ;
#2834 = AXIS2_PLACEMENT_3D ( 'NONE', #2013, #1523, #6471 ) ;
#2835 = CARTESIAN_POINT ( 'NONE',  ( 9.499999999999998224, 13.00000000000000178, 0.000000000000000000 ) ) ;
#2836 = ORIENTED_EDGE ( 'NONE', *, *, #1115, .T. ) ;
#2837 = DIRECTION ( 'NONE',  ( 1.000000000000000000, 0.000000000000000000, 0.000000000000000000 ) ) ;
#2838 = CARTESIAN_POINT ( 'NONE',  ( 15.00000000000000000, -6.999999999999999112, -8.000000000000000000 ) ) ;
#2839 = CIRCLE ( 'NONE', #7509, 0.5000000000000004441 ) ;
#2840 = VECTOR ( 'NONE', #3414, 1000.000000000000000 ) ;
#2841 = CARTESIAN_POINT ( 'NONE',  ( 5.999999999999998224, 41.25000000000000000, -0.001000000000000132727 ) ) ;
#2842 = CIRCLE ( 'NONE', #1431, 0.5000000000000004441 ) ;
#2843 = DIRECTION ( 'NONE',  ( 1.000000000000000000, 0.000000000000000000, 0.000000000000000000 ) ) ;
#2844 = ORIENTED_EDGE ( 'NONE', *, *, #3128, .F. ) ;
#2845 = CIRCLE ( 'NONE', #2195, 0.5000000000000004441 ) ;
#2846 = VECTOR ( 'NONE', #6946, 1000.000000000000000 ) ;
#2847 = DIRECTION ( 'NONE',  ( 1.000000000000000000, 0.000000000000000000, 0.000000000000000000 ) ) ;
#2848 = AXIS2_PLACEMENT_3D ( 'NONE', #4142, #6636, #1080 ) ;
#2849 = ORIENTED_EDGE ( 'NONE', *, *, #7783, .F. ) ;
#2850 = AXIS2_PLACEMENT_3D ( 'NONE', #1175, #1938, #3122 ) ;
#2851 = DIRECTION ( 'NONE',  ( 0.000000000000000000, 0.000000000000000000, 1.000000000000000000 ) ) ;
#2852 = DIRECTION ( 'NONE',  ( 0.000000000000000000, 0.000000000000000000, 1.000000000000000000 ) ) ;
#2853 = VERTEX_POINT ( 'NONE', #1107 ) ;
#2854 = EDGE_CURVE ( 'NONE', #6204, #7278, #2069, .T. ) ;
#2855 = EDGE_CURVE ( 'NONE', #2748, #7843, #6081, .T. ) ;
#2856 = CARTESIAN_POINT ( 'NONE',  ( 15.49999999999999645, -2.000000000000001776, 0.000000000000000000 ) ) ;
#2857 = AXIS2_PLACEMENT_3D ( 'NONE', #4783, #5350, #4742 ) ;
#2858 = CARTESIAN_POINT ( 'NONE',  ( -10.50000000000000000, -26.99999999999999645, -8.000000000000000000 ) ) ;
#2859 = ORIENTED_EDGE ( 'NONE', *, *, #85, .T. ) ;
#2860 = DIRECTION ( 'NONE',  ( 0.000000000000000000, 0.000000000000000000, 1.000000000000000000 ) ) ;
#2861 = LINE ( 'NONE', #2981, #3726 ) ;
#2862 = CARTESIAN_POINT ( 'NONE',  ( 5.500000000000001776, -26.99999999999999645, -8.000000000000000000 ) ) ;
#2863 = VERTEX_POINT ( 'NONE', #5604 ) ;
#2864 = VECTOR ( 'NONE', #2900, 1000.000000000000000 ) ;
#2865 = AXIS2_PLACEMENT_3D ( 'NONE', #3578, #2767, #2155 ) ;
#2866 = CARTESIAN_POINT ( 'NONE',  ( 13.25000000000000178, 34.50000000000000000, 0.000000000000000000 ) ) ;
#2867 = VERTEX_POINT ( 'NONE', #55 ) ;
#2868 = CIRCLE ( 'NONE', #2741, 0.5000000000000004441 ) ;
#2869 = DIRECTION ( 'NONE',  ( 1.000000000000000000, 0.000000000000000000, 0.000000000000000000 ) ) ;
#2870 = FACE_BOUND ( 'NONE', #5841, .T. ) ;
#2871 = AXIS2_PLACEMENT_3D ( 'NONE', #1453, #6401, #151 ) ;
#2872 = CIRCLE ( 'NONE', #1572, 0.5000000000000004441 ) ;
#2873 = ADVANCED_FACE ( 'NONE', ( #1910 ), #5554, .F. ) ;
#2874 = CARTESIAN_POINT ( 'NONE',  ( 10.00000000000000178, -17.00000000000000000, 0.000000000000000000 ) ) ;
#2875 = ORIENTED_EDGE ( 'NONE', *, *, #7791, .F. ) ;
#2876 = ORIENTED_EDGE ( 'NONE', *, *, #1675, .F. ) ;
#2877 = AXIS2_PLACEMENT_3D ( 'NONE', #3574, #6037, #6791 ) ;
#2878 = ORIENTED_EDGE ( 'NONE', *, *, #592, .T. ) ;
#2879 = LINE ( 'NONE', #5342, #1049 ) ;
#2880 = ORIENTED_EDGE ( 'NONE', *, *, #3961, .T. ) ;
#2881 = DIRECTION ( 'NONE',  ( -0.000000000000000000, 0.000000000000000000, 1.000000000000000000 ) ) ;
#2882 = EDGE_CURVE ( 'NONE', #4612, #5986, #6824, .T. ) ;
#2883 = VECTOR ( 'NONE', #3285, 1000.000000000000000 ) ;
#2884 = ADVANCED_FACE ( 'NONE', ( #3658 ), #3009, .F. ) ;
#2885 = EDGE_LOOP ( 'NONE', ( #1724, #4550, #6258, #5779 ) ) ;
#2886 = DIRECTION ( 'NONE',  ( 1.000000000000000000, 0.000000000000000000, 0.000000000000000000 ) ) ;
#2887 = CARTESIAN_POINT ( 'NONE',  ( 5.500000000000001776, -17.00000000000000000, 0.000000000000000000 ) ) ;
#2888 = CARTESIAN_POINT ( 'NONE',  ( 10.00000000000000178, -6.999999999999999112, 0.000000000000000000 ) ) ;
#2889 = CARTESIAN_POINT ( 'NONE',  ( -5.000000000000000888, 13.00000000000000178, 2.000000000000000000 ) ) ;
#2890 = ORIENTED_EDGE ( 'NONE', *, *, #4862, .F. ) ;
#2891 = CARTESIAN_POINT ( 'NONE',  ( -15.00000000000000000, -26.99999999999999645, 0.000000000000000000 ) ) ;
#2892 = ORIENTED_EDGE ( 'NONE', *, *, #2118, .T. ) ;
#2893 = CARTESIAN_POINT ( 'NONE',  ( -15.00000000000000178, -2.000000000000001776, -8.000000000000000000 ) ) ;
#2894 = ADVANCED_FACE ( 'NONE', ( #3777 ), #1831, .F. ) ;
#2895 = DIRECTION ( 'NONE',  ( 1.000000000000000000, 0.000000000000000000, 0.000000000000000000 ) ) ;
#2896 = ORIENTED_EDGE ( 'NONE', *, *, #6253, .F. ) ;
#2897 = CARTESIAN_POINT ( 'NONE',  ( -20.99999999999999645, 39.25000000000000000, 2.000000000000000000 ) ) ;
#2898 = DIRECTION ( 'NONE',  ( -0.000000000000000000, 0.000000000000000000, 1.000000000000000000 ) ) ;
#2899 = EDGE_LOOP ( 'NONE', ( #3757, #5573, #4771, #971 ) ) ;
#2900 = DIRECTION ( 'NONE',  ( -0.000000000000000000, -0.000000000000000000, 1.000000000000000000 ) ) ;
#2901 = CARTESIAN_POINT ( 'NONE',  ( -20.99999999999999289, -41.25000000000000000, 2.000000000000000000 ) ) ;
#2902 = DIRECTION ( 'NONE',  ( 1.000000000000000000, 0.000000000000000000, 0.000000000000000000 ) ) ;
#2903 = ORIENTED_EDGE ( 'NONE', *, *, #1605, .F. ) ;
#2904 = CARTESIAN_POINT ( 'NONE',  ( -3.469446951953614189E-15, 18.00000000000000355, -8.000000000000000000 ) ) ;
#2905 = VECTOR ( 'NONE', #4843, 1000.000000000000000 ) ;
#2906 = VERTEX_POINT ( 'NONE', #4373 ) ;
#2907 = DIRECTION ( 'NONE',  ( -0.000000000000000000, -0.000000000000000000, 1.000000000000000000 ) ) ;
#2908 = FACE_BOUND ( 'NONE', #1619, .T. ) ;
#2909 = CARTESIAN_POINT ( 'NONE',  ( -4.818676322157801165E-18, -0.4000000000000002998, 0.000000000000000000 ) ) ;
#2910 = ORIENTED_EDGE ( 'NONE', *, *, #3529, .T. ) ;
#2911 = EDGE_CURVE ( 'NONE', #1668, #2248, #1275, .T. ) ;
#2912 = ORIENTED_EDGE ( 'NONE', *, *, #76, .T. ) ;
#2913 = EDGE_LOOP ( 'NONE', ( #6105, #156 ) ) ;
#2914 = FACE_OUTER_BOUND ( 'NONE', #5938, .T. ) ;
#2915 = CYLINDRICAL_SURFACE ( 'NONE', #1699, 0.5000000000000008882 ) ;
#2916 = VERTEX_POINT ( 'NONE', #7335 ) ;
#2917 = FACE_BOUND ( 'NONE', #4437, .T. ) ;
#2918 = DIRECTION ( 'NONE',  ( 1.000000000000000000, 0.000000000000000000, 0.000000000000000000 ) ) ;
#2919 = EDGE_CURVE ( 'NONE', #6702, #7418, #1677, .T. ) ;
#2920 = EDGE_LOOP ( 'NONE', ( #3047, #4074, #363, #4938 ) ) ;
#2921 = DIRECTION ( 'NONE',  ( 1.000000000000000000, 0.000000000000000000, 0.000000000000000000 ) ) ;
#2922 = DIRECTION ( 'NONE',  ( 1.000000000000000000, 0.000000000000000000, 0.000000000000000000 ) ) ;
#2923 = DIRECTION ( 'NONE',  ( 1.000000000000000000, 0.000000000000000000, 0.000000000000000000 ) ) ;
#2924 = EDGE_CURVE ( 'NONE', #4578, #3542, #1873, .T. ) ;
#2925 = CARTESIAN_POINT ( 'NONE',  ( -15.50000000000000000, -32.00000000000000000, -8.000000000000000000 ) ) ;
#2926 = ORIENTED_EDGE ( 'NONE', *, *, #1026, .F. ) ;
#2927 = AXIS2_PLACEMENT_3D ( 'NONE', #2791, #4614, #1535 ) ;
#2928 = CARTESIAN_POINT ( 'NONE',  ( -5.000000000000000888, -11.99999999999999645, -8.000000000000000000 ) ) ;
#2929 = EDGE_LOOP ( 'NONE', ( #5760, #2454, #2738, #6244 ) ) ;
#2930 = FACE_OUTER_BOUND ( 'NONE', #5750, .T. ) ;
#2931 = DIRECTION ( 'NONE',  ( 1.000000000000000000, 0.000000000000000000, 0.000000000000000000 ) ) ;
#2932 = ORIENTED_EDGE ( 'NONE', *, *, #6681, .F. ) ;
#2933 = DIRECTION ( 'NONE',  ( 1.000000000000000000, 0.000000000000000000, 0.000000000000000000 ) ) ;
#2934 = EDGE_CURVE ( 'NONE', #2143, #5706, #6740, .T. ) ;
#2935 = CARTESIAN_POINT ( 'NONE',  ( 18.50000000000000355, 38.50000000000000000, 0.000000000000000000 ) ) ;
#2936 = CARTESIAN_POINT ( 'NONE',  ( -10.50000000000000178, -11.99999999999999645, 0.000000000000000000 ) ) ;
#2937 = ORIENTED_EDGE ( 'NONE', *, *, #7111, .F. ) ;
#2938 = AXIS2_PLACEMENT_3D ( 'NONE', #7553, #249, #2721 ) ;
#2939 = FACE_OUTER_BOUND ( 'NONE', #5021, .T. ) ;
#2940 = CYLINDRICAL_SURFACE ( 'NONE', #2812, 0.5000000000000004441 ) ;
#2941 = CARTESIAN_POINT ( 'NONE',  ( 4.499999999999997335, 3.000000000000002665, -8.000000000000000000 ) ) ;
#2942 = ORIENTED_EDGE ( 'NONE', *, *, #5983, .F. ) ;
#2943 = AXIS2_PLACEMENT_3D ( 'NONE', #7117, #1415, #851 ) ;
#2944 = CARTESIAN_POINT ( 'NONE',  ( -4.500000000000002665, 23.00000000000000000, 0.000000000000000000 ) ) ;
#2945 = EDGE_CURVE ( 'NONE', #464, #5895, #4655, .T. ) ;
#2946 = ORIENTED_EDGE ( 'NONE', *, *, #2583, .F. ) ;
#2947 = CARTESIAN_POINT ( 'NONE',  ( -15.00000000000000178, -22.00000000000000000, 0.000000000000000000 ) ) ;
#2948 = FACE_BOUND ( 'NONE', #3716, .T. ) ;
#2949 = DIRECTION ( 'NONE',  ( -1.204669080539449405E-17, -1.000000000000000000, 0.000000000000000000 ) ) ;
#2950 = ORIENTED_EDGE ( 'NONE', *, *, #1010, .F. ) ;
#2951 = VECTOR ( 'NONE', #5240, 1000.000000000000000 ) ;
#2952 = ORIENTED_EDGE ( 'NONE', *, *, #480, .F. ) ;
#2953 = ORIENTED_EDGE ( 'NONE', *, *, #1202, .F. ) ;
#2954 = CARTESIAN_POINT ( 'NONE',  ( 0.000000000000000000, -7.550000000000000711, 0.000000000000000000 ) ) ;
#2955 = FACE_OUTER_BOUND ( 'NONE', #3123, .T. ) ;
#2956 = EDGE_LOOP ( 'NONE', ( #7775, #7378, #6458, #432 ) ) ;
#2958 = ADVANCED_FACE ( 'NONE', ( #1786 ), #1146, .F. ) ;
#2957 = FACE_BOUND ( 'NONE', #4453, .T. ) ;
#2959 = DIRECTION ( 'NONE',  ( 0.000000000000000000, 0.000000000000000000, 1.000000000000000000 ) ) ;
#2960 = ORIENTED_EDGE ( 'NONE', *, *, #7583, .F. ) ;
#2961 = CARTESIAN_POINT ( 'NONE',  ( 5.000000000000000888, -22.00000000000000000, 2.000000000000000000 ) ) ;
#2962 = CARTESIAN_POINT ( 'NONE',  ( 4.499999999999997335, 3.000000000000002665, 2.000000000000000000 ) ) ;
#2963 = VECTOR ( 'NONE', #6141, 1000.000000000000000 ) ;
#2964 = DIRECTION ( 'NONE',  ( 1.000000000000000000, 0.000000000000000000, 0.000000000000000000 ) ) ;
#2965 = FACE_BOUND ( 'NONE', #5145, .T. ) ;
#2966 = ORIENTED_EDGE ( 'NONE', *, *, #2470, .F. ) ;
#2967 = CARTESIAN_POINT ( 'NONE',  ( 5.499999999999998224, 8.000000000000000000, -8.000000000000000000 ) ) ;
#2968 = EDGE_CURVE ( 'NONE', #1362, #3305, #4250, .T. ) ;
#2969 = EDGE_LOOP ( 'NONE', ( #2322, #7389 ) ) ;
#2970 = CARTESIAN_POINT ( 'NONE',  ( 14.99999999999999645, -2.000000000000001776, 2.000000000000000000 ) ) ;
#2971 = AXIS2_PLACEMENT_3D ( 'NONE', #5299, #5872, #247 ) ;
#2972 = DIRECTION ( 'NONE',  ( 1.000000000000000000, 0.000000000000000000, 0.000000000000000000 ) ) ;
#2973 = CARTESIAN_POINT ( 'NONE',  ( 0.000000000000000000, -7.550000000000000711, 2.000000000000000000 ) ) ;
#2974 = AXIS2_PLACEMENT_3D ( 'NONE', #7542, #1827, #1870 ) ;
#2975 = CIRCLE ( 'NONE', #2718, 0.5000000000000004441 ) ;
#2976 = VECTOR ( 'NONE', #3585, 1000.000000000000000 ) ;
#2977 = DIRECTION ( 'NONE',  ( 1.000000000000000000, 0.000000000000000000, 0.000000000000000000 ) ) ;
#2978 = EDGE_LOOP ( 'NONE', ( #3565, #4436, #6341, #5239 ) ) ;
#2979 = DIRECTION ( 'NONE',  ( 1.000000000000000000, 0.000000000000000000, 0.000000000000000000 ) ) ;
#2980 = ADVANCED_FACE ( 'NONE', ( #5640 ), #2353, .F. ) ;
#2981 = CARTESIAN_POINT ( 'NONE',  ( 14.49999999999999467, 3.000000000000002665, -8.000000000000000000 ) ) ;
#2982 = ADVANCED_FACE ( 'NONE', ( #4300 ), #1238, .F. ) ;
#2983 = CARTESIAN_POINT ( 'NONE',  ( -5.000000000000000888, -2.000000000000001776, 0.000000000000000000 ) ) ;
#2984 = ORIENTED_EDGE ( 'NONE', *, *, #1590, .T. ) ;
#2985 = CIRCLE ( 'NONE', #3503, 0.5000000000000004441 ) ;
#2986 = CARTESIAN_POINT ( 'NONE',  ( -15.00000000000000178, 13.00000000000000178, 2.000000000000000000 ) ) ;
#2987 = ORIENTED_EDGE ( 'NONE', *, *, #6526, .T. ) ;
#2988 = DIRECTION ( 'NONE',  ( -0.000000000000000000, -0.000000000000000000, 1.000000000000000000 ) ) ;
#2989 = FACE_BOUND ( 'NONE', #6062, .T. ) ;
#2990 = CARTESIAN_POINT ( 'NONE',  ( 5.000000000000000888, -26.99999999999999645, -8.000000000000000000 ) ) ;
#2991 = CARTESIAN_POINT ( 'NONE',  ( 9.999999999999998224, 23.00000000000000000, 0.000000000000000000 ) ) ;
#2992 = VECTOR ( 'NONE', #1335, 1000.000000000000000 ) ;
#2993 = CIRCLE ( 'NONE', #1194, 0.5000000000000004441 ) ;
#2994 = EDGE_LOOP ( 'NONE', ( #3588, #6521, #7512, #6252 ) ) ;
#2995 = ORIENTED_EDGE ( 'NONE', *, *, #7661, .F. ) ;
#2996 = ORIENTED_EDGE ( 'NONE', *, *, #2269, .F. ) ;
#2997 = CARTESIAN_POINT ( 'NONE',  ( -15.50000000000000178, 8.000000000000000000, 0.000000000000000000 ) ) ;
#2998 = CIRCLE ( 'NONE', #7533, 0.5000000000000004441 ) ;
#2999 = CARTESIAN_POINT ( 'NONE',  ( 15.49999999999999645, 8.000000000000000000, 0.000000000000000000 ) ) ;
#3000 = AXIS2_PLACEMENT_3D ( 'NONE', #5202, #7596, #6993 ) ;
#3001 = VERTEX_POINT ( 'NONE', #627 ) ;
#3002 = FACE_BOUND ( 'NONE', #485, .T. ) ;
#3003 = AXIS2_PLACEMENT_3D ( 'NONE', #2824, #4690, #7170 ) ;
#3004 = CARTESIAN_POINT ( 'NONE',  ( 10.50000000000000178, -22.00000000000000000, 2.000000000000000000 ) ) ;
#3005 = AXIS2_PLACEMENT_3D ( 'NONE', #3659, #1240, #3050 ) ;
#3006 = CIRCLE ( 'NONE', #556, 0.5000000000000008882 ) ;
#3007 = ORIENTED_EDGE ( 'NONE', *, *, #4064, .T. ) ;
#3008 = AXIS2_PLACEMENT_3D ( 'NONE', #4677, #6592, #994 ) ;
#3009 = PLANE ( 'NONE',  #525 ) ;
#3010 = CARTESIAN_POINT ( 'NONE',  ( 14.49999999999999822, -6.999999999999999112, 0.000000000000000000 ) ) ;
#3011 = CARTESIAN_POINT ( 'NONE',  ( 10.00000000000000178, -11.99999999999999645, 0.000000000000000000 ) ) ;
#3012 = ORIENTED_EDGE ( 'NONE', *, *, #5950, .F. ) ;
#3013 = AXIS2_PLACEMENT_3D ( 'NONE', #137, #3308, #2684 ) ;
#3014 = CARTESIAN_POINT ( 'NONE',  ( -3.469446951953614189E-15, 28.00000000000000000, 2.000000000000000000 ) ) ;
#3015 = CARTESIAN_POINT ( 'NONE',  ( -3.469446951953614189E-15, 23.00000000000000000, -8.000000000000000000 ) ) ;
#3016 = ORIENTED_EDGE ( 'NONE', *, *, #1860, .F. ) ;
#3017 = DIRECTION ( 'NONE',  ( -0.000000000000000000, -0.000000000000000000, 1.000000000000000000 ) ) ;
#3018 = EDGE_CURVE ( 'NONE', #6159, #50, #2484, .T. ) ;
#3019 = LINE ( 'NONE', #6548, #2342 ) ;
#3020 = CARTESIAN_POINT ( 'NONE',  ( 5.499999999999998224, 13.00000000000000178, -8.000000000000000000 ) ) ;
#3021 = DIRECTION ( 'NONE',  ( -0.000000000000000000, 0.000000000000000000, 1.000000000000000000 ) ) ;
#3022 = ORIENTED_EDGE ( 'NONE', *, *, #5225, .T. ) ;
#3023 = ORIENTED_EDGE ( 'NONE', *, *, #793, .F. ) ;
#3024 = DIRECTION ( 'NONE',  ( 0.000000000000000000, 0.000000000000000000, 1.000000000000000000 ) ) ;
#3025 = FACE_OUTER_BOUND ( 'NONE', #1611, .T. ) ;
#3026 = LINE ( 'NONE', #4801, #6880 ) ;
#3027 = EDGE_LOOP ( 'NONE', ( #2523, #1970 ) ) ;
#3028 = DIRECTION ( 'NONE',  ( -0.000000000000000000, 0.000000000000000000, 1.000000000000000000 ) ) ;
#3029 = PRODUCT_RELATED_PRODUCT_CATEGORY ( 'part', '', ( #3846 ) ) ;
#3031 = EDGE_CURVE ( 'NONE', #2551, #6449, #4416, .T. ) ;
#3030 = EDGE_LOOP ( 'NONE', ( #6854, #1096 ) ) ;
#3032 = CYLINDRICAL_SURFACE ( 'NONE', #4768, 0.5000000000000004441 ) ;
#3033 = CARTESIAN_POINT ( 'NONE',  ( 15.00000000000000000, -17.00000000000000000, 0.000000000000000000 ) ) ;
#3034 = CARTESIAN_POINT ( 'NONE',  ( 4.499999999999997335, 8.000000000000000000, 0.000000000000000000 ) ) ;
#3035 = FACE_OUTER_BOUND ( 'NONE', #2427, .T. ) ;
#3036 = VERTEX_POINT ( 'NONE', #7579 ) ;
#3037 = VERTEX_POINT ( 'NONE', #858 ) ;
#3038 = ORIENTED_EDGE ( 'NONE', *, *, #30, .T. ) ;
#3039 = CIRCLE ( 'NONE', #7567, 0.5000000000000004441 ) ;
#3040 = PLANE ( 'NONE',  #1489 ) ;
#3041 = ORIENTED_EDGE ( 'NONE', *, *, #2417, .T. ) ;
#3042 = EDGE_LOOP ( 'NONE', ( #49, #6238, #1141, #7988 ) ) ;
#3043 = DIRECTION ( 'NONE',  ( 0.000000000000000000, -0.000000000000000000, -1.000000000000000000 ) ) ;
#3044 = EDGE_CURVE ( 'NONE', #7425, #5887, #352, .T. ) ;
#3045 = ADVANCED_FACE ( 'NONE', ( #6325 ), #3258, .F. ) ;
#3046 = CIRCLE ( 'NONE', #731, 0.5000000000000004441 ) ;
#3047 = ORIENTED_EDGE ( 'NONE', *, *, #1640, .F. ) ;
#3048 = CARTESIAN_POINT ( 'NONE',  ( 4.999999999999997335, 28.00000000000000000, -8.000000000000000000 ) ) ;
#3049 = EDGE_CURVE ( 'NONE', #4728, #4895, #7641, .T. ) ;
#3050 = DIRECTION ( 'NONE',  ( 1.000000000000000000, 0.000000000000000000, 0.000000000000000000 ) ) ;
#3051 = CARTESIAN_POINT ( 'NONE',  ( -15.50000000000000178, 3.000000000000002665, 0.000000000000000000 ) ) ;
#3052 = VERTEX_POINT ( 'NONE', #5758 ) ;
#3053 = EDGE_CURVE ( 'NONE', #6863, #2399, #4133, .T. ) ;
#3054 = CARTESIAN_POINT ( 'NONE',  ( -3.469446951953614189E-15, 23.00000000000000000, 2.000000000000000000 ) ) ;
#3055 = LINE ( 'NONE', #2442, #6236 ) ;
#3056 = EDGE_CURVE ( 'NONE', #7983, #5641, #266, .T. ) ;
#3057 = ADVANCED_FACE ( 'NONE', ( #1991 ), #5718, .F. ) ;
#3058 = ORIENTED_EDGE ( 'NONE', *, *, #4664, .T. ) ;
#3059 = CARTESIAN_POINT ( 'NONE',  ( -9.500000000000001776, -6.999999999999999112, 0.000000000000000000 ) ) ;
#3060 = CARTESIAN_POINT ( 'NONE',  ( 9.999999999999998224, 18.00000000000000355, 2.000000000000000000 ) ) ;
#3061 = CARTESIAN_POINT ( 'NONE',  ( -9.500000000000001776, 13.00000000000000178, 2.000000000000000000 ) ) ;
#3062 = DIRECTION ( 'NONE',  ( -0.000000000000000000, -0.000000000000000000, 1.000000000000000000 ) ) ;
#3063 = VECTOR ( 'NONE', #1701, 1000.000000000000000 ) ;
#3064 = EDGE_CURVE ( 'NONE', #5511, #2650, #5135, .T. ) ;
#3065 = CARTESIAN_POINT ( 'NONE',  ( 15.49999999999999645, 13.00000000000000178, -8.000000000000000000 ) ) ;
#3066 = ORIENTED_EDGE ( 'NONE', *, *, #3018, .F. ) ;
#3067 = VERTEX_POINT ( 'NONE', #5677 ) ;
#3068 = DIRECTION ( 'NONE',  ( 1.000000000000000000, 0.000000000000000000, 0.000000000000000000 ) ) ;
#3069 = CARTESIAN_POINT ( 'NONE',  ( 5.499999999999998224, 23.00000000000000000, 0.000000000000000000 ) ) ;
#3070 = DIRECTION ( 'NONE',  ( 1.000000000000000000, 0.000000000000000000, 0.000000000000000000 ) ) ;
#3071 = ORIENTED_EDGE ( 'NONE', *, *, #5459, .F. ) ;
#3072 = DIRECTION ( 'NONE',  ( -0.000000000000000000, 0.000000000000000000, 1.000000000000000000 ) ) ;
#3073 = DIRECTION ( 'NONE',  ( -0.000000000000000000, -0.000000000000000000, 1.000000000000000000 ) ) ;
#3074 = VECTOR ( 'NONE', #3017, 1000.000000000000000 ) ;
#3075 = DIRECTION ( 'NONE',  ( -0.000000000000000000, -0.000000000000000000, 1.000000000000000000 ) ) ;
#3076 = FACE_BOUND ( 'NONE', #717, .T. ) ;
#3077 = CARTESIAN_POINT ( 'NONE',  ( -15.00000000000000355, 28.00000000000000000, 2.000000000000000000 ) ) ;
#3078 = LINE ( 'NONE', #3686, #817 ) ;
#3079 = VERTEX_POINT ( 'NONE', #3472 ) ;
#3080 = ORIENTED_EDGE ( 'NONE', *, *, #3746, .F. ) ;
#3081 = CIRCLE ( 'NONE', #634, 0.5000000000000008882 ) ;
#3082 = ORIENTED_EDGE ( 'NONE', *, *, #885, .F. ) ;
#3083 = DIRECTION ( 'NONE',  ( 1.000000000000000000, 0.000000000000000000, 0.000000000000000000 ) ) ;
#3084 = DIRECTION ( 'NONE',  ( -0.000000000000000000, -0.000000000000000000, 1.000000000000000000 ) ) ;
#3085 = EDGE_LOOP ( 'NONE', ( #1304, #1009, #4210, #2512 ) ) ;
#3086 = ORIENTED_EDGE ( 'NONE', *, *, #7859, .F. ) ;
#3087 = CARTESIAN_POINT ( 'NONE',  ( 0.000000000000000000, -32.00000000000000000, 2.000000000000000000 ) ) ;
#3088 = CIRCLE ( 'NONE', #6583, 0.5000000000000004441 ) ;
#3089 = EDGE_LOOP ( 'NONE', ( #3808, #5619 ) ) ;
#3090 = EDGE_CURVE ( 'NONE', #7891, #1520, #2062, .T. ) ;
#3091 = VERTEX_POINT ( 'NONE', #4456 ) ;
#3092 = DIRECTION ( 'NONE',  ( 1.000000000000000000, 0.000000000000000000, 0.000000000000000000 ) ) ;
#3093 = ADVANCED_FACE ( 'NONE', ( #7016 ), #5020, .F. ) ;
#3094 = ORIENTED_EDGE ( 'NONE', *, *, #607, .T. ) ;
#3095 = DIRECTION ( 'NONE',  ( -0.000000000000000000, 0.000000000000000000, 1.000000000000000000 ) ) ;
#3096 = CIRCLE ( 'NONE', #496, 0.5000000000000004441 ) ;
#3097 = CARTESIAN_POINT ( 'NONE',  ( 10.49999999999999822, 23.00000000000000000, 0.000000000000000000 ) ) ;
#3098 = EDGE_LOOP ( 'NONE', ( #3080, #7152, #5104, #7714 ) ) ;
#3099 = FACE_OUTER_BOUND ( 'NONE', #623, .T. ) ;
#3100 = ORIENTED_EDGE ( 'NONE', *, *, #2130, .T. ) ;
#3101 = ORIENTED_EDGE ( 'NONE', *, *, #1115, .F. ) ;
#3102 = CARTESIAN_POINT ( 'NONE',  ( 15.00000000000000000, -6.999999999999999112, 2.000000000000000000 ) ) ;
#3103 = DIRECTION ( 'NONE',  ( 1.000000000000000000, 0.000000000000000000, 0.000000000000000000 ) ) ;
#3104 = AXIS2_PLACEMENT_3D ( 'NONE', #8009, #4223, #4269 ) ;
#3105 = LINE ( 'NONE', #3020, #399 ) ;
#3106 = CARTESIAN_POINT ( 'NONE',  ( -4.500000000000002665, 33.00000000000000000, 0.000000000000000000 ) ) ;
#3107 = VERTEX_POINT ( 'NONE', #1468 ) ;
#3108 = VECTOR ( 'NONE', #6728, 1000.000000000000000 ) ;
#3109 = EDGE_LOOP ( 'NONE', ( #5360, #7453 ) ) ;
#3110 = FACE_OUTER_BOUND ( 'NONE', #2639, .T. ) ;
#3111 = DIRECTION ( 'NONE',  ( -0.000000000000000000, 0.000000000000000000, 1.000000000000000000 ) ) ;
#3112 = DIRECTION ( 'NONE',  ( -0.000000000000000000, 1.000000000000000000, -0.000000000000000000 ) ) ;
#3113 = ORIENTED_EDGE ( 'NONE', *, *, #2591, .F. ) ;
#3114 = EDGE_CURVE ( 'NONE', #527, #5003, #2076, .T. ) ;
#3115 = AXIS2_PLACEMENT_3D ( 'NONE', #1235, #4898, #781 ) ;
#3116 = VECTOR ( 'NONE', #7300, 1000.000000000000000 ) ;
#3117 = LINE ( 'NONE', #1808, #6146 ) ;
#3118 = AXIS2_PLACEMENT_3D ( 'NONE', #3595, #6150, #1257 ) ;
#3119 = VERTEX_POINT ( 'NONE', #6558 ) ;
#3120 = DIRECTION ( 'NONE',  ( 1.000000000000000000, 0.000000000000000000, 0.000000000000000000 ) ) ;
#3121 = DIRECTION ( 'NONE',  ( -0.000000000000000000, 0.000000000000000000, 1.000000000000000000 ) ) ;
#3122 = DIRECTION ( 'NONE',  ( 1.000000000000000000, 0.000000000000000000, 0.000000000000000000 ) ) ;
#3123 = EDGE_LOOP ( 'NONE', ( #7462, #5237, #7712, #1316 ) ) ;
#3124 = AXIS2_PLACEMENT_3D ( 'NONE', #2560, #1423, #6372 ) ;
#3125 = VECTOR ( 'NONE', #5438, 1000.000000000000000 ) ;
#3126 = ORIENTED_EDGE ( 'NONE', *, *, #1758, .T. ) ;
#3127 = AXIS2_PLACEMENT_3D ( 'NONE', #2122, #7520, #840 ) ;
#3128 = EDGE_CURVE ( 'NONE', #87, #2863, #828, .T. ) ;
#3129 = ORIENTED_EDGE ( 'NONE', *, *, #5205, .F. ) ;
#3130 = CARTESIAN_POINT ( 'NONE',  ( -3.469446951953614189E-15, 33.00000000000000000, 2.000000000000000000 ) ) ;
#3131 = ORIENTED_EDGE ( 'NONE', *, *, #5126, .F. ) ;
#3132 = ORIENTED_EDGE ( 'NONE', *, *, #6996, .F. ) ;
#3133 = ADVANCED_FACE ( 'NONE', ( #3433 ), #3930, .F. ) ;
#3134 = LINE ( 'NONE', #6787, #1676 ) ;
#3135 = CIRCLE ( 'NONE', #7262, 0.5000000000000004441 ) ;
#3136 = ORIENTED_EDGE ( 'NONE', *, *, #693, .F. ) ;
#3137 = EDGE_LOOP ( 'NONE', ( #5762, #6780 ) ) ;
#3138 = DIRECTION ( 'NONE',  ( -0.000000000000000000, -0.000000000000000000, 1.000000000000000000 ) ) ;
#3139 = VECTOR ( 'NONE', #5437, 1000.000000000000000 ) ;
#3140 = EDGE_LOOP ( 'NONE', ( #3296, #4367 ) ) ;
#3141 = CIRCLE ( 'NONE', #3516, 0.5000000000000004441 ) ;
#3142 = CIRCLE ( 'NONE', #7013, 0.5000000000000004441 ) ;
#3143 = CARTESIAN_POINT ( 'NONE',  ( -10.00000000000000178, 8.000000000000000000, 0.000000000000000000 ) ) ;
#3144 = ORIENTED_EDGE ( 'NONE', *, *, #1057, .F. ) ;
#3145 = EDGE_CURVE ( 'NONE', #1270, #4893, #5174, .T. ) ;
#3146 = AXIS2_PLACEMENT_3D ( 'NONE', #1766, #5981, #2285 ) ;
#3147 = CYLINDRICAL_SURFACE ( 'NONE', #6620, 0.5000000000000004441 ) ;
#3148 = VERTEX_POINT ( 'NONE', #3297 ) ;
#3149 = AXIS2_PLACEMENT_3D ( 'NONE', #5461, #6022, #5412 ) ;
#3150 = ORIENTED_EDGE ( 'NONE', *, *, #628, .F. ) ;
#3151 = DIRECTION ( 'NONE',  ( 1.000000000000000000, 0.000000000000000000, 0.000000000000000000 ) ) ;
#3152 = FACE_OUTER_BOUND ( 'NONE', #3603, .T. ) ;
#3153 = AXIS2_PLACEMENT_3D ( 'NONE', #1451, #4993, #1329 ) ;
#3154 = FACE_BOUND ( 'NONE', #5633, .T. ) ;
#3155 = CARTESIAN_POINT ( 'NONE',  ( 9.999999999999998224, 23.00000000000000000, 2.000000000000000000 ) ) ;
#3156 = DIRECTION ( 'NONE',  ( 1.000000000000000000, 0.000000000000000000, 0.000000000000000000 ) ) ;
#3157 = EDGE_LOOP ( 'NONE', ( #4753, #6506 ) ) ;
#3158 = ADVANCED_FACE ( 'NONE', ( #5281 ), #2211, .F. ) ;
#3159 = VERTEX_POINT ( 'NONE', #3632 ) ;
#3160 = LINE ( 'NONE', #4274, #26 ) ;
#3161 = CIRCLE ( 'NONE', #6641, 0.5000000000000004441 ) ;
#3162 = CARTESIAN_POINT ( 'NONE',  ( 5.000000000000000888, -11.99999999999999645, -8.000000000000000000 ) ) ;
#3163 = DIRECTION ( 'NONE',  ( -0.000000000000000000, -0.000000000000000000, 1.000000000000000000 ) ) ;
#3164 = ORIENTED_EDGE ( 'NONE', *, *, #376, .T. ) ;
#3165 = EDGE_CURVE ( 'NONE', #4081, #1498, #7901, .T. ) ;
#3166 = FACE_OUTER_BOUND ( 'NONE', #7328, .T. ) ;
#3167 = VERTEX_POINT ( 'NONE', #2326 ) ;
#3168 = DIRECTION ( 'NONE',  ( -0.000000000000000000, -0.000000000000000000, 1.000000000000000000 ) ) ;
#3169 = FACE_BOUND ( 'NONE', #5773, .T. ) ;
#3170 = CARTESIAN_POINT ( 'NONE',  ( -10.50000000000000178, -11.99999999999999645, 2.000000000000000000 ) ) ;
#3171 = VERTEX_POINT ( 'NONE', #7930 ) ;
#3172 = ORIENTED_EDGE ( 'NONE', *, *, #4618, .F. ) ;
#3173 = ORIENTED_EDGE ( 'NONE', *, *, #308, .F. ) ;
#3174 = CARTESIAN_POINT ( 'NONE',  ( -10.00000000000000178, 28.00000000000000000, 0.000000000000000000 ) ) ;
#3175 = DIRECTION ( 'NONE',  ( 0.000000000000000000, -1.000000000000000000, 0.000000000000000000 ) ) ;
#3176 = EDGE_LOOP ( 'NONE', ( #3132, #4651, #7338, #6794 ) ) ;
#3177 = DIRECTION ( 'NONE',  ( -0.000000000000000000, -0.000000000000000000, 1.000000000000000000 ) ) ;
#3178 = ADVANCED_FACE ( 'NONE', ( #4718 ), #2415, .F. ) ;
#3179 = ORIENTED_EDGE ( 'NONE', *, *, #7720, .F. ) ;
#3180 = AXIS2_PLACEMENT_3D ( 'NONE', #2331, #7084, #1529 ) ;
#3181 = ORIENTED_EDGE ( 'NONE', *, *, #1722, .F. ) ;
#3182 = DIRECTION ( 'NONE',  ( -0.000000000000000000, -0.000000000000000000, 1.000000000000000000 ) ) ;
#3183 = ORIENTED_EDGE ( 'NONE', *, *, #6878, .F. ) ;
#3184 = AXIS2_PLACEMENT_3D ( 'NONE', #3143, #4902, #5514 ) ;
#3185 = DIRECTION ( 'NONE',  ( -0.000000000000000000, 0.000000000000000000, 1.000000000000000000 ) ) ;
#3186 = ORIENTED_EDGE ( 'NONE', *, *, #422, .T. ) ;
#3187 = ADVANCED_FACE ( 'NONE', ( #7356 ), #6721, .F. ) ;
#3188 = EDGE_CURVE ( 'NONE', #306, #2175, #1125, .T. ) ;
#3189 = AXIS2_PLACEMENT_3D ( 'NONE', #2019, #1495, #2750 ) ;
#3190 = CARTESIAN_POINT ( 'NONE',  ( 14.49999999999999467, 13.00000000000000178, 0.000000000000000000 ) ) ;
#3191 = ORIENTED_EDGE ( 'NONE', *, *, #2527, .T. ) ;
#3192 = CARTESIAN_POINT ( 'NONE',  ( 0.4999999999999991673, -6.999999999999999112, 2.000000000000000000 ) ) ;
#3193 = CARTESIAN_POINT ( 'NONE',  ( -6.299999999999995381, -20.54999999999999716, 0.000000000000000000 ) ) ;
#3194 = EDGE_CURVE ( 'NONE', #8028, #581, #3026, .T. ) ;
#3195 = FACE_BOUND ( 'NONE', #5242, .T. ) ;
#3196 = CARTESIAN_POINT ( 'NONE',  ( -15.50000000000000355, 23.00000000000000000, 0.000000000000000000 ) ) ;
#3197 = ORIENTED_EDGE ( 'NONE', *, *, #2819, .T. ) ;
#3198 = ORIENTED_EDGE ( 'NONE', *, *, #6846, .F. ) ;
#3199 = CARTESIAN_POINT ( 'NONE',  ( 4.999999999999997335, 23.00000000000000000, 0.000000000000000000 ) ) ;
#3200 = CARTESIAN_POINT ( 'NONE',  ( -10.50000000000000178, 18.00000000000000355, 2.000000000000000000 ) ) ;
#3201 = DIRECTION ( 'NONE',  ( -0.000000000000000000, -0.000000000000000000, 1.000000000000000000 ) ) ;
#3202 = EDGE_LOOP ( 'NONE', ( #7022, #2762, #1738, #5343 ) ) ;
#3203 = ADVANCED_FACE ( 'NONE', ( #6643 ), #5492, .F. ) ;
#3204 = EDGE_CURVE ( 'NONE', #3305, #4511, #286, .T. ) ;
#3205 = LINE ( 'NONE', #3284, #7634 ) ;
#3206 = VECTOR ( 'NONE', #5723, 1000.000000000000000 ) ;
#3207 = DIRECTION ( 'NONE',  ( 0.000000000000000000, 0.000000000000000000, 1.000000000000000000 ) ) ;
#3208 = CARTESIAN_POINT ( 'NONE',  ( -20.30000000000000071, -14.05000000000000071, 0.000000000000000000 ) ) ;
#3209 = DIRECTION ( 'NONE',  ( -0.000000000000000000, 0.000000000000000000, 1.000000000000000000 ) ) ;
#3210 = CARTESIAN_POINT ( 'NONE',  ( -0.5000000000000026645, -6.999999999999999112, -8.000000000000000000 ) ) ;
#3211 = VECTOR ( 'NONE', #2686, 1000.000000000000000 ) ;
#3212 = ORIENTED_EDGE ( 'NONE', *, *, #1117, .F. ) ;
#3213 = ADVANCED_FACE ( 'NONE', ( #7973 ), #4104, .F. ) ;
#3214 = LINE ( 'NONE', #161, #6671 ) ;
#3215 = ORIENTED_EDGE ( 'NONE', *, *, #461, .F. ) ;
#3216 = CARTESIAN_POINT ( 'NONE',  ( 5.499999999999998224, 18.00000000000000355, -8.000000000000000000 ) ) ;
#3217 = EDGE_CURVE ( 'NONE', #7654, #8002, #6111, .T. ) ;
#3218 = ORIENTED_EDGE ( 'NONE', *, *, #1706, .T. ) ;
#3219 = AXIS2_PLACEMENT_3D ( 'NONE', #5482, #1328, #3743 ) ;
#3220 = VERTEX_POINT ( 'NONE', #4276 ) ;
#3221 = CARTESIAN_POINT ( 'NONE',  ( 13.25000000000000178, 34.50000000000000000, -1.000000000000000000 ) ) ;
#3222 = VERTEX_POINT ( 'NONE', #6766 ) ;
#3223 = EDGE_CURVE ( 'NONE', #291, #1111, #4758, .T. ) ;
#3224 = DIRECTION ( 'NONE',  ( 1.000000000000000000, 0.000000000000000000, 0.000000000000000000 ) ) ;
#3225 = ORIENTED_EDGE ( 'NONE', *, *, #4414, .F. ) ;
#3226 = VECTOR ( 'NONE', #2370, 1000.000000000000000 ) ;
#3227 = CARTESIAN_POINT ( 'NONE',  ( 4.999999999999997335, 23.00000000000000000, 2.000000000000000000 ) ) ;
#3228 = ORIENTED_EDGE ( 'NONE', *, *, #628, .T. ) ;
#3229 = CARTESIAN_POINT ( 'NONE',  ( 10.00000000000000178, -26.99999999999999645, -8.000000000000000000 ) ) ;
#3230 = CIRCLE ( 'NONE', #7487, 0.5000000000000004441 ) ;
#3231 = DIRECTION ( 'NONE',  ( 1.000000000000000000, 0.000000000000000000, 0.000000000000000000 ) ) ;
#3232 = FACE_BOUND ( 'NONE', #5599, .T. ) ;
#3233 = DIRECTION ( 'NONE',  ( 0.000000000000000000, 0.000000000000000000, 1.000000000000000000 ) ) ;
#3234 = ADVANCED_FACE ( 'NONE', ( #3514 ), #2251, .F. ) ;
#3235 = EDGE_LOOP ( 'NONE', ( #1690, #4980 ) ) ;
#3236 = VERTEX_POINT ( 'NONE', #1643 ) ;
#3237 = CARTESIAN_POINT ( 'NONE',  ( -5.000000000000000888, -17.00000000000000000, 2.000000000000000000 ) ) ;
#3238 = LINE ( 'NONE', #1853, #1337 ) ;
#3239 = EDGE_LOOP ( 'NONE', ( #2942, #124, #4116, #4457 ) ) ;
#3240 = CARTESIAN_POINT ( 'NONE',  ( 15.00000000000000000, -22.00000000000000000, -8.000000000000000000 ) ) ;
#3241 = CARTESIAN_POINT ( 'NONE',  ( -5.000000000000002665, 18.00000000000000355, -8.000000000000000000 ) ) ;
#3242 = VECTOR ( 'NONE', #7450, 1000.000000000000000 ) ;
#3243 = DIRECTION ( 'NONE',  ( 1.000000000000000000, 0.000000000000000000, 0.000000000000000000 ) ) ;
#3244 = DIRECTION ( 'NONE',  ( 1.000000000000000000, 0.000000000000000000, 0.000000000000000000 ) ) ;
#3245 = ADVANCED_FACE ( 'NONE', ( #440 ), #7842, .F. ) ;
#3246 = FACE_OUTER_BOUND ( 'NONE', #3922, .T. ) ;
#3247 = ORIENTED_EDGE ( 'NONE', *, *, #2118, .F. ) ;
#3248 = CIRCLE ( 'NONE', #7626, 0.5000000000000008882 ) ;
#3249 = DIRECTION ( 'NONE',  ( -0.000000000000000000, 0.000000000000000000, 1.000000000000000000 ) ) ;
#3250 = LINE ( 'NONE', #2632, #6535 ) ;
#3251 = ORIENTED_EDGE ( 'NONE', *, *, #5811, .T. ) ;
#3252 = EDGE_CURVE ( 'NONE', #466, #7618, #1208, .T. ) ;
#3253 = DIRECTION ( 'NONE',  ( 0.000000000000000000, 0.000000000000000000, 1.000000000000000000 ) ) ;
#3254 = AXIS2_PLACEMENT_3D ( 'NONE', #3928, #5253, #2634 ) ;
#3255 = AXIS2_PLACEMENT_3D ( 'NONE', #7707, #1363, #4083 ) ;
#3256 = AXIS2_PLACEMENT_3D ( 'NONE', #3916, #1342, #1411 ) ;
#3257 = EDGE_LOOP ( 'NONE', ( #6745, #1427, #5557, #5992 ) ) ;
#3258 = CYLINDRICAL_SURFACE ( 'NONE', #6224, 0.5000000000000004441 ) ;
#3259 = ORIENTED_EDGE ( 'NONE', *, *, #7955, .T. ) ;
#3260 = CARTESIAN_POINT ( 'NONE',  ( -0.5000000000000026645, -2.000000000000001776, -8.000000000000000000 ) ) ;
#3261 = AXIS2_PLACEMENT_3D ( 'NONE', #2003, #7591, #4435 ) ;
#3262 = CIRCLE ( 'NONE', #2329, 0.5000000000000004441 ) ;
#3263 = VERTEX_POINT ( 'NONE', #3554 ) ;
#3264 = EDGE_CURVE ( 'NONE', #1167, #1089, #475, .T. ) ;
#3265 = ORIENTED_EDGE ( 'NONE', *, *, #5252, .T. ) ;
#3266 = AXIS2_PLACEMENT_3D ( 'NONE', #4754, #5279, #4798 ) ;
#3267 = AXIS2_PLACEMENT_3D ( 'NONE', #498, #8000, #1791 ) ;
#3268 = FACE_OUTER_BOUND ( 'NONE', #818, .T. ) ;
#3269 = DIRECTION ( 'NONE',  ( -0.000000000000000000, -0.000000000000000000, 1.000000000000000000 ) ) ;
#3270 = CARTESIAN_POINT ( 'NONE',  ( 9.499999999999998224, 13.00000000000000178, 2.000000000000000000 ) ) ;
#3271 = CIRCLE ( 'NONE', #6103, 0.5000000000000004441 ) ;
#3272 = DIRECTION ( 'NONE',  ( 1.000000000000000000, 0.000000000000000000, 0.000000000000000000 ) ) ;
#3273 = CIRCLE ( 'NONE', #5451, 0.5000000000000004441 ) ;
#3274 = VECTOR ( 'NONE', #6315, 1000.000000000000000 ) ;
#3275 = LINE ( 'NONE', #217, #4927 ) ;
#3276 =( NAMED_UNIT ( * ) PLANE_ANGLE_UNIT ( ) SI_UNIT ( $, .RADIAN. ) );
#3277 = EDGE_CURVE ( 'NONE', #1761, #2598, #7883, .T. ) ;
#3278 = EDGE_LOOP ( 'NONE', ( #4493, #487 ) ) ;
#3279 = ORIENTED_EDGE ( 'NONE', *, *, #5244, .T. ) ;
#3280 = AXIS2_PLACEMENT_3D ( 'NONE', #2026, #1358, #4542 ) ;
#3281 = CARTESIAN_POINT ( 'NONE',  ( -6.641006692158093472, -0.4000000000000002442, 2.000000000000000000 ) ) ;
#3282 = DIRECTION ( 'NONE',  ( -0.000000000000000000, -0.000000000000000000, 1.000000000000000000 ) ) ;
#3283 = VERTEX_POINT ( 'NONE', #696 ) ;
#3284 = CARTESIAN_POINT ( 'NONE',  ( 10.50000000000000178, -26.99999999999999645, -8.000000000000000000 ) ) ;
#3285 = DIRECTION ( 'NONE',  ( -0.000000000000000000, -0.000000000000000000, 1.000000000000000000 ) ) ;
#3286 = CARTESIAN_POINT ( 'NONE',  ( -11.14100669215809347, -4.899999999999999467, 0.000000000000000000 ) ) ;
#3287 = CARTESIAN_POINT ( 'NONE',  ( -3.469446951953614189E-15, 23.00000000000000000, 0.000000000000000000 ) ) ;
#3288 = CIRCLE ( 'NONE', #5985, 0.5000000000000008882 ) ;
#3289 = LINE ( 'NONE', #153, #5714 ) ;
#3290 = DIRECTION ( 'NONE',  ( 1.000000000000000000, 0.000000000000000000, 0.000000000000000000 ) ) ;
#3291 = ORIENTED_EDGE ( 'NONE', *, *, #4757, .T. ) ;
#3292 = ADVANCED_FACE ( 'NONE', ( #2505 ), #3799, .F. ) ;
#3293 = DIRECTION ( 'NONE',  ( 0.000000000000000000, 0.000000000000000000, -1.000000000000000000 ) ) ;
#3294 = ORIENTED_EDGE ( 'NONE', *, *, #1871, .T. ) ;
#3295 = CARTESIAN_POINT ( 'NONE',  ( 21.00000000000000355, 41.25000000000000000, 2.000000000000000000 ) ) ;
#3296 = ORIENTED_EDGE ( 'NONE', *, *, #6737, .T. ) ;
#3297 = CARTESIAN_POINT ( 'NONE',  ( 9.499999999999998224, -2.000000000000001776, 2.000000000000000000 ) ) ;
#3298 = ORIENTED_EDGE ( 'NONE', *, *, #2015, .T. ) ;
#3299 = CARTESIAN_POINT ( 'NONE',  ( -15.00000000000000178, -22.00000000000000000, 2.000000000000000000 ) ) ;
#3300 = LINE ( 'NONE', #4616, #5890 ) ;
#3301 = EDGE_CURVE ( 'NONE', #827, #1755, #5196, .T. ) ;
#3302 = VERTEX_POINT ( 'NONE', #6307 ) ;
#3303 = EDGE_CURVE ( 'NONE', #75, #1918, #733, .T. ) ;
#3304 = CARTESIAN_POINT ( 'NONE',  ( -10.00000000000000000, -26.99999999999999645, 2.000000000000000000 ) ) ;
#3305 = VERTEX_POINT ( 'NONE', #1376 ) ;
#3306 = ORIENTED_EDGE ( 'NONE', *, *, #4193, .F. ) ;
#3307 = CARTESIAN_POINT ( 'NONE',  ( 0.4999999999999991673, -17.00000000000000000, 2.000000000000000000 ) ) ;
#3308 = DIRECTION ( 'NONE',  ( -0.000000000000000000, -0.000000000000000000, 1.000000000000000000 ) ) ;
#3309 = CYLINDRICAL_SURFACE ( 'NONE', #6544, 0.5000000000000004441 ) ;
#3310 = VECTOR ( 'NONE', #6443, 1000.000000000000000 ) ;
#3311 = EDGE_CURVE ( 'NONE', #7618, #3001, #3238, .T. ) ;
#3312 = FACE_BOUND ( 'NONE', #4146, .T. ) ;
#3313 = CARTESIAN_POINT ( 'NONE',  ( -10.00000000000000000, -22.00000000000000000, 2.000000000000000000 ) ) ;
#3314 = EDGE_CURVE ( 'NONE', #6197, #6214, #1973, .T. ) ;
#3315 = ORIENTED_EDGE ( 'NONE', *, *, #793, .T. ) ;
#3316 = ORIENTED_EDGE ( 'NONE', *, *, #7933, .F. ) ;
#3317 = ORIENTED_EDGE ( 'NONE', *, *, #6473, .F. ) ;
#3318 = DIRECTION ( 'NONE',  ( 1.000000000000000000, 0.000000000000000000, 0.000000000000000000 ) ) ;
#3319 = CARTESIAN_POINT ( 'NONE',  ( -15.00000000000000178, 3.000000000000002665, -8.000000000000000000 ) ) ;
#3320 = VERTEX_POINT ( 'NONE', #1974 ) ;
#3321 = ADVANCED_FACE ( 'NONE', ( #646 ), #5579, .F. ) ;
#3322 = LINE ( 'NONE', #6278, #526 ) ;
#3323 = CYLINDRICAL_SURFACE ( 'NONE', #6388, 0.5000000000000004441 ) ;
#3324 = DIRECTION ( 'NONE',  ( 0.000000000000000000, 0.000000000000000000, 1.000000000000000000 ) ) ;
#3325 = CARTESIAN_POINT ( 'NONE',  ( 4.999999999999997335, 18.00000000000000355, 2.000000000000000000 ) ) ;
#3326 = FACE_OUTER_BOUND ( 'NONE', #78, .T. ) ;
#3327 = VERTEX_POINT ( 'NONE', #34 ) ;
#3328 = DIRECTION ( 'NONE',  ( 1.000000000000000000, 0.000000000000000000, 0.000000000000000000 ) ) ;
#3329 = PLANE ( 'NONE',  #7954 ) ;
#3330 = ORIENTED_EDGE ( 'NONE', *, *, #3339, .F. ) ;
#3331 = AXIS2_PLACEMENT_3D ( 'NONE', #169, #7021, #290 ) ;
#3332 = CARTESIAN_POINT ( 'NONE',  ( -5.000000000000000888, 3.000000000000002665, -8.000000000000000000 ) ) ;
#3333 = ORIENTED_EDGE ( 'NONE', *, *, #4094, .F. ) ;
#3334 = ORIENTED_EDGE ( 'NONE', *, *, #7816, .T. ) ;
#3335 = CYLINDRICAL_SURFACE ( 'NONE', #7071, 0.5000000000000004441 ) ;
#3336 = ORIENTED_EDGE ( 'NONE', *, *, #7354, .T. ) ;
#3337 = CARTESIAN_POINT ( 'NONE',  ( -15.00000000000000178, 3.000000000000002665, 0.000000000000000000 ) ) ;
#3338 = CARTESIAN_POINT ( 'NONE',  ( 10.49999999999999822, 23.00000000000000000, -8.000000000000000000 ) ) ;
#3339 = EDGE_CURVE ( 'NONE', #5012, #6832, #7563, .T. ) ;
#3340 = EDGE_CURVE ( 'NONE', #1788, #3079, #7146, .T. ) ;
#3341 = EDGE_LOOP ( 'NONE', ( #2984, #4762, #6419, #6397 ) ) ;
#3342 = CYLINDRICAL_SURFACE ( 'NONE', #911, 0.5000000000000004441 ) ;
#3343 = AXIS2_PLACEMENT_3D ( 'NONE', #1205, #6753, #1795 ) ;
#3344 = FACE_BOUND ( 'NONE', #2124, .T. ) ;
#3345 = CARTESIAN_POINT ( 'NONE',  ( -15.00000000000000178, 13.00000000000000178, -8.000000000000000000 ) ) ;
#3346 = CARTESIAN_POINT ( 'NONE',  ( 0.000000000000000000, 0.000000000000000000, 0.000000000000000000 ) ) ;
#3347 = ORIENTED_EDGE ( 'NONE', *, *, #3878, .F. ) ;
#3348 = CIRCLE ( 'NONE', #1920, 0.5000000000000004441 ) ;
#3349 = ORIENTED_EDGE ( 'NONE', *, *, #4618, .T. ) ;
#3350 = DIRECTION ( 'NONE',  ( 1.000000000000000000, 0.000000000000000000, 0.000000000000000000 ) ) ;
#3351 = DIRECTION ( 'NONE',  ( 1.000000000000000000, 0.000000000000000000, 0.000000000000000000 ) ) ;
#3352 = EDGE_LOOP ( 'NONE', ( #5804, #5593, #5574, #82 ) ) ;
#3353 = FACE_OUTER_BOUND ( 'NONE', #661, .T. ) ;
#3354 = CARTESIAN_POINT ( 'NONE',  ( 14.49999999999999822, -11.99999999999999645, -8.000000000000000000 ) ) ;
#3355 = CYLINDRICAL_SURFACE ( 'NONE', #7788, 0.5000000000000004441 ) ;
#3356 = DIRECTION ( 'NONE',  ( -0.000000000000000000, 0.000000000000000000, 1.000000000000000000 ) ) ;
#3357 = EDGE_CURVE ( 'NONE', #3652, #3506, #6805, .T. ) ;
#3358 = ORIENTED_EDGE ( 'NONE', *, *, #3537, .T. ) ;
#3359 = AXIS2_PLACEMENT_3D ( 'NONE', #8023, #7413, #1858 ) ;
#3360 = CARTESIAN_POINT ( 'NONE',  ( 15.50000000000000000, -11.99999999999999645, 0.000000000000000000 ) ) ;
#3361 = ORIENTED_EDGE ( 'NONE', *, *, #1916, .F. ) ;
#3362 = CARTESIAN_POINT ( 'NONE',  ( -4.500000000000000888, -2.000000000000001776, 2.000000000000000000 ) ) ;
#3363 = ORIENTED_EDGE ( 'NONE', *, *, #4680, .F. ) ;
#3364 = EDGE_CURVE ( 'NONE', #5258, #6019, #1255, .T. ) ;
#3365 = AXIS2_PLACEMENT_3D ( 'NONE', #5227, #5142, #5259 ) ;
#3366 = ORIENTED_EDGE ( 'NONE', *, *, #995, .T. ) ;
#3367 = EDGE_LOOP ( 'NONE', ( #3173, #1352, #2755, #5871 ) ) ;
#3368 = CARTESIAN_POINT ( 'NONE',  ( -10.00000000000000178, 23.00000000000000000, 0.000000000000000000 ) ) ;
#3369 = DIRECTION ( 'NONE',  ( -0.000000000000000000, 0.000000000000000000, 1.000000000000000000 ) ) ;
#3370 = ADVANCED_FACE ( 'NONE', ( #4965 ), #74, .F. ) ;
#3371 = ORIENTED_EDGE ( 'NONE', *, *, #2498, .F. ) ;
#3372 = LINE ( 'NONE', #4656, #5558 ) ;
#3373 = LINE ( 'NONE', #7741, #3966 ) ;
#3374 = ORIENTED_EDGE ( 'NONE', *, *, #7284, .T. ) ;
#3375 = FACE_OUTER_BOUND ( 'NONE', #6983, .T. ) ;
#3376 = VECTOR ( 'NONE', #5894, 1000.000000000000000 ) ;
#3377 = CIRCLE ( 'NONE', #4536, 0.5000000000000004441 ) ;
#3378 = EDGE_CURVE ( 'NONE', #5895, #6204, #6844, .T. ) ;
#3379 = FACE_BOUND ( 'NONE', #3089, .T. ) ;
#3380 = FACE_OUTER_BOUND ( 'NONE', #6647, .T. ) ;
#3381 = CARTESIAN_POINT ( 'NONE',  ( -14.50000000000000000, -2.000000000000001776, 2.000000000000000000 ) ) ;
#3382 = AXIS2_PLACEMENT_3D ( 'NONE', #1456, #5089, #6967 ) ;
#3383 = AXIS2_PLACEMENT_3D ( 'NONE', #3014, #7340, #4828 ) ;
#3384 = ORIENTED_EDGE ( 'NONE', *, *, #7051, .F. ) ;
#3385 = ORIENTED_EDGE ( 'NONE', *, *, #4859, .F. ) ;
#3386 = LINE ( 'NONE', #7597, #5800 ) ;
#3387 = DIRECTION ( 'NONE',  ( 1.000000000000000000, 0.000000000000000000, 0.000000000000000000 ) ) ;
#3388 = ORIENTED_EDGE ( 'NONE', *, *, #5693, .T. ) ;
#3389 = AXIS2_PLACEMENT_3D ( 'NONE', #1077, #2244, #6048 ) ;
#3390 = CIRCLE ( 'NONE', #2213, 0.5000000000000004441 ) ;
#3391 = CARTESIAN_POINT ( 'NONE',  ( 19.75000000000000000, 34.50000000000000000, 0.000000000000000000 ) ) ;
#3392 = EDGE_CURVE ( 'NONE', #5464, #6698, #3006, .T. ) ;
#3393 = DIRECTION ( 'NONE',  ( 0.000000000000000000, 0.000000000000000000, 1.000000000000000000 ) ) ;
#3394 = FACE_OUTER_BOUND ( 'NONE', #1242, .T. ) ;
#3395 = DIRECTION ( 'NONE',  ( 1.000000000000000000, 1.927470528863118802E-16, 0.000000000000000000 ) ) ;
#3396 = VECTOR ( 'NONE', #191, 1000.000000000000000 ) ;
#3397 = DIRECTION ( 'NONE',  ( 1.000000000000000000, 0.000000000000000000, 0.000000000000000000 ) ) ;
#3398 = EDGE_CURVE ( 'NONE', #3037, #4123, #5070, .T. ) ;
#3399 = ORIENTED_EDGE ( 'NONE', *, *, #4822, .F. ) ;
#3400 = CARTESIAN_POINT ( 'NONE',  ( -15.00000000000000355, 33.00000000000000000, 2.000000000000000000 ) ) ;
#3401 = AXIS2_PLACEMENT_3D ( 'NONE', #2447, #4431, #6798 ) ;
#3402 = ORIENTED_EDGE ( 'NONE', *, *, #7147, .T. ) ;
#3403 = DIRECTION ( 'NONE',  ( 0.000000000000000000, 0.000000000000000000, 1.000000000000000000 ) ) ;
#3404 = EDGE_LOOP ( 'NONE', ( #1961, #4242 ) ) ;
#3405 = ORIENTED_EDGE ( 'NONE', *, *, #5317, .T. ) ;
#3406 = ORIENTED_EDGE ( 'NONE', *, *, #5581, .F. ) ;
#3407 = DIRECTION ( 'NONE',  ( -0.000000000000000000, -0.000000000000000000, 1.000000000000000000 ) ) ;
#3408 = CARTESIAN_POINT ( 'NONE',  ( 5.000000000000000888, -6.999999999999999112, 2.000000000000000000 ) ) ;
#3409 = VERTEX_POINT ( 'NONE', #1296 ) ;
#3410 = EDGE_CURVE ( 'NONE', #4051, #5116, #6241, .T. ) ;
#3411 = CARTESIAN_POINT ( 'NONE',  ( -7.249999999999999112, 0.000000000000000000, 2.000000000000000000 ) ) ;
#3412 = DIRECTION ( 'NONE',  ( -0.000000000000000000, -0.000000000000000000, 1.000000000000000000 ) ) ;
#3413 = VERTEX_POINT ( 'NONE', #3756 ) ;
#3414 = DIRECTION ( 'NONE',  ( -0.000000000000000000, -0.000000000000000000, 1.000000000000000000 ) ) ;
#3415 = CARTESIAN_POINT ( 'NONE',  ( 15.49999999999999645, 3.000000000000002665, 2.000000000000000000 ) ) ;
#3416 = DIRECTION ( 'NONE',  ( 1.000000000000000000, 0.000000000000000000, 0.000000000000000000 ) ) ;
#3417 = FACE_BOUND ( 'NONE', #4202, .T. ) ;
#3418 = CYLINDRICAL_SURFACE ( 'NONE', #7903, 0.5000000000000004441 ) ;
#3419 = CARTESIAN_POINT ( 'NONE',  ( 5.500000000000001776, -32.00000000000000000, -8.000000000000000000 ) ) ;
#3420 = ORIENTED_EDGE ( 'NONE', *, *, #6024, .F. ) ;
#3421 = DIRECTION ( 'NONE',  ( -0.000000000000000000, 0.000000000000000000, 1.000000000000000000 ) ) ;
#3422 = ADVANCED_FACE ( 'NONE', ( #5532 ), #2579, .F. ) ;
#3423 = DIRECTION ( 'NONE',  ( -0.000000000000000000, -0.000000000000000000, 1.000000000000000000 ) ) ;
#3424 = VECTOR ( 'NONE', #5129, 1000.000000000000000 ) ;
#3425 = ORIENTED_EDGE ( 'NONE', *, *, #1272, .T. ) ;
#3426 = CIRCLE ( 'NONE', #3818, 0.5000000000000004441 ) ;
#3427 = CARTESIAN_POINT ( 'NONE',  ( -5.000000000000000888, 8.000000000000000000, -8.000000000000000000 ) ) ;
#3428 = FACE_OUTER_BOUND ( 'NONE', #1990, .T. ) ;
#3429 = DIRECTION ( 'NONE',  ( 1.000000000000000000, 0.000000000000000000, 0.000000000000000000 ) ) ;
#3430 = EDGE_CURVE ( 'NONE', #458, #6073, #1930, .T. ) ;
#3431 = DIRECTION ( 'NONE',  ( 0.000000000000000000, 0.000000000000000000, 1.000000000000000000 ) ) ;
#3432 = EDGE_CURVE ( 'NONE', #7278, #6204, #4673, .T. ) ;
#3433 = FACE_OUTER_BOUND ( 'NONE', #5296, .T. ) ;
#3434 = VERTEX_POINT ( 'NONE', #4515 ) ;
#3435 = CIRCLE ( 'NONE', #4469, 0.5000000000000004441 ) ;
#3436 = DIRECTION ( 'NONE',  ( 9.637352644315594010E-17, -1.000000000000000000, 0.000000000000000000 ) ) ;
#3437 = EDGE_LOOP ( 'NONE', ( #1402, #1578, #7762, #6761 ) ) ;
#3438 = CARTESIAN_POINT ( 'NONE',  ( -10.50000000000000178, -11.99999999999999645, -8.000000000000000000 ) ) ;
#3439 = CARTESIAN_POINT ( 'NONE',  ( -1.734723475976807094E-15, -2.000000000000001776, 0.000000000000000000 ) ) ;
#3440 = ORIENTED_EDGE ( 'NONE', *, *, #6061, .T. ) ;
#3441 = EDGE_CURVE ( 'NONE', #1486, #6480, #5448, .T. ) ;
#3442 = VERTEX_POINT ( 'NONE', #2126 ) ;
#3443 = ORIENTED_EDGE ( 'NONE', *, *, #6115, .F. ) ;
#3444 = CARTESIAN_POINT ( 'NONE',  ( -0.5000000000000043299, 28.00000000000000000, 2.000000000000000000 ) ) ;
#3445 = DIRECTION ( 'NONE',  ( 1.000000000000000000, 0.000000000000000000, 0.000000000000000000 ) ) ;
#3446 = EDGE_LOOP ( 'NONE', ( #6359, #1905 ) ) ;
#3447 = LINE ( 'NONE', #4697, #6599 ) ;
#3448 = CYLINDRICAL_SURFACE ( 'NONE', #2460, 0.5000000000000004441 ) ;
#3449 = ORIENTED_EDGE ( 'NONE', *, *, #2830, .F. ) ;
#3450 = ADVANCED_FACE ( 'NONE', ( #222 ), #4565, .F. ) ;
#3451 = AXIS2_PLACEMENT_3D ( 'NONE', #339, #2033, #4011 ) ;
#3452 = ORIENTED_EDGE ( 'NONE', *, *, #7111, .T. ) ;
#3453 = DIRECTION ( 'NONE',  ( 1.000000000000000000, 0.000000000000000000, 0.000000000000000000 ) ) ;
#3454 = EDGE_CURVE ( 'NONE', #2341, #6651, #2490, .T. ) ;
#3455 = CARTESIAN_POINT ( 'NONE',  ( -5.000000000000002665, 28.00000000000000000, -8.000000000000000000 ) ) ;
#3456 = CARTESIAN_POINT ( 'NONE',  ( -18.99999999999999645, 39.25000000000000000, 2.000000000000000000 ) ) ;
#3457 = CARTESIAN_POINT ( 'NONE',  ( 0.4999999999999991673, -17.00000000000000000, -8.000000000000000000 ) ) ;
#3458 = EDGE_LOOP ( 'NONE', ( #6143, #7942, #3371, #2300, #1530, #5631, #6392, #5463, #5254, #5555, #5219, #5262 ) ) ;
#3459 = DIRECTION ( 'NONE',  ( 1.000000000000000000, 0.000000000000000000, 0.000000000000000000 ) ) ;
#3460 = VERTEX_POINT ( 'NONE', #184 ) ;
#3461 = CARTESIAN_POINT ( 'NONE',  ( 4.999999999999997335, 18.00000000000000355, -8.000000000000000000 ) ) ;
#3462 = VECTOR ( 'NONE', #1284, 1000.000000000000000 ) ;
#3463 = CARTESIAN_POINT ( 'NONE',  ( 4.500000000000000888, -11.99999999999999645, 2.000000000000000000 ) ) ;
#3464 = ORIENTED_EDGE ( 'NONE', *, *, #2335, .T. ) ;
#3465 = DIRECTION ( 'NONE',  ( -0.000000000000000000, -0.000000000000000000, 1.000000000000000000 ) ) ;
#3466 = EDGE_CURVE ( 'NONE', #1819, #7820, #2694, .T. ) ;
#3467 = AXIS2_PLACEMENT_3D ( 'NONE', #7723, #6358, #3290 ) ;
#3468 = CARTESIAN_POINT ( 'NONE',  ( -4.500000000000002665, 23.00000000000000000, 2.000000000000000000 ) ) ;
#3469 = ORIENTED_EDGE ( 'NONE', *, *, #4474, .T. ) ;
#3470 = CARTESIAN_POINT ( 'NONE',  ( -15.00000000000000178, -22.00000000000000000, -8.000000000000000000 ) ) ;
#3471 = DIRECTION ( 'NONE',  ( -0.000000000000000000, 0.000000000000000000, 1.000000000000000000 ) ) ;
#3472 = CARTESIAN_POINT ( 'NONE',  ( -4.499999999999999112, -26.99999999999999645, 0.000000000000000000 ) ) ;
#3473 = ORIENTED_EDGE ( 'NONE', *, *, #5506, .T. ) ;
#3474 = CIRCLE ( 'NONE', #4504, 0.5000000000000004441 ) ;
#3475 = DIRECTION ( 'NONE',  ( 0.000000000000000000, 0.000000000000000000, 1.000000000000000000 ) ) ;
#3477 = ADVANCED_FACE ( 'NONE', ( #7637 ), #5274, .F. ) ;
#3476 = ORIENTED_EDGE ( 'NONE', *, *, #4094, .T. ) ;
#3478 = CARTESIAN_POINT ( 'NONE',  ( 18.50000000000000355, 38.50000000000000000, 2.000000000000000000 ) ) ;
#3479 = FACE_BOUND ( 'NONE', #3140, .T. ) ;
#3480 = FACE_OUTER_BOUND ( 'NONE', #4204, .T. ) ;
#3481 = EDGE_LOOP ( 'NONE', ( #7895, #7006, #3038, #6068 ) ) ;
#3482 = ORIENTED_EDGE ( 'NONE', *, *, #1737, .T. ) ;
#3483 = AXIS2_PLACEMENT_3D ( 'NONE', #5684, #5767, #2723 ) ;
#3484 = ORIENTED_EDGE ( 'NONE', *, *, #5051, .T. ) ;
#3485 = CARTESIAN_POINT ( 'NONE',  ( 9.999999999999998224, 33.00000000000000000, 2.000000000000000000 ) ) ;
#3486 = EDGE_LOOP ( 'NONE', ( #6911, #3727, #775, #5904 ) ) ;
#3487 = DIRECTION ( 'NONE',  ( 1.000000000000000000, 0.000000000000000000, 0.000000000000000000 ) ) ;
#3488 = AXIS2_PLACEMENT_3D ( 'NONE', #390, #4794, #7757 ) ;
#3489 = EDGE_CURVE ( 'NONE', #1969, #3693, #5854, .T. ) ;
#3490 = ORIENTED_EDGE ( 'NONE', *, *, #5534, .F. ) ;
#3491 = CARTESIAN_POINT ( 'NONE',  ( -15.00000000000000178, 8.000000000000000000, -8.000000000000000000 ) ) ;
#3492 = VECTOR ( 'NONE', #2677, 1000.000000000000000 ) ;
#3493 = CIRCLE ( 'NONE', #4780, 1.190625000000000711 ) ;
#3494 = CARTESIAN_POINT ( 'NONE',  ( 10.49999999999999822, -2.000000000000001776, -8.000000000000000000 ) ) ;
#3495 = AXIS2_PLACEMENT_3D ( 'NONE', #1933, #111, #5743 ) ;
#3496 = EDGE_CURVE ( 'NONE', #1407, #7069, #5319, .T. ) ;
#3497 = FACE_OUTER_BOUND ( 'NONE', #2501, .T. ) ;
#3498 = EDGE_LOOP ( 'NONE', ( #259, #3181, #4563, #2327 ) ) ;
#3499 = CIRCLE ( 'NONE', #5568, 0.5000000000000004441 ) ;
#3500 = CYLINDRICAL_SURFACE ( 'NONE', #6488, 0.5000000000000004441 ) ;
#3501 = CIRCLE ( 'NONE', #5552, 0.5000000000000004441 ) ;
#3502 = ORIENTED_EDGE ( 'NONE', *, *, #7243, .F. ) ;
#3503 = AXIS2_PLACEMENT_3D ( 'NONE', #4176, #6505, #2309 ) ;
#3504 = CYLINDRICAL_SURFACE ( 'NONE', #4106, 0.5000000000000004441 ) ;
#3505 = CARTESIAN_POINT ( 'NONE',  ( 5.499999999999998224, 8.000000000000000000, 0.000000000000000000 ) ) ;
#3506 = VERTEX_POINT ( 'NONE', #1556 ) ;
#3507 = DIRECTION ( 'NONE',  ( -0.000000000000000000, 0.000000000000000000, 1.000000000000000000 ) ) ;
#3508 = AXIS2_PLACEMENT_3D ( 'NONE', #1752, #1838, #1915 ) ;
#3509 = EDGE_CURVE ( 'NONE', #241, #5742, #3271, .T. ) ;
#3510 = CARTESIAN_POINT ( 'NONE',  ( -4.818676322157801165E-18, -0.4000000000000002998, 0.000000000000000000 ) ) ;
#3511 = ORIENTED_EDGE ( 'NONE', *, *, #3807, .T. ) ;
#3512 = CYLINDRICAL_SURFACE ( 'NONE', #6367, 0.5000000000000004441 ) ;
#3513 = DIRECTION ( 'NONE',  ( -0.000000000000000000, -0.000000000000000000, 1.000000000000000000 ) ) ;
#3514 = FACE_OUTER_BOUND ( 'NONE', #84, .T. ) ;
#3515 = EDGE_LOOP ( 'NONE', ( #5061, #2553, #1100, #5048 ) ) ;
#3516 = AXIS2_PLACEMENT_3D ( 'NONE', #2502, #3713, #3068 ) ;
#3517 = VECTOR ( 'NONE', #4867, 1000.000000000000000 ) ;
#3518 = CARTESIAN_POINT ( 'NONE',  ( -2.749999999999999556, -2.650271977186788014E-16, 0.000000000000000000 ) ) ;
#3519 = ORIENTED_EDGE ( 'NONE', *, *, #1541, .T. ) ;
#3520 = AXIS2_PLACEMENT_3D ( 'NONE', #108, #2624, #3070 ) ;
#3521 = CYLINDRICAL_SURFACE ( 'NONE', #6223, 0.5000000000000008882 ) ;
#3522 = FACE_BOUND ( 'NONE', #4170, .T. ) ;
#3523 = VECTOR ( 'NONE', #2168, 1000.000000000000000 ) ;
#3524 = AXIS2_PLACEMENT_3D ( 'NONE', #1775, #6729, #6566 ) ;
#3525 = DIRECTION ( 'NONE',  ( 1.000000000000000000, -1.204669080539449405E-17, 0.000000000000000000 ) ) ;
#3526 = EDGE_LOOP ( 'NONE', ( #441, #6013 ) ) ;
#3527 = VERTEX_POINT ( 'NONE', #1519 ) ;
#3528 = AXIS2_PLACEMENT_3D ( 'NONE', #786, #168, #6375 ) ;
#3529 = EDGE_CURVE ( 'NONE', #1969, #963, #5189, .T. ) ;
#3530 = ORIENTED_EDGE ( 'NONE', *, *, #4721, .T. ) ;
#3531 = CARTESIAN_POINT ( 'NONE',  ( -10.00000000000000178, -11.99999999999999645, 0.000000000000000000 ) ) ;
#3532 = VERTEX_POINT ( 'NONE', #264 ) ;
#3533 = DIRECTION ( 'NONE',  ( -0.000000000000000000, -0.000000000000000000, 1.000000000000000000 ) ) ;
#3534 = CIRCLE ( 'NONE', #1981, 0.5000000000000004441 ) ;
#3535 = ORIENTED_EDGE ( 'NONE', *, *, #5550, .F. ) ;
#3536 = CARTESIAN_POINT ( 'NONE',  ( 18.50000000000000355, -38.50000000000000000, 0.000000000000000000 ) ) ;
#3537 = EDGE_CURVE ( 'NONE', #3327, #6698, #845, .T. ) ;
#3538 = CARTESIAN_POINT ( 'NONE',  ( 15.00000000000000000, -22.00000000000000000, 0.000000000000000000 ) ) ;
#3539 = LINE ( 'NONE', #4665, #3769 ) ;
#3540 = ORIENTED_EDGE ( 'NONE', *, *, #6039, .T. ) ;
#3541 = CARTESIAN_POINT ( 'NONE',  ( -10.50000000000000178, 13.00000000000000178, -8.000000000000000000 ) ) ;
#3542 = VERTEX_POINT ( 'NONE', #2737 ) ;
#3543 = DIRECTION ( 'NONE',  ( 0.000000000000000000, 0.000000000000000000, 1.000000000000000000 ) ) ;
#3544 = CARTESIAN_POINT ( 'NONE',  ( -15.00000000000000000, -26.99999999999999645, 2.000000000000000000 ) ) ;
#3545 = EDGE_CURVE ( 'NONE', #601, #458, #33, .T. ) ;
#3546 = ORIENTED_EDGE ( 'NONE', *, *, #1381, .F. ) ;
#3547 = CARTESIAN_POINT ( 'NONE',  ( 9.999999999999998224, 3.000000000000002665, 2.000000000000000000 ) ) ;
#3548 = EDGE_CURVE ( 'NONE', #7434, #2225, #2613, .T. ) ;
#3549 = CARTESIAN_POINT ( 'NONE',  ( -4.999999999999999112, -26.99999999999999645, 0.000000000000000000 ) ) ;
#3550 = EDGE_LOOP ( 'NONE', ( #7852, #2187, #3890, #7941 ) ) ;
#3551 = CYLINDRICAL_SURFACE ( 'NONE', #7267, 0.5000000000000008882 ) ;
#3552 = AXIS2_PLACEMENT_3D ( 'NONE', #1856, #38, #4354 ) ;
#3553 = DIRECTION ( 'NONE',  ( 1.000000000000000000, 0.000000000000000000, 0.000000000000000000 ) ) ;
#3554 = CARTESIAN_POINT ( 'NONE',  ( 10.50000000000000178, -6.999999999999999112, 2.000000000000000000 ) ) ;
#3555 = ORIENTED_EDGE ( 'NONE', *, *, #7293, .F. ) ;
#3556 = ADVANCED_FACE ( 'NONE', ( #4635 ), #5741, .F. ) ;
#3557 = CARTESIAN_POINT ( 'NONE',  ( -10.00000000000000178, 23.00000000000000000, -8.000000000000000000 ) ) ;
#3558 = AXIS2_PLACEMENT_3D ( 'NONE', #7047, #1418, #2708 ) ;
#3559 = ORIENTED_EDGE ( 'NONE', *, *, #7935, .F. ) ;
#3560 = DIRECTION ( 'NONE',  ( 1.000000000000000000, 0.000000000000000000, 0.000000000000000000 ) ) ;
#3561 = FACE_BOUND ( 'NONE', #4499, .T. ) ;
#3562 = CYLINDRICAL_SURFACE ( 'NONE', #4804, 0.5000000000000008882 ) ;
#3563 = EDGE_LOOP ( 'NONE', ( #873, #385, #6632, #106 ) ) ;
#3564 = ORIENTED_EDGE ( 'NONE', *, *, #6210, .F. ) ;
#3565 = ORIENTED_EDGE ( 'NONE', *, *, #723, .F. ) ;
#3566 = DIRECTION ( 'NONE',  ( -0.000000000000000000, -0.000000000000000000, 1.000000000000000000 ) ) ;
#3567 = CARTESIAN_POINT ( 'NONE',  ( 9.500000000000001776, -17.00000000000000000, 0.000000000000000000 ) ) ;
#3568 = VERTEX_POINT ( 'NONE', #6347 ) ;
#3569 = FACE_BOUND ( 'NONE', #4451, .T. ) ;
#3570 = EDGE_CURVE ( 'NONE', #4415, #2052, #4149, .T. ) ;
#3571 = CARTESIAN_POINT ( 'NONE',  ( 14.49999999999999822, -26.99999999999999645, -8.000000000000000000 ) ) ;
#3572 = VERTEX_POINT ( 'NONE', #4671 ) ;
#3573 = CARTESIAN_POINT ( 'NONE',  ( -18.50000000000000355, 38.50000000000000000, 2.000000000000000000 ) ) ;
#3574 = CARTESIAN_POINT ( 'NONE',  ( -10.00000000000000178, 8.000000000000000000, 2.000000000000000000 ) ) ;
#3575 = DIRECTION ( 'NONE',  ( 0.000000000000000000, -0.000000000000000000, 1.000000000000000000 ) ) ;
#3576 = EDGE_CURVE ( 'NONE', #4232, #3882, #3778, .T. ) ;
#3577 = EDGE_CURVE ( 'NONE', #5986, #878, #5719, .T. ) ;
#3578 = CARTESIAN_POINT ( 'NONE',  ( -1.734723475976807094E-15, 8.000000000000000000, 0.000000000000000000 ) ) ;
#3579 = VERTEX_POINT ( 'NONE', #3505 ) ;
#3580 = CIRCLE ( 'NONE', #3708, 0.5000000000000008882 ) ;
#3581 = CYLINDRICAL_SURFACE ( 'NONE', #6626, 0.5000000000000008882 ) ;
#3582 = ORIENTED_EDGE ( 'NONE', *, *, #5317, .F. ) ;
#3583 = CARTESIAN_POINT ( 'NONE',  ( -5.000000000000000888, 13.00000000000000178, -8.000000000000000000 ) ) ;
#3584 = CARTESIAN_POINT ( 'NONE',  ( -0.5000000000000026645, 3.000000000000002665, 0.000000000000000000 ) ) ;
#3585 = DIRECTION ( 'NONE',  ( -0.000000000000000000, -0.000000000000000000, 1.000000000000000000 ) ) ;
#3586 = DIRECTION ( 'NONE',  ( 1.000000000000000000, 0.000000000000000000, 0.000000000000000000 ) ) ;
#3587 = ORIENTED_EDGE ( 'NONE', *, *, #7594, .T. ) ;
#3588 = ORIENTED_EDGE ( 'NONE', *, *, #3466, .T. ) ;
#3589 = VECTOR ( 'NONE', #1432, 1000.000000000000000 ) ;
#3590 = CARTESIAN_POINT ( 'NONE',  ( 4.500000000000000888, -11.99999999999999645, 0.000000000000000000 ) ) ;
#3591 = CARTESIAN_POINT ( 'NONE',  ( 5.000000000000000888, -17.00000000000000000, -8.000000000000000000 ) ) ;
#3592 = CARTESIAN_POINT ( 'NONE',  ( -10.00000000000000000, -26.99999999999999645, -8.000000000000000000 ) ) ;
#3593 = ORIENTED_EDGE ( 'NONE', *, *, #4712, .F. ) ;
#3594 = AXIS2_PLACEMENT_3D ( 'NONE', #5862, #3875, #5748 ) ;
#3595 = CARTESIAN_POINT ( 'NONE',  ( 10.00000000000000178, -17.00000000000000000, -8.000000000000000000 ) ) ;
#3596 = ORIENTED_EDGE ( 'NONE', *, *, #682, .F. ) ;
#3597 = FACE_OUTER_BOUND ( 'NONE', #6200, .T. ) ;
#3598 = FACE_BOUND ( 'NONE', #4645, .T. ) ;
#3599 = CARTESIAN_POINT ( 'NONE',  ( -4.500000000000000888, -11.99999999999999645, 0.000000000000000000 ) ) ;
#3600 = CARTESIAN_POINT ( 'NONE',  ( -15.50000000000000355, 33.00000000000000000, 2.000000000000000000 ) ) ;
#3601 = EDGE_LOOP ( 'NONE', ( #6717, #4294, #202, #1975 ) ) ;
#3602 = CIRCLE ( 'NONE', #110, 0.5000000000000008882 ) ;
#3603 = EDGE_LOOP ( 'NONE', ( #1121, #5140, #7678, #4429 ) ) ;
#3604 = ORIENTED_EDGE ( 'NONE', *, *, #4463, .T. ) ;
#3605 = CARTESIAN_POINT ( 'NONE',  ( 14.49999999999999822, -11.99999999999999645, 0.000000000000000000 ) ) ;
#3606 = VERTEX_POINT ( 'NONE', #5316 ) ;
#3607 = FACE_BOUND ( 'NONE', #3446, .T. ) ;
#3608 = CARTESIAN_POINT ( 'NONE',  ( -5.500000000000003553, 28.00000000000000000, 2.000000000000000000 ) ) ;
#3609 = EDGE_CURVE ( 'NONE', #5817, #6665, #6373, .T. ) ;
#3610 = EDGE_LOOP ( 'NONE', ( #5947, #7352, #2162, #748 ) ) ;
#3611 = DIRECTION ( 'NONE',  ( -0.000000000000000000, -0.000000000000000000, 1.000000000000000000 ) ) ;
#3612 = LINE ( 'NONE', #1955, #3656 ) ;
#3613 = PLANE ( 'NONE',  #5123 ) ;
#3614 = ORIENTED_EDGE ( 'NONE', *, *, #3801, .T. ) ;
#3615 = CARTESIAN_POINT ( 'NONE',  ( 14.49999999999999822, -22.00000000000000000, 2.000000000000000000 ) ) ;
#3616 = VERTEX_POINT ( 'NONE', #5355 ) ;
#3617 = DIRECTION ( 'NONE',  ( -0.000000000000000000, -0.000000000000000000, 1.000000000000000000 ) ) ;
#3618 = ORIENTED_EDGE ( 'NONE', *, *, #269, .T. ) ;
#3619 = CYLINDRICAL_SURFACE ( 'NONE', #5663, 0.5000000000000008882 ) ;
#3620 = CIRCLE ( 'NONE', #4267, 0.5000000000000008882 ) ;
#3621 = CARTESIAN_POINT ( 'NONE',  ( -14.50000000000000000, -6.999999999999999112, 2.000000000000000000 ) ) ;
#3622 = EDGE_CURVE ( 'NONE', #3167, #7173, #2277, .T. ) ;
#3623 = DIRECTION ( 'NONE',  ( -0.000000000000000000, -0.000000000000000000, 1.000000000000000000 ) ) ;
#3624 = CIRCLE ( 'NONE', #5168, 0.5000000000000004441 ) ;
#3625 = VECTOR ( 'NONE', #4861, 1000.000000000000000 ) ;
#3626 = DIRECTION ( 'NONE',  ( 1.000000000000000000, 0.000000000000000000, 0.000000000000000000 ) ) ;
#3627 = VECTOR ( 'NONE', #4480, 1000.000000000000000 ) ;
#3628 = VERTEX_POINT ( 'NONE', #7833 ) ;
#3629 = EDGE_LOOP ( 'NONE', ( #3129, #5226, #1573, #7380 ) ) ;
#3630 = DIRECTION ( 'NONE',  ( 1.000000000000000000, 0.000000000000000000, 0.000000000000000000 ) ) ;
#3631 = FACE_OUTER_BOUND ( 'NONE', #2695, .T. ) ;
#3632 = CARTESIAN_POINT ( 'NONE',  ( 4.499999999999997335, 28.00000000000000000, 2.000000000000000000 ) ) ;
#3633 = EDGE_LOOP ( 'NONE', ( #7373, #6097, #7334, #1684 ) ) ;
#3634 = CIRCLE ( 'NONE', #2602, 0.5000000000000004441 ) ;
#3635 = VECTOR ( 'NONE', #4508, 1000.000000000000000 ) ;
#3636 = ADVANCED_FACE ( 'NONE', ( #4833 ), #4095, .F. ) ;
#3637 = ADVANCED_FACE ( 'NONE', ( #430 ), #7798, .F. ) ;
#3638 = CYLINDRICAL_SURFACE ( 'NONE', #3552, 0.5000000000000004441 ) ;
#3639 = CARTESIAN_POINT ( 'NONE',  ( 10.50000000000000178, -26.99999999999999645, 2.000000000000000000 ) ) ;
#3640 = DIRECTION ( 'NONE',  ( -0.000000000000000000, -0.000000000000000000, 1.000000000000000000 ) ) ;
#3641 = FACE_BOUND ( 'NONE', #939, .T. ) ;
#3642 = DIRECTION ( 'NONE',  ( -0.000000000000000000, -0.000000000000000000, 1.000000000000000000 ) ) ;
#3643 = CARTESIAN_POINT ( 'NONE',  ( 4.999999999999997335, 13.00000000000000178, 0.000000000000000000 ) ) ;
#3644 = CIRCLE ( 'NONE', #6758, 0.5000000000000004441 ) ;
#3645 = CIRCLE ( 'NONE', #3383, 0.5000000000000008882 ) ;
#3646 = ORIENTED_EDGE ( 'NONE', *, *, #6457, .F. ) ;
#3647 = ORIENTED_EDGE ( 'NONE', *, *, #3496, .T. ) ;
#3648 = EDGE_LOOP ( 'NONE', ( #242, #7870, #577, #3814 ) ) ;
#3649 = ADVANCED_FACE ( 'NONE', ( #1672 ), #6588, .F. ) ;
#3650 = DIRECTION ( 'NONE',  ( 1.000000000000000000, 0.000000000000000000, 0.000000000000000000 ) ) ;
#3651 = VECTOR ( 'NONE', #6776, 1000.000000000000000 ) ;
#3652 = VERTEX_POINT ( 'NONE', #6670 ) ;
#3653 = EDGE_LOOP ( 'NONE', ( #3992, #1472, #3388, #4467 ) ) ;
#3654 = VECTOR ( 'NONE', #6117, 1000.000000000000000 ) ;
#3655 = LINE ( 'NONE', #7990, #7375 ) ;
#3656 = VECTOR ( 'NONE', #5606, 1000.000000000000000 ) ;
#3657 = ORIENTED_EDGE ( 'NONE', *, *, #4734, .T. ) ;
#3658 = FACE_OUTER_BOUND ( 'NONE', #2994, .T. ) ;
#3659 = CARTESIAN_POINT ( 'NONE',  ( 14.99999999999999645, 3.000000000000002665, -8.000000000000000000 ) ) ;
#3660 = EDGE_CURVE ( 'NONE', #479, #7995, #3019, .T. ) ;
#3661 = CYLINDRICAL_SURFACE ( 'NONE', #7645, 0.5000000000000004441 ) ;
#3662 = ORIENTED_EDGE ( 'NONE', *, *, #1758, .F. ) ;
#3663 = AXIS2_PLACEMENT_3D ( 'NONE', #8020, #6834, #3744 ) ;
#3664 = DIRECTION ( 'NONE',  ( 1.000000000000000000, 0.000000000000000000, 0.000000000000000000 ) ) ;
#3665 = VERTEX_POINT ( 'NONE', #7188 ) ;
#3666 = DIRECTION ( 'NONE',  ( 1.000000000000000000, 0.000000000000000000, 0.000000000000000000 ) ) ;
#3667 = ORIENTED_EDGE ( 'NONE', *, *, #7294, .T. ) ;
#3668 = LINE ( 'NONE', #1882, #4494 ) ;
#3669 = DIRECTION ( 'NONE',  ( -0.000000000000000000, -0.000000000000000000, 1.000000000000000000 ) ) ;
#3670 = CARTESIAN_POINT ( 'NONE',  ( -1.734723475976807094E-15, -22.00000000000000000, 2.000000000000000000 ) ) ;
#3671 = CARTESIAN_POINT ( 'NONE',  ( 4.499999999999997335, 8.000000000000000000, -8.000000000000000000 ) ) ;
#3672 = CARTESIAN_POINT ( 'NONE',  ( -5.000000000000000888, -22.00000000000000000, 2.000000000000000000 ) ) ;
#3673 = VERTEX_POINT ( 'NONE', #1596 ) ;
#3674 = ORIENTED_EDGE ( 'NONE', *, *, #6310, .T. ) ;
#3675 = CYLINDRICAL_SURFACE ( 'NONE', #419, 0.5000000000000008882 ) ;
#3676 = CARTESIAN_POINT ( 'NONE',  ( 15.00000000000000000, -26.99999999999999645, -8.000000000000000000 ) ) ;
#3677 = DIRECTION ( 'NONE',  ( 1.000000000000000000, 0.000000000000000000, 0.000000000000000000 ) ) ;
#3678 = EDGE_LOOP ( 'NONE', ( #1628, #7330 ) ) ;
#3679 = FACE_OUTER_BOUND ( 'NONE', #5505, .T. ) ;
#3680 = CYLINDRICAL_SURFACE ( 'NONE', #3797, 0.5000000000000008882 ) ;
#3681 = DIRECTION ( 'NONE',  ( -1.000000000000000000, 0.000000000000000000, -0.000000000000000000 ) ) ;
#3682 = CARTESIAN_POINT ( 'NONE',  ( -9.500000000000001776, 23.00000000000000000, 0.000000000000000000 ) ) ;
#3683 = EDGE_CURVE ( 'NONE', #878, #5986, #5595, .T. ) ;
#3684 = EDGE_CURVE ( 'NONE', #2029, #2242, #4181, .T. ) ;
#3685 = CARTESIAN_POINT ( 'NONE',  ( -20.99999999999999289, -39.25000000000000000, 2.000000000000000000 ) ) ;
#3686 = CARTESIAN_POINT ( 'NONE',  ( 0.000000000000000000, -4.899999999999999467, 2.000000000000000000 ) ) ;
#3687 = VERTEX_POINT ( 'NONE', #3463 ) ;
#3688 = ORIENTED_EDGE ( 'NONE', *, *, #5550, .T. ) ;
#3689 = VERTEX_POINT ( 'NONE', #3584 ) ;
#3690 = CARTESIAN_POINT ( 'NONE',  ( 4.999999999999997335, 8.000000000000000000, -8.000000000000000000 ) ) ;
#3691 = CARTESIAN_POINT ( 'NONE',  ( -15.00000000000000178, 8.000000000000000000, 0.000000000000000000 ) ) ;
#3692 = ORIENTED_EDGE ( 'NONE', *, *, #4483, .F. ) ;
#3693 = VERTEX_POINT ( 'NONE', #1116 ) ;
#3694 = LINE ( 'NONE', #6290, #2717 ) ;
#3695 = ORIENTED_EDGE ( 'NONE', *, *, #89, .F. ) ;
#3696 = DIRECTION ( 'NONE',  ( 1.000000000000000000, 0.000000000000000000, 0.000000000000000000 ) ) ;
#3697 = ORIENTED_EDGE ( 'NONE', *, *, #4013, .F. ) ;
#3698 = CARTESIAN_POINT ( 'NONE',  ( -15.50000000000000355, 28.00000000000000000, 0.000000000000000000 ) ) ;
#3699 = ORIENTED_EDGE ( 'NONE', *, *, #5948, .T. ) ;
#3700 = EDGE_CURVE ( 'NONE', #3532, #5547, #2218, .T. ) ;
#3701 = DIRECTION ( 'NONE',  ( 1.000000000000000000, 0.000000000000000000, 0.000000000000000000 ) ) ;
#3702 = EDGE_CURVE ( 'NONE', #3568, #3616, #6765, .T. ) ;
#3703 = ORIENTED_EDGE ( 'NONE', *, *, #2646, .T. ) ;
#3704 = FACE_OUTER_BOUND ( 'NONE', #7551, .T. ) ;
#3705 = DIRECTION ( 'NONE',  ( -0.000000000000000000, 0.000000000000000000, 1.000000000000000000 ) ) ;
#3706 = CARTESIAN_POINT ( 'NONE',  ( 15.00000000000000000, -6.999999999999999112, 0.000000000000000000 ) ) ;
#3707 = AXIS2_PLACEMENT_3D ( 'NONE', #938, #6571, #3445 ) ;
#3708 = AXIS2_PLACEMENT_3D ( 'NONE', #3923, #6405, #3328 ) ;
#3709 = DIRECTION ( 'NONE',  ( -0.000000000000000000, -0.000000000000000000, 1.000000000000000000 ) ) ;
#3710 = EDGE_CURVE ( 'NONE', #942, #5520, #2868, .T. ) ;
#3711 = EDGE_LOOP ( 'NONE', ( #6709, #6961 ) ) ;
#3712 = ORIENTED_EDGE ( 'NONE', *, *, #6838, .F. ) ;
#3713 = DIRECTION ( 'NONE',  ( -0.000000000000000000, 0.000000000000000000, 1.000000000000000000 ) ) ;
#3714 = DIRECTION ( 'NONE',  ( -0.000000000000000000, 0.000000000000000000, 1.000000000000000000 ) ) ;
#3715 = DIRECTION ( 'NONE',  ( 1.000000000000000000, 0.000000000000000000, 0.000000000000000000 ) ) ;
#3716 = EDGE_LOOP ( 'NONE', ( #6567, #4962 ) ) ;
#3717 = EDGE_CURVE ( 'NONE', #4901, #5681, #6896, .T. ) ;
#3718 = DIRECTION ( 'NONE',  ( 0.000000000000000000, 0.000000000000000000, 1.000000000000000000 ) ) ;
#3719 = LINE ( 'NONE', #4235, #301 ) ;
#3720 = AXIS2_PLACEMENT_3D ( 'NONE', #7137, #3642, #978 ) ;
#3721 = CARTESIAN_POINT ( 'NONE',  ( 9.999999999999998224, 33.00000000000000000, 2.000000000000000000 ) ) ;
#3722 = DIRECTION ( 'NONE',  ( 0.000000000000000000, 0.000000000000000000, 1.000000000000000000 ) ) ;
#3723 = DIRECTION ( 'NONE',  ( 1.000000000000000000, 0.000000000000000000, 0.000000000000000000 ) ) ;
#3724 = EDGE_LOOP ( 'NONE', ( #7904, #6157, #3840, #7216 ) ) ;
#3725 = ORIENTED_EDGE ( 'NONE', *, *, #4540, .F. ) ;
#3726 = VECTOR ( 'NONE', #7281, 1000.000000000000000 ) ;
#3727 = ORIENTED_EDGE ( 'NONE', *, *, #6264, .T. ) ;
#3728 = CARTESIAN_POINT ( 'NONE',  ( -0.5000000000000043299, 18.00000000000000355, 2.000000000000000000 ) ) ;
#3729 = EDGE_CURVE ( 'NONE', #3687, #2175, #4418, .T. ) ;
#3730 = DIRECTION ( 'NONE',  ( -0.000000000000000000, 0.000000000000000000, 1.000000000000000000 ) ) ;
#3731 = VERTEX_POINT ( 'NONE', #3621 ) ;
#3732 = ORIENTED_EDGE ( 'NONE', *, *, #2140, .T. ) ;
#3733 = FACE_OUTER_BOUND ( 'NONE', #4331, .T. ) ;
#3734 = AXIS2_PLACEMENT_3D ( 'NONE', #5531, #3111, #1852 ) ;
#3735 = ORIENTED_EDGE ( 'NONE', *, *, #2616, .T. ) ;
#3736 = CARTESIAN_POINT ( 'NONE',  ( -10.00000000000000178, -11.99999999999999645, -8.000000000000000000 ) ) ;
#3737 = ORIENTED_EDGE ( 'NONE', *, *, #1494, .F. ) ;
#3738 = CARTESIAN_POINT ( 'NONE',  ( -14.50000000000000178, 33.00000000000000000, 2.000000000000000000 ) ) ;
#3739 = ORIENTED_EDGE ( 'NONE', *, *, #3570, .F. ) ;
#3740 = EDGE_CURVE ( 'NONE', #306, #7327, #2998, .T. ) ;
#3741 = DIRECTION ( 'NONE',  ( 0.000000000000000000, 0.000000000000000000, -1.000000000000000000 ) ) ;
#3742 = VERTEX_POINT ( 'NONE', #5925 ) ;
#3743 = DIRECTION ( 'NONE',  ( 1.000000000000000000, 0.000000000000000000, 0.000000000000000000 ) ) ;
#3744 = DIRECTION ( 'NONE',  ( 1.000000000000000000, 0.000000000000000000, 0.000000000000000000 ) ) ;
#3745 = AXIS2_PLACEMENT_3D ( 'NONE', #7439, #28, #2450 ) ;
#3746 = EDGE_CURVE ( 'NONE', #3982, #3442, #545, .T. ) ;
#3747 = EDGE_CURVE ( 'NONE', #609, #3283, #1569, .T. ) ;
#3748 = DIRECTION ( 'NONE',  ( -0.000000000000000000, 0.000000000000000000, 1.000000000000000000 ) ) ;
#3749 = LINE ( 'NONE', #4311, #7622 ) ;
#3750 = CYLINDRICAL_SURFACE ( 'NONE', #7007, 0.5000000000000004441 ) ;
#3751 = ORIENTED_EDGE ( 'NONE', *, *, #5457, .T. ) ;
#3752 = CIRCLE ( 'NONE', #515, 0.5000000000000004441 ) ;
#3753 = ORIENTED_EDGE ( 'NONE', *, *, #6318, .F. ) ;
#3754 = FACE_OUTER_BOUND ( 'NONE', #7055, .T. ) ;
#3755 = DIRECTION ( 'NONE',  ( 0.000000000000000000, 0.000000000000000000, 1.000000000000000000 ) ) ;
#3756 = CARTESIAN_POINT ( 'NONE',  ( -7.249999999999999112, -7.550000000000000711, 0.000000000000000000 ) ) ;
#3757 = ORIENTED_EDGE ( 'NONE', *, *, #7816, .F. ) ;
#3758 = EDGE_CURVE ( 'NONE', #5952, #6330, #2166, .T. ) ;
#3759 = VECTOR ( 'NONE', #2176, 1000.000000000000000 ) ;
#3760 = DIRECTION ( 'NONE',  ( 0.000000000000000000, 0.000000000000000000, 1.000000000000000000 ) ) ;
#3761 = STYLED_ITEM ( 'NONE', ( #1487 ), #2163 ) ;
#3762 = DIRECTION ( 'NONE',  ( 1.000000000000000000, 0.000000000000000000, 0.000000000000000000 ) ) ;
#3763 = DIRECTION ( 'NONE',  ( -0.000000000000000000, 0.000000000000000000, 1.000000000000000000 ) ) ;
#3764 = CARTESIAN_POINT ( 'NONE',  ( 9.999999999999998224, -2.000000000000001776, 2.000000000000000000 ) ) ;
#3765 = CARTESIAN_POINT ( 'NONE',  ( 10.50000000000000178, -11.99999999999999645, 2.000000000000000000 ) ) ;
#3766 = ORIENTED_EDGE ( 'NONE', *, *, #6427, .F. ) ;
#3767 = AXIS2_PLACEMENT_3D ( 'NONE', #3048, #7993, #4900 ) ;
#3768 = ORIENTED_EDGE ( 'NONE', *, *, #1494, .T. ) ;
#3769 = VECTOR ( 'NONE', #340, 1000.000000000000000 ) ;
#3770 = ORIENTED_EDGE ( 'NONE', *, *, #1600, .F. ) ;
#3771 = CARTESIAN_POINT ( 'NONE',  ( -3.469446951953614189E-15, 33.00000000000000000, 0.000000000000000000 ) ) ;
#3772 = ORIENTED_EDGE ( 'NONE', *, *, #5396, .F. ) ;
#3773 = DIRECTION ( 'NONE',  ( -0.000000000000000000, 0.000000000000000000, 1.000000000000000000 ) ) ;
#3774 = AXIS2_PLACEMENT_3D ( 'NONE', #4339, #7303, #7388 ) ;
#3775 = EDGE_CURVE ( 'NONE', #1940, #7809, #6137, .T. ) ;
#3776 = EDGE_LOOP ( 'NONE', ( #143, #7011 ) ) ;
#3777 = FACE_OUTER_BOUND ( 'NONE', #1917, .T. ) ;
#3778 = CIRCLE ( 'NONE', #6623, 0.5000000000000004441 ) ;
#3779 = ORIENTED_EDGE ( 'NONE', *, *, #1361, .F. ) ;
#3780 = AXIS2_PLACEMENT_3D ( 'NONE', #272, #2169, #7570 ) ;
#3781 = AXIS2_PLACEMENT_3D ( 'NONE', #7365, #1263, #6196 ) ;
#3782 = CARTESIAN_POINT ( 'NONE',  ( 4.499999999999997335, 3.000000000000002665, 0.000000000000000000 ) ) ;
#3783 = ORIENTED_EDGE ( 'NONE', *, *, #4637, .F. ) ;
#3784 = CARTESIAN_POINT ( 'NONE',  ( 15.00000000000000000, -26.99999999999999645, -8.000000000000000000 ) ) ;
#3785 = AXIS2_PLACEMENT_3D ( 'NONE', #5164, #7646, #3244 ) ;
#3786 = ORIENTED_EDGE ( 'NONE', *, *, #4168, .F. ) ;
#3787 = FACE_OUTER_BOUND ( 'NONE', #2929, .T. ) ;
#3788 = EDGE_CURVE ( 'NONE', #328, #5528, #5916, .T. ) ;
#3789 = CARTESIAN_POINT ( 'NONE',  ( 5.499999999999998224, 23.00000000000000000, -8.000000000000000000 ) ) ;
#3790 = CIRCLE ( 'NONE', #4816, 0.5000000000000004441 ) ;
#3791 = FACE_BOUND ( 'NONE', #855, .T. ) ;
#3792 = DIRECTION ( 'NONE',  ( 0.000000000000000000, -1.000000000000000000, 0.000000000000000000 ) ) ;
#3793 = VERTEX_POINT ( 'NONE', #7607 ) ;
#3794 = ORIENTED_EDGE ( 'NONE', *, *, #5749, .F. ) ;
#3795 = DIRECTION ( 'NONE',  ( 0.000000000000000000, 0.000000000000000000, 1.000000000000000000 ) ) ;
#3796 = EDGE_CURVE ( 'NONE', #5935, #218, #7760, .T. ) ;
#3797 = AXIS2_PLACEMENT_3D ( 'NONE', #5626, #650, #6724 ) ;
#3798 = DIRECTION ( 'NONE',  ( 1.000000000000000000, 0.000000000000000000, 0.000000000000000000 ) ) ;
#3799 = CYLINDRICAL_SURFACE ( 'NONE', #6249, 0.5000000000000008882 ) ;
#3800 = ORIENTED_EDGE ( 'NONE', *, *, #176, .F. ) ;
#3801 = EDGE_CURVE ( 'NONE', #3506, #4737, #7215, .T. ) ;
#3802 = ORIENTED_EDGE ( 'NONE', *, *, #542, .F. ) ;
#3803 = PLANE ( 'NONE',  #4904 ) ;
#3804 = PLANE ( 'NONE',  #6106 ) ;
#3805 = LINE ( 'NONE', #3210, #6352 ) ;
#3806 = ORIENTED_EDGE ( 'NONE', *, *, #3049, .T. ) ;
#3807 = EDGE_CURVE ( 'NONE', #5230, #3167, #2565, .T. ) ;
#3808 = ORIENTED_EDGE ( 'NONE', *, *, #3866, .F. ) ;
#3809 = DIRECTION ( 'NONE',  ( -1.000000000000000000, -0.000000000000000000, -0.000000000000000000 ) ) ;
#3810 = ORIENTED_EDGE ( 'NONE', *, *, #1748, .F. ) ;
#3811 = CARTESIAN_POINT ( 'NONE',  ( 5.500000000000001776, -6.999999999999999112, 0.000000000000000000 ) ) ;
#3812 = ORIENTED_EDGE ( 'NONE', *, *, #7333, .F. ) ;
#3813 = CIRCLE ( 'NONE', #965, 0.5000000000000004441 ) ;
#3814 = ORIENTED_EDGE ( 'NONE', *, *, #2607, .T. ) ;
#3815 = DIRECTION ( 'NONE',  ( 1.000000000000000000, 0.000000000000000000, 0.000000000000000000 ) ) ;
#3816 = EDGE_LOOP ( 'NONE', ( #3646, #4759 ) ) ;
#3817 = LINE ( 'NONE', #5417, #3912 ) ;
#3818 = AXIS2_PLACEMENT_3D ( 'NONE', #1277, #5680, #6295 ) ;
#3819 = DIRECTION ( 'NONE',  ( -0.000000000000000000, 0.000000000000000000, 1.000000000000000000 ) ) ;
#3820 = EDGE_CURVE ( 'NONE', #5357, #1708, #6711, .T. ) ;
#3821 = ORIENTED_EDGE ( 'NONE', *, *, #3788, .F. ) ;
#3822 = VECTOR ( 'NONE', #5015, 1000.000000000000000 ) ;
#3823 = EDGE_LOOP ( 'NONE', ( #4394, #5473, #2440, #2987 ) ) ;
#3824 = DIRECTION ( 'NONE',  ( -0.000000000000000000, -0.000000000000000000, 1.000000000000000000 ) ) ;
#3825 = DIRECTION ( 'NONE',  ( 1.000000000000000000, 0.000000000000000000, 0.000000000000000000 ) ) ;
#3826 = EDGE_CURVE ( 'NONE', #3220, #1631, #6579, .T. ) ;
#3827 = EDGE_CURVE ( 'NONE', #1728, #1940, #7088, .T. ) ;
#3828 = FACE_BOUND ( 'NONE', #5389, .T. ) ;
#3829 = DIRECTION ( 'NONE',  ( -0.000000000000000000, 0.000000000000000000, 1.000000000000000000 ) ) ;
#3830 = ORIENTED_EDGE ( 'NONE', *, *, #7310, .T. ) ;
#3831 = ORIENTED_EDGE ( 'NONE', *, *, #4726, .F. ) ;
#3832 = FACE_BOUND ( 'NONE', #3157, .T. ) ;
#3833 = DIRECTION ( 'NONE',  ( 1.000000000000000000, 0.000000000000000000, 0.000000000000000000 ) ) ;
#3834 = DIRECTION ( 'NONE',  ( 1.000000000000000000, 0.000000000000000000, 0.000000000000000000 ) ) ;
#3835 = ORIENTED_EDGE ( 'NONE', *, *, #4692, .F. ) ;
#3836 = LINE ( 'NONE', #879, #3627 ) ;
#3837 = LINE ( 'NONE', #5662, #7800 ) ;
#3838 = DIRECTION ( 'NONE',  ( -0.000000000000000000, 0.000000000000000000, 1.000000000000000000 ) ) ;
#3839 = FACE_OUTER_BOUND ( 'NONE', #3042, .T. ) ;
#3840 = ORIENTED_EDGE ( 'NONE', *, *, #4553, .F. ) ;
#3841 = DIRECTION ( 'NONE',  ( 1.000000000000000000, 0.000000000000000000, 0.000000000000000000 ) ) ;
#3842 = EDGE_CURVE ( 'NONE', #5520, #942, #3854, .T. ) ;
#3843 = LINE ( 'NONE', #7610, #1879 ) ;
#3844 = ORIENTED_EDGE ( 'NONE', *, *, #170, .T. ) ;
#3845 = CARTESIAN_POINT ( 'NONE',  ( -15.50000000000000178, -22.00000000000000000, 2.000000000000000000 ) ) ;
#3846 = PRODUCT ( 'miniMZ holder lid', 'miniMZ holder lid', '', ( #799 ) ) ;
#3847 = AXIS2_PLACEMENT_3D ( 'NONE', #4869, #2444, #6179 ) ;
#3848 = VERTEX_POINT ( 'NONE', #921 ) ;
#3849 = DIRECTION ( 'NONE',  ( -0.000000000000000000, -0.000000000000000000, 1.000000000000000000 ) ) ;
#3850 = ORIENTED_EDGE ( 'NONE', *, *, #6310, .F. ) ;
#3851 = LINE ( 'NONE', #3260, #1505 ) ;
#3852 = EDGE_LOOP ( 'NONE', ( #3850, #7774 ) ) ;
#3853 = EDGE_CURVE ( 'NONE', #1297, #2105, #5213, .T. ) ;
#3854 = CIRCLE ( 'NONE', #1404, 0.5000000000000004441 ) ;
#3855 = CARTESIAN_POINT ( 'NONE',  ( 14.49999999999999467, 3.000000000000002665, 0.000000000000000000 ) ) ;
#3856 = VERTEX_POINT ( 'NONE', #6968 ) ;
#3857 = DIRECTION ( 'NONE',  ( -0.000000000000000000, 0.000000000000000000, 1.000000000000000000 ) ) ;
#3858 = VECTOR ( 'NONE', #7037, 1000.000000000000000 ) ;
#3859 = CARTESIAN_POINT ( 'NONE',  ( -10.00000000000000178, 3.000000000000002665, -8.000000000000000000 ) ) ;
#3860 = CARTESIAN_POINT ( 'NONE',  ( 5.499999999999998224, 13.00000000000000178, 2.000000000000000000 ) ) ;
#3861 = DIRECTION ( 'NONE',  ( 1.000000000000000000, 0.000000000000000000, 0.000000000000000000 ) ) ;
#3862 = DIRECTION ( 'NONE',  ( -0.000000000000000000, 0.000000000000000000, 1.000000000000000000 ) ) ;
#3863 = ORIENTED_EDGE ( 'NONE', *, *, #3758, .F. ) ;
#3864 = VERTEX_POINT ( 'NONE', #3921 ) ;
#3865 = LINE ( 'NONE', #914, #6191 ) ;
#3866 = EDGE_CURVE ( 'NONE', #2787, #1696, #7482, .T. ) ;
#3867 = AXIS2_PLACEMENT_3D ( 'NONE', #4344, #7966, #4913 ) ;
#3868 = DIRECTION ( 'NONE',  ( -0.000000000000000000, 0.000000000000000000, 1.000000000000000000 ) ) ;
#3869 = VERTEX_POINT ( 'NONE', #5280 ) ;
#3870 = CARTESIAN_POINT ( 'NONE',  ( 0.4999999999999991673, 8.000000000000000000, -8.000000000000000000 ) ) ;
#3871 = CIRCLE ( 'NONE', #509, 0.5000000000000004441 ) ;
#3872 = CARTESIAN_POINT ( 'NONE',  ( -18.99999999999999289, -41.25000000000000000, 0.000000000000000000 ) ) ;
#3873 = LINE ( 'NONE', #5245, #4293 ) ;
#3874 = CARTESIAN_POINT ( 'NONE',  ( 0.4999999999999991673, -17.00000000000000000, 0.000000000000000000 ) ) ;
#3875 = DIRECTION ( 'NONE',  ( 0.000000000000000000, 0.000000000000000000, 1.000000000000000000 ) ) ;
#3876 = ORIENTED_EDGE ( 'NONE', *, *, #7284, .F. ) ;
#3877 = EDGE_CURVE ( 'NONE', #6159, #489, #3972, .T. ) ;
#3878 = EDGE_CURVE ( 'NONE', #2513, #2906, #5535, .T. ) ;
#3879 = AXIS2_PLACEMENT_3D ( 'NONE', #2317, #7349, #7438 ) ;
#3880 = FACE_OUTER_BOUND ( 'NONE', #1830, .T. ) ;
#3881 = DIRECTION ( 'NONE',  ( 1.000000000000000000, 0.000000000000000000, 0.000000000000000000 ) ) ;
#3882 = VERTEX_POINT ( 'NONE', #315 ) ;
#3883 = FACE_OUTER_BOUND ( 'NONE', #5946, .T. ) ;
#3884 = AXIS2_PLACEMENT_3D ( 'NONE', #1271, #745, #4945 ) ;
#3885 = AXIS2_PLACEMENT_3D ( 'NONE', #1953, #2023, #4496 ) ;
#3886 = VECTOR ( 'NONE', #3824, 1000.000000000000000 ) ;
#3887 = AXIS2_PLACEMENT_3D ( 'NONE', #7452, #6283, #3723 ) ;
#3888 = ORIENTED_EDGE ( 'NONE', *, *, #492, .F. ) ;
#3889 = EDGE_CURVE ( 'NONE', #3693, #3320, #6447, .T. ) ;
#3890 = ORIENTED_EDGE ( 'NONE', *, *, #2189, .T. ) ;
#3891 = CARTESIAN_POINT ( 'NONE',  ( 14.99999999999999645, 3.000000000000002665, 0.000000000000000000 ) ) ;
#3892 = ORIENTED_EDGE ( 'NONE', *, *, #4463, .F. ) ;
#3893 = DIRECTION ( 'NONE',  ( 1.000000000000000000, 0.000000000000000000, 0.000000000000000000 ) ) ;
#3894 = EDGE_CURVE ( 'NONE', #2248, #5481, #6186, .T. ) ;
#3895 = CIRCLE ( 'NONE', #6750, 0.5000000000000004441 ) ;
#3896 = CIRCLE ( 'NONE', #6227, 0.5000000000000004441 ) ;
#3897 = ORIENTED_EDGE ( 'NONE', *, *, #2968, .F. ) ;
#3898 = DIRECTION ( 'NONE',  ( -0.000000000000000000, -0.000000000000000000, 1.000000000000000000 ) ) ;
#3899 = VERTEX_POINT ( 'NONE', #5823 ) ;
#3900 = AXIS2_PLACEMENT_3D ( 'NONE', #3325, #5212, #1383 ) ;
#3901 = AXIS2_PLACEMENT_3D ( 'NONE', #3054, #60, #2441 ) ;
#3902 = DIRECTION ( 'NONE',  ( -0.000000000000000000, -0.000000000000000000, 1.000000000000000000 ) ) ;
#3903 = EDGE_CURVE ( 'NONE', #7843, #2748, #2685, .T. ) ;
#3904 = FACE_OUTER_BOUND ( 'NONE', #2956, .T. ) ;
#3905 = AXIS2_PLACEMENT_3D ( 'NONE', #1484, #6997, #5816 ) ;
#3906 = DIRECTION ( 'NONE',  ( -0.000000000000000000, 0.000000000000000000, 1.000000000000000000 ) ) ;
#3907 = AXIS2_PLACEMENT_3D ( 'NONE', #5211, #5088, #2014 ) ;
#3908 = CYLINDRICAL_SURFACE ( 'NONE', #7126, 0.5000000000000004441 ) ;
#3909 = ORIENTED_EDGE ( 'NONE', *, *, #76, .F. ) ;
#3910 = VERTEX_POINT ( 'NONE', #5125 ) ;
#3911 = FACE_BOUND ( 'NONE', #5034, .T. ) ;
#3912 = VECTOR ( 'NONE', #5993, 1000.000000000000000 ) ;
#3913 = DIRECTION ( 'NONE',  ( -0.000000000000000000, -0.000000000000000000, 1.000000000000000000 ) ) ;
#3914 = CARTESIAN_POINT ( 'NONE',  ( -10.00000000000000178, 13.00000000000000178, 0.000000000000000000 ) ) ;
#3915 = ORIENTED_EDGE ( 'NONE', *, *, #5051, .F. ) ;
#3916 = CARTESIAN_POINT ( 'NONE',  ( 18.50000000000000355, -38.50000000000000000, 2.000000000000000000 ) ) ;
#3917 = CARTESIAN_POINT ( 'NONE',  ( -5.500000000000000000, -26.99999999999999645, 2.000000000000000000 ) ) ;
#3918 = CARTESIAN_POINT ( 'NONE',  ( -5.999999999999999112, 39.75000000000000000, 2.000000000000000000 ) ) ;
#3919 = VECTOR ( 'NONE', #150, 1000.000000000000000 ) ;
#3920 = CARTESIAN_POINT ( 'NONE',  ( -15.00000000000000178, -22.00000000000000000, -8.000000000000000000 ) ) ;
#3921 = CARTESIAN_POINT ( 'NONE',  ( -9.500000000000001776, 28.00000000000000000, 0.000000000000000000 ) ) ;
#3922 = EDGE_LOOP ( 'NONE', ( #167, #6233, #7728, #2388 ) ) ;
#3923 = CARTESIAN_POINT ( 'NONE',  ( -1.734723475976807094E-15, -6.999999999999999112, 2.000000000000000000 ) ) ;
#3924 = CARTESIAN_POINT ( 'NONE',  ( 6.000000000000001776, 39.75000000000000000, 2.000000000000000000 ) ) ;
#3925 = ADVANCED_FACE ( 'NONE', ( #3326 ), #7689, .F. ) ;
#3927 = EDGE_CURVE ( 'NONE', #3864, #7891, #1645, .T. ) ;
#3926 = VERTEX_POINT ( 'NONE', #6439 ) ;
#3928 = CARTESIAN_POINT ( 'NONE',  ( 14.99999999999999645, 8.000000000000000000, -8.000000000000000000 ) ) ;
#3929 = VERTEX_POINT ( 'NONE', #2747 ) ;
#3930 = CYLINDRICAL_SURFACE ( 'NONE', #3885, 0.5000000000000004441 ) ;
#3931 = ORIENTED_EDGE ( 'NONE', *, *, #7754, .F. ) ;
#3932 = DIRECTION ( 'NONE',  ( 1.000000000000000000, 0.000000000000000000, 0.000000000000000000 ) ) ;
#3933 = CYLINDRICAL_SURFACE ( 'NONE', #6026, 0.5000000000000004441 ) ;
#3934 = ORIENTED_EDGE ( 'NONE', *, *, #709, .F. ) ;
#3935 = CARTESIAN_POINT ( 'NONE',  ( 10.49999999999999822, 8.000000000000000000, 0.000000000000000000 ) ) ;
#3936 = CARTESIAN_POINT ( 'NONE',  ( -15.50000000000000355, 18.00000000000000355, 2.000000000000000000 ) ) ;
#3937 = ORIENTED_EDGE ( 'NONE', *, *, #1150, .F. ) ;
#3938 = LINE ( 'NONE', #6984, #1046 ) ;
#3939 = DIRECTION ( 'NONE',  ( 0.000000000000000000, 0.000000000000000000, 1.000000000000000000 ) ) ;
#3940 = CARTESIAN_POINT ( 'NONE',  ( 5.000000000000000888, -17.00000000000000000, 2.000000000000000000 ) ) ;
#3941 = VECTOR ( 'NONE', #3991, 1000.000000000000000 ) ;
#3942 = FACE_BOUND ( 'NONE', #3852, .T. ) ;
#3943 = EDGE_CURVE ( 'NONE', #7250, #2531, #3081, .T. ) ;
#3944 = DIRECTION ( 'NONE',  ( 1.000000000000000000, 0.000000000000000000, 0.000000000000000000 ) ) ;
#3945 = ORIENTED_EDGE ( 'NONE', *, *, #5008, .F. ) ;
#3946 = ORIENTED_EDGE ( 'NONE', *, *, #5306, .F. ) ;
#3947 = CARTESIAN_POINT ( 'NONE',  ( 5.499999999999998224, 3.000000000000002665, 2.000000000000000000 ) ) ;
#3948 = DIRECTION ( 'NONE',  ( -0.000000000000000000, -0.000000000000000000, 1.000000000000000000 ) ) ;
#3949 = ORIENTED_EDGE ( 'NONE', *, *, #4240, .F. ) ;
#3950 = DIRECTION ( 'NONE',  ( -0.000000000000000000, -0.000000000000000000, 1.000000000000000000 ) ) ;
#3951 = EDGE_CURVE ( 'NONE', #1863, #3434, #2325, .T. ) ;
#3952 = DIRECTION ( 'NONE',  ( 1.000000000000000000, 0.000000000000000000, 0.000000000000000000 ) ) ;
#3953 = CARTESIAN_POINT ( 'NONE',  ( 10.50000000000000178, -32.00000000000000000, 2.000000000000000000 ) ) ;
#3954 = DIRECTION ( 'NONE',  ( 1.000000000000000000, 0.000000000000000000, 0.000000000000000000 ) ) ;
#3955 = EDGE_CURVE ( 'NONE', #4728, #3091, #2861, .T. ) ;
#3956 = EDGE_LOOP ( 'NONE', ( #296, #3298, #720, #5561 ) ) ;
#3957 = DIRECTION ( 'NONE',  ( -0.000000000000000000, -0.000000000000000000, 1.000000000000000000 ) ) ;
#3958 = VERTEX_POINT ( 'NONE', #6556 ) ;
#3959 = CARTESIAN_POINT ( 'NONE',  ( 9.500000000000001776, -22.00000000000000000, 0.000000000000000000 ) ) ;
#3960 = ORIENTED_EDGE ( 'NONE', *, *, #7344, .T. ) ;
#3961 = EDGE_CURVE ( 'NONE', #118, #3665, #4093, .T. ) ;
#3962 = EDGE_LOOP ( 'NONE', ( #4495, #5366, #4289, #1062 ) ) ;
#3963 = CARTESIAN_POINT ( 'NONE',  ( -9.500000000000001776, 33.00000000000000000, 2.000000000000000000 ) ) ;
#3964 = ORIENTED_EDGE ( 'NONE', *, *, #839, .T. ) ;
#3965 = CARTESIAN_POINT ( 'NONE',  ( 14.49999999999999467, 8.000000000000000000, -8.000000000000000000 ) ) ;
#3966 = VECTOR ( 'NONE', #5261, 1000.000000000000000 ) ;
#3967 = CARTESIAN_POINT ( 'NONE',  ( 5.000000000000000888, -17.00000000000000000, 0.000000000000000000 ) ) ;
#3968 = ORIENTED_EDGE ( 'NONE', *, *, #7604, .T. ) ;
#3969 = CARTESIAN_POINT ( 'NONE',  ( 0.4999999999999991673, -22.00000000000000000, 0.000000000000000000 ) ) ;
#3970 = DIRECTION ( 'NONE',  ( 1.000000000000000000, 0.000000000000000000, 0.000000000000000000 ) ) ;
#3971 = EDGE_CURVE ( 'NONE', #3958, #1542, #5133, .T. ) ;
#3972 = CIRCLE ( 'NONE', #5393, 0.5000000000000004441 ) ;
#3973 = DIRECTION ( 'NONE',  ( 1.000000000000000000, 0.000000000000000000, 0.000000000000000000 ) ) ;
#3974 = FACE_BOUND ( 'NONE', #5011, .T. ) ;
#3975 = EDGE_CURVE ( 'NONE', #3222, #7247, #7881, .T. ) ;
#3976 = CYLINDRICAL_SURFACE ( 'NONE', #6482, 0.5000000000000004441 ) ;
#3977 = VERTEX_POINT ( 'NONE', #7806 ) ;
#3978 = AXIS2_PLACEMENT_3D ( 'NONE', #2771, #5114, #6395 ) ;
#3979 = ORIENTED_EDGE ( 'NONE', *, *, #254, .F. ) ;
#3980 = CARTESIAN_POINT ( 'NONE',  ( 21.00000000000000355, 41.25000000000000000, 0.000000000000000000 ) ) ;
#3981 = CARTESIAN_POINT ( 'NONE',  ( -10.00000000000000178, -11.99999999999999645, 2.000000000000000000 ) ) ;
#3982 = VERTEX_POINT ( 'NONE', #4799 ) ;
#3983 = DIRECTION ( 'NONE',  ( -0.000000000000000000, -0.000000000000000000, 1.000000000000000000 ) ) ;
#3984 = CYLINDRICAL_SURFACE ( 'NONE', #1421, 0.5000000000000004441 ) ;
#3985 = DIRECTION ( 'NONE',  ( 0.000000000000000000, 0.000000000000000000, 1.000000000000000000 ) ) ;
#3986 = CARTESIAN_POINT ( 'NONE',  ( 4.999999999999997335, 13.00000000000000178, -8.000000000000000000 ) ) ;
#3987 = DIRECTION ( 'NONE',  ( 0.000000000000000000, 0.000000000000000000, 1.000000000000000000 ) ) ;
#3988 = ORIENTED_EDGE ( 'NONE', *, *, #7455, .T. ) ;
#3989 = ADVANCED_FACE ( 'NONE', ( #1726 ), #5933, .T. ) ;
#3990 = CIRCLE ( 'NONE', #7503, 0.5000000000000008882 ) ;
#3991 = DIRECTION ( 'NONE',  ( 0.000000000000000000, -1.000000000000000000, 0.000000000000000000 ) ) ;
#3992 = ORIENTED_EDGE ( 'NONE', *, *, #6727, .F. ) ;
#3993 = DIRECTION ( 'NONE',  ( 1.000000000000000000, 0.000000000000000000, 0.000000000000000000 ) ) ;
#3994 = VERTEX_POINT ( 'NONE', #2250 ) ;
#3995 = AXIS2_PLACEMENT_3D ( 'NONE', #2719, #7332, #7298 ) ;
#3996 = ADVANCED_FACE ( 'NONE', ( #3025 ), #4189, .F. ) ;
#3997 = ORIENTED_EDGE ( 'NONE', *, *, #5820, .T. ) ;
#3998 = EDGE_LOOP ( 'NONE', ( #5167, #6010, #494, #2825 ) ) ;
#3999 = CARTESIAN_POINT ( 'NONE',  ( -0.5000000000000026645, -6.999999999999999112, 2.000000000000000000 ) ) ;
#4000 = DIRECTION ( 'NONE',  ( 1.000000000000000000, 0.000000000000000000, 0.000000000000000000 ) ) ;
#4001 = ORIENTED_EDGE ( 'NONE', *, *, #180, .F. ) ;
#4002 = AXIS2_PLACEMENT_3D ( 'NONE', #3332, #5754, #2141 ) ;
#4003 = AXIS2_PLACEMENT_3D ( 'NONE', #6789, #716, #2522 ) ;
#4004 = DIRECTION ( 'NONE',  ( 1.000000000000000000, 0.000000000000000000, 0.000000000000000000 ) ) ;
#4005 = CIRCLE ( 'NONE', #4128, 0.5000000000000004441 ) ;
#4006 = ADVANCED_FACE ( 'NONE', ( #3631 ), #5491, .F. ) ;
#4007 = ORIENTED_EDGE ( 'NONE', *, *, #7128, .F. ) ;
#4008 = CARTESIAN_POINT ( 'NONE',  ( -2.749999999999999112, -3.049999999999999822, 0.000000000000000000 ) ) ;
#4009 = DIRECTION ( 'NONE',  ( 1.000000000000000000, 0.000000000000000000, 0.000000000000000000 ) ) ;
#4010 = VECTOR ( 'NONE', #7828, 1000.000000000000000 ) ;
#4011 = DIRECTION ( 'NONE',  ( 1.000000000000000000, 0.000000000000000000, 0.000000000000000000 ) ) ;
#4012 = FACE_BOUND ( 'NONE', #4956, .T. ) ;
#4013 = EDGE_CURVE ( 'NONE', #5327, #7624, #2032, .T. ) ;
#4014 = EDGE_CURVE ( 'NONE', #1424, #7983, #4103, .T. ) ;
#4015 = LINE ( 'NONE', #2802, #541 ) ;
#4016 = VECTOR ( 'NONE', #5313, 1000.000000000000000 ) ;
#4017 = ORIENTED_EDGE ( 'NONE', *, *, #3053, .T. ) ;
#4018 = DIRECTION ( 'NONE',  ( 0.000000000000000000, 0.000000000000000000, 1.000000000000000000 ) ) ;
#4019 = ORIENTED_EDGE ( 'NONE', *, *, #1932, .T. ) ;
#4020 = CARTESIAN_POINT ( 'NONE',  ( 9.999999999999998224, 8.000000000000000000, 0.000000000000000000 ) ) ;
#4021 = DIRECTION ( 'NONE',  ( 1.000000000000000000, 0.000000000000000000, 0.000000000000000000 ) ) ;
#4022 = EDGE_LOOP ( 'NONE', ( #2039, #6683 ) ) ;
#4023 = CIRCLE ( 'NONE', #4557, 0.5000000000000004441 ) ;
#4024 = CIRCLE ( 'NONE', #2617, 0.5000000000000004441 ) ;
#4025 = DIRECTION ( 'NONE',  ( 4.205390244792259585E-17, -1.000000000000000000, 0.000000000000000000 ) ) ;
#4026 = ADVANCED_FACE ( 'NONE', ( #2284 ), #6057, .F. ) ;
#4027 = CARTESIAN_POINT ( 'NONE',  ( -9.500000000000001776, 3.000000000000002665, 0.000000000000000000 ) ) ;
#4028 = AXIS2_PLACEMENT_3D ( 'NONE', #861, #4420, #243 ) ;
#4029 = AXIS2_PLACEMENT_3D ( 'NONE', #1889, #6887, #4393 ) ;
#4030 = CARTESIAN_POINT ( 'NONE',  ( -4.500000000000000888, -22.00000000000000000, 2.000000000000000000 ) ) ;
#4031 = CIRCLE ( 'NONE', #557, 0.5000000000000004441 ) ;
#4032 = DIRECTION ( 'NONE',  ( -0.000000000000000000, -0.000000000000000000, 1.000000000000000000 ) ) ;
#4033 = ORIENTED_EDGE ( 'NONE', *, *, #6756, .T. ) ;
#4034 = DIRECTION ( 'NONE',  ( -0.000000000000000000, 0.000000000000000000, 1.000000000000000000 ) ) ;
#4035 = VECTOR ( 'NONE', #4309, 1000.000000000000000 ) ;
#4036 = ORIENTED_EDGE ( 'NONE', *, *, #3660, .T. ) ;
#4037 = LINE ( 'NONE', #5173, #1435 ) ;
#4038 = ADVANCED_FACE ( 'NONE', ( #4230 ), #2940, .F. ) ;
#4039 = ORIENTED_EDGE ( 'NONE', *, *, #1871, .F. ) ;
#4040 = CIRCLE ( 'NONE', #1589, 0.5000000000000004441 ) ;
#4041 = ORIENTED_EDGE ( 'NONE', *, *, #4265, .T. ) ;
#4042 = ORIENTED_EDGE ( 'NONE', *, *, #3889, .F. ) ;
#4043 = DIRECTION ( 'NONE',  ( -1.000000000000000000, 0.000000000000000000, 0.000000000000000000 ) ) ;
#4044 = VERTEX_POINT ( 'NONE', #6720 ) ;
#4045 = DIRECTION ( 'NONE',  ( -0.000000000000000000, -0.000000000000000000, 1.000000000000000000 ) ) ;
#4046 = DIRECTION ( 'NONE',  ( 1.000000000000000000, 0.000000000000000000, 0.000000000000000000 ) ) ;
#4047 = ORIENTED_EDGE ( 'NONE', *, *, #4306, .T. ) ;
#4048 = FACE_OUTER_BOUND ( 'NONE', #6004, .T. ) ;
#4049 = CARTESIAN_POINT ( 'NONE',  ( 0.4999999999999973910, 23.00000000000000000, 2.000000000000000000 ) ) ;
#4050 = CARTESIAN_POINT ( 'NONE',  ( -20.99999999999999289, -39.25000000000000000, 2.000000000000000000 ) ) ;
#4051 = VERTEX_POINT ( 'NONE', #4682 ) ;
#4052 = DIRECTION ( 'NONE',  ( 1.000000000000000000, 0.000000000000000000, 0.000000000000000000 ) ) ;
#4053 = EDGE_LOOP ( 'NONE', ( #6168, #6950 ) ) ;
#4054 = FACE_OUTER_BOUND ( 'NONE', #7223, .T. ) ;
#4055 = DIRECTION ( 'NONE',  ( 1.000000000000000000, 0.000000000000000000, 0.000000000000000000 ) ) ;
#4056 = CIRCLE ( 'NONE', #2254, 0.5000000000000004441 ) ;
#4057 = ORIENTED_EDGE ( 'NONE', *, *, #5132, .T. ) ;
#4058 = EDGE_CURVE ( 'NONE', #2177, #2227, #5265, .T. ) ;
#4059 = LINE ( 'NONE', #347, #6083 ) ;
#4060 = CARTESIAN_POINT ( 'NONE',  ( -15.00000000000000178, -6.999999999999999112, -8.000000000000000000 ) ) ;
#4061 = ORIENTED_EDGE ( 'NONE', *, *, #6067, .T. ) ;
#4062 = CARTESIAN_POINT ( 'NONE',  ( -6.299999999999995381, -14.05000000000000071, 2.000000000000000000 ) ) ;
#4063 = CARTESIAN_POINT ( 'NONE',  ( 9.500000000000001776, -17.00000000000000000, -8.000000000000000000 ) ) ;
#4064 = EDGE_CURVE ( 'NONE', #4730, #6702, #5329, .T. ) ;
#4065 = DIRECTION ( 'NONE',  ( -0.000000000000000000, -0.000000000000000000, 1.000000000000000000 ) ) ;
#4066 = ORIENTED_EDGE ( 'NONE', *, *, #876, .F. ) ;
#4067 = VECTOR ( 'NONE', #214, 1000.000000000000000 ) ;
#4068 = FACE_OUTER_BOUND ( 'NONE', #7172, .T. ) ;
#4069 = ORIENTED_EDGE ( 'NONE', *, *, #2279, .F. ) ;
#4070 = DIRECTION ( 'NONE',  ( -1.000000000000000000, 5.782411586589352708E-16, 0.000000000000000000 ) ) ;
#4071 = FACE_BOUND ( 'NONE', #900, .T. ) ;
#4072 = DIRECTION ( 'NONE',  ( -0.000000000000000000, -0.000000000000000000, 1.000000000000000000 ) ) ;
#4073 = ORIENTED_EDGE ( 'NONE', *, *, #3194, .F. ) ;
#4074 = ORIENTED_EDGE ( 'NONE', *, *, #7197, .F. ) ;
#4075 = VERTEX_POINT ( 'NONE', #6642 ) ;
#4076 = EDGE_CURVE ( 'NONE', #923, #2867, #2288, .T. ) ;
#4077 = DIRECTION ( 'NONE',  ( 1.000000000000000000, 0.000000000000000000, 0.000000000000000000 ) ) ;
#4078 = ORIENTED_EDGE ( 'NONE', *, *, #5126, .T. ) ;
#4079 = VECTOR ( 'NONE', #2145, 1000.000000000000000 ) ;
#4080 = CARTESIAN_POINT ( 'NONE',  ( 5.000000000000000888, -6.999999999999999112, 2.000000000000000000 ) ) ;
#4081 = VERTEX_POINT ( 'NONE', #604 ) ;
#4082 = ORIENTED_EDGE ( 'NONE', *, *, #3432, .T. ) ;
#4083 = DIRECTION ( 'NONE',  ( 1.000000000000000000, 0.000000000000000000, 0.000000000000000000 ) ) ;
#4084 = DIRECTION ( 'NONE',  ( -0.000000000000000000, -0.000000000000000000, 1.000000000000000000 ) ) ;
#4085 = ADVANCED_FACE ( 'NONE', ( #4964 ), #5622, .F. ) ;
#4086 = CARTESIAN_POINT ( 'NONE',  ( -15.00000000000000355, 23.00000000000000000, 2.000000000000000000 ) ) ;
#4087 = AXIS2_PLACEMENT_3D ( 'NONE', #3227, #131, #5764 ) ;
#4088 = CARTESIAN_POINT ( 'NONE',  ( -10.00000000000000178, 33.00000000000000000, 0.000000000000000000 ) ) ;
#4089 = EDGE_LOOP ( 'NONE', ( #2643, #3604 ) ) ;
#4090 = CYLINDRICAL_SURFACE ( 'NONE', #809, 0.5000000000000004441 ) ;
#4091 = ORIENTED_EDGE ( 'NONE', *, *, #337, .T. ) ;
#4092 = CARTESIAN_POINT ( 'NONE',  ( -11.14100669215809347, -0.4000000000000001887, 0.000000000000000000 ) ) ;
#4093 = CIRCLE ( 'NONE', #1279, 0.5000000000000004441 ) ;
#4094 = EDGE_CURVE ( 'NONE', #7815, #2229, #5037, .T. ) ;
#4095 = PLANE ( 'NONE',  #4939 ) ;
#4096 = ORIENTED_EDGE ( 'NONE', *, *, #3378, .F. ) ;
#4097 = DIRECTION ( 'NONE',  ( 1.000000000000000000, 0.000000000000000000, 0.000000000000000000 ) ) ;
#4098 = CIRCLE ( 'NONE', #2295, 0.5000000000000004441 ) ;
#4099 = DIRECTION ( 'NONE',  ( 0.000000000000000000, 0.000000000000000000, 1.000000000000000000 ) ) ;
#4100 = EDGE_CURVE ( 'NONE', #2567, #7173, #369, .T. ) ;
#4101 = ORIENTED_EDGE ( 'NONE', *, *, #2189, .F. ) ;
#4102 = DIRECTION ( 'NONE',  ( 1.000000000000000000, 0.000000000000000000, 0.000000000000000000 ) ) ;
#4103 = LINE ( 'NONE', #4063, #362 ) ;
#4104 = CYLINDRICAL_SURFACE ( 'NONE', #160, 0.5000000000000004441 ) ;
#4105 = EDGE_LOOP ( 'NONE', ( #7555, #45, #5884, #2671 ) ) ;
#4106 = AXIS2_PLACEMENT_3D ( 'NONE', #4789, #4670, #5924 ) ;
#4107 = DIRECTION ( 'NONE',  ( 1.000000000000000000, 0.000000000000000000, 0.000000000000000000 ) ) ;
#4108 = ORIENTED_EDGE ( 'NONE', *, *, #1158, .F. ) ;
#4109 = CYLINDRICAL_SURFACE ( 'NONE', #6206, 0.5000000000000008882 ) ;
#4110 = FACE_BOUND ( 'NONE', #2913, .T. ) ;
#4111 = CARTESIAN_POINT ( 'NONE',  ( -3.469446951953614189E-15, 28.00000000000000000, 0.000000000000000000 ) ) ;
#4112 = ORIENTED_EDGE ( 'NONE', *, *, #208, .F. ) ;
#4113 = EDGE_CURVE ( 'NONE', #5837, #3689, #4891, .T. ) ;
#4114 = EDGE_LOOP ( 'NONE', ( #3697, #6656 ) ) ;
#4115 = AXIS2_PLACEMENT_3D ( 'NONE', #2409, #5570, #6183 ) ;
#4116 = ORIENTED_EDGE ( 'NONE', *, *, #4518, .T. ) ;
#4117 = LINE ( 'NONE', #2954, #4079 ) ;
#4118 = ADVANCED_FACE ( 'NONE', ( #4316 ), #6188, .F. ) ;
#4119 = DIRECTION ( 'NONE',  ( 1.000000000000000000, 0.000000000000000000, 0.000000000000000000 ) ) ;
#4120 = EDGE_LOOP ( 'NONE', ( #5073, #2024 ) ) ;
#4121 = DIRECTION ( 'NONE',  ( -0.000000000000000000, -0.000000000000000000, 1.000000000000000000 ) ) ;
#4122 = EDGE_CURVE ( 'NONE', #2867, #923, #1410, .T. ) ;
#4123 = VERTEX_POINT ( 'NONE', #3200 ) ;
#4124 = DIRECTION ( 'NONE',  ( 0.000000000000000000, 0.000000000000000000, 1.000000000000000000 ) ) ;
#4125 = EDGE_CURVE ( 'NONE', #6651, #2341, #6052, .T. ) ;
#4126 = CIRCLE ( 'NONE', #5825, 0.5000000000000004441 ) ;
#4127 = DIRECTION ( 'NONE',  ( -0.000000000000000000, -0.000000000000000000, 1.000000000000000000 ) ) ;
#4128 = AXIS2_PLACEMENT_3D ( 'NONE', #2986, #3718, #1891 ) ;
#4129 = CARTESIAN_POINT ( 'NONE',  ( 21.00000000000000355, 39.25000000000000000, 2.000000000000000000 ) ) ;
#4130 = EDGE_CURVE ( 'NONE', #3542, #1616, #5657, .T. ) ;
#4131 = ORIENTED_EDGE ( 'NONE', *, *, #7850, .F. ) ;
#4132 = AXIS2_PLACEMENT_3D ( 'NONE', #4157, #1172, #7812 ) ;
#4133 = CIRCLE ( 'NONE', #1686, 1.190625000000000711 ) ;
#4134 = CARTESIAN_POINT ( 'NONE',  ( 5.000000000000000888, -32.00000000000000000, 0.000000000000000000 ) ) ;
#4135 = CIRCLE ( 'NONE', #5571, 0.5000000000000004441 ) ;
#4136 = VERTEX_POINT ( 'NONE', #5577 ) ;
#4137 = CIRCLE ( 'NONE', #2206, 0.5000000000000004441 ) ;
#4138 = DIRECTION ( 'NONE',  ( 1.000000000000000000, 0.000000000000000000, 0.000000000000000000 ) ) ;
#4139 = VECTOR ( 'NONE', #1912, 1000.000000000000000 ) ;
#4140 = CARTESIAN_POINT ( 'NONE',  ( -15.00000000000000000, -26.99999999999999645, 2.000000000000000000 ) ) ;
#4141 = ORIENTED_EDGE ( 'NONE', *, *, #6370, .T. ) ;
#4142 = CARTESIAN_POINT ( 'NONE',  ( -15.00000000000000178, 13.00000000000000178, -8.000000000000000000 ) ) ;
#4143 = CIRCLE ( 'NONE', #5182, 0.5000000000000004441 ) ;
#4144 = AXIS2_PLACEMENT_3D ( 'NONE', #4990, #4256, #3664 ) ;
#4145 = DIRECTION ( 'NONE',  ( 1.000000000000000000, 0.000000000000000000, 0.000000000000000000 ) ) ;
#4146 = EDGE_LOOP ( 'NONE', ( #4388, #2692 ) ) ;
#4147 = CARTESIAN_POINT ( 'NONE',  ( -7.249999999999999112, -7.550000000000000711, 2.000000000000000000 ) ) ;
#4148 = DIRECTION ( 'NONE',  ( -0.000000000000000000, -0.000000000000000000, 1.000000000000000000 ) ) ;
#4149 = CIRCLE ( 'NONE', #7910, 0.5000000000000008882 ) ;
#4150 = DIRECTION ( 'NONE',  ( -0.000000000000000000, -0.000000000000000000, 1.000000000000000000 ) ) ;
#4151 = EDGE_LOOP ( 'NONE', ( #5527, #2372 ) ) ;
#4152 = AXIS2_PLACEMENT_3D ( 'NONE', #1201, #501, #3666 ) ;
#4153 = EDGE_CURVE ( 'NONE', #5942, #5706, #6886, .T. ) ;
#4154 = FACE_OUTER_BOUND ( 'NONE', #3486, .T. ) ;
#4155 = EDGE_LOOP ( 'NONE', ( #7480, #6975, #5716, #99 ) ) ;
#4156 = VECTOR ( 'NONE', #4190, 1000.000000000000000 ) ;
#4157 = CARTESIAN_POINT ( 'NONE',  ( 21.00000000000000355, 41.25000000000000000, 2.000000000000000000 ) ) ;
#4158 = FACE_BOUND ( 'NONE', #7441, .T. ) ;
#4159 = CIRCLE ( 'NONE', #4941, 0.5000000000000004441 ) ;
#4160 = AXIS2_PLACEMENT_3D ( 'NONE', #2909, #2949, #3525 ) ;
#4161 = CARTESIAN_POINT ( 'NONE',  ( 10.00000000000000178, -6.999999999999999112, 2.000000000000000000 ) ) ;
#4162 = ORIENTED_EDGE ( 'NONE', *, *, #5820, .F. ) ;
#4163 = VERTEX_POINT ( 'NONE', #3069 ) ;
#4164 = CIRCLE ( 'NONE', #2877, 0.5000000000000004441 ) ;
#4165 = ORIENTED_EDGE ( 'NONE', *, *, #6051, .T. ) ;
#4166 = ADVANCED_FACE ( 'NONE', ( #2539 ), #6306, .F. ) ;
#4167 = AXIS2_PLACEMENT_3D ( 'NONE', #1206, #5523, #1248 ) ;
#4168 = EDGE_CURVE ( 'NONE', #18, #5824, #3348, .T. ) ;
#4169 = DIRECTION ( 'NONE',  ( -0.000000000000000000, -0.000000000000000000, 1.000000000000000000 ) ) ;
#4170 = EDGE_LOOP ( 'NONE', ( #1939, #5869 ) ) ;
#4171 = FACE_BOUND ( 'NONE', #1327, .T. ) ;
#4172 = DIRECTION ( 'NONE',  ( 1.000000000000000000, 0.000000000000000000, 0.000000000000000000 ) ) ;
#4173 = EDGE_LOOP ( 'NONE', ( #3546, #2485, #7481, #1793 ) ) ;
#4174 = DIRECTION ( 'NONE',  ( -0.000000000000000000, 0.000000000000000000, 1.000000000000000000 ) ) ;
#4175 = DIRECTION ( 'NONE',  ( -0.000000000000000000, 0.000000000000000000, 1.000000000000000000 ) ) ;
#4176 = CARTESIAN_POINT ( 'NONE',  ( -10.00000000000000000, -32.00000000000000000, 0.000000000000000000 ) ) ;
#4177 = ORIENTED_EDGE ( 'NONE', *, *, #5843, .F. ) ;
#4178 = CARTESIAN_POINT ( 'NONE',  ( 15.00000000000000000, -17.00000000000000000, -8.000000000000000000 ) ) ;
#4179 = ORIENTED_EDGE ( 'NONE', *, *, #2360, .T. ) ;
#4180 = CARTESIAN_POINT ( 'NONE',  ( 15.00000000000000000, -17.00000000000000000, 0.000000000000000000 ) ) ;
#4181 = LINE ( 'NONE', #6631, #684 ) ;
#4182 = EDGE_CURVE ( 'NONE', #5681, #2361, #7444, .T. ) ;
#4183 = CARTESIAN_POINT ( 'NONE',  ( 0.4999999999999991673, 3.000000000000002665, -8.000000000000000000 ) ) ;
#4184 = CARTESIAN_POINT ( 'NONE',  ( -4.999999999999999112, -26.99999999999999645, 2.000000000000000000 ) ) ;
#4185 = ORIENTED_EDGE ( 'NONE', *, *, #3545, .F. ) ;
#4186 = EDGE_LOOP ( 'NONE', ( #5978, #5112, #3349, #3647 ) ) ;
#4187 = DIRECTION ( 'NONE',  ( -0.000000000000000000, -0.000000000000000000, 1.000000000000000000 ) ) ;
#4188 = CIRCLE ( 'NONE', #589, 0.5000000000000004441 ) ;
#4189 = CYLINDRICAL_SURFACE ( 'NONE', #7731, 0.5000000000000004441 ) ;
#4190 = DIRECTION ( 'NONE',  ( -2.312964634635740689E-15, 1.000000000000000000, -0.000000000000000000 ) ) ;
#4191 = EDGE_LOOP ( 'NONE', ( #669, #2224, #6452, #3066 ) ) ;
#4192 = AXIS2_PLACEMENT_3D ( 'NONE', #7507, #3185, #6793 ) ;
#4193 = EDGE_CURVE ( 'NONE', #4328, #21, #4098, .T. ) ;
#4194 = CYLINDRICAL_SURFACE ( 'NONE', #7692, 0.5000000000000008882 ) ;
#4195 = ORIENTED_EDGE ( 'NONE', *, *, #5185, .T. ) ;
#4196 = DIRECTION ( 'NONE',  ( 1.000000000000000000, 0.000000000000000000, 0.000000000000000000 ) ) ;
#4197 = FACE_BOUND ( 'NONE', #2969, .T. ) ;
#4198 = CARTESIAN_POINT ( 'NONE',  ( -15.50000000000000000, -32.00000000000000000, 0.000000000000000000 ) ) ;
#4199 = FACE_OUTER_BOUND ( 'NONE', #3998, .T. ) ;
#4200 = ORIENTED_EDGE ( 'NONE', *, *, #7333, .T. ) ;
#4201 = EDGE_LOOP ( 'NONE', ( #6120, #4108, #1913, #833 ) ) ;
#4202 = EDGE_LOOP ( 'NONE', ( #6217, #7321 ) ) ;
#4203 = CARTESIAN_POINT ( 'NONE',  ( -5.500000000000001776, 8.000000000000000000, 0.000000000000000000 ) ) ;
#4204 = EDGE_LOOP ( 'NONE', ( #6909, #3739, #4981, #713 ) ) ;
#4205 = FACE_BOUND ( 'NONE', #5057, .T. ) ;
#4206 = CARTESIAN_POINT ( 'NONE',  ( 9.500000000000001776, -6.999999999999999112, -8.000000000000000000 ) ) ;
#4207 = EDGE_CURVE ( 'NONE', #3673, #1520, #6847, .T. ) ;
#4208 = ADVANCED_FACE ( 'NONE', ( #4438 ), #8014, .F. ) ;
#4209 = ORIENTED_EDGE ( 'NONE', *, *, #89, .T. ) ;
#4210 = ORIENTED_EDGE ( 'NONE', *, *, #2725, .T. ) ;
#4211 = DIRECTION ( 'NONE',  ( 1.000000000000000000, 4.205390244792259585E-17, -0.000000000000000000 ) ) ;
#4212 = DIRECTION ( 'NONE',  ( 0.000000000000000000, -0.000000000000000000, -1.000000000000000000 ) ) ;
#4213 = CARTESIAN_POINT ( 'NONE',  ( 4.999999999999997335, 18.00000000000000355, 0.000000000000000000 ) ) ;
#4214 = EDGE_LOOP ( 'NONE', ( #6735, #4775 ) ) ;
#4215 = LINE ( 'NONE', #546, #414 ) ;
#4216 = EDGE_LOOP ( 'NONE', ( #2267, #4617, #1874, #1278 ) ) ;
#4217 = DIRECTION ( 'NONE',  ( -0.000000000000000000, -0.000000000000000000, 1.000000000000000000 ) ) ;
#4218 = EDGE_LOOP ( 'NONE', ( #1673, #5739 ) ) ;
#4219 = LINE ( 'NONE', #2807, #1658 ) ;
#4220 = EDGE_CURVE ( 'NONE', #7995, #1310, #638, .T. ) ;
#4221 = CARTESIAN_POINT ( 'NONE',  ( -4.999999999999999112, -32.00000000000000000, -8.000000000000000000 ) ) ;
#4222 = DIRECTION ( 'NONE',  ( -0.000000000000000000, -0.000000000000000000, 1.000000000000000000 ) ) ;
#4223 = DIRECTION ( 'NONE',  ( -0.000000000000000000, 0.000000000000000000, 1.000000000000000000 ) ) ;
#4224 = DIRECTION ( 'NONE',  ( -0.000000000000000000, -0.000000000000000000, 1.000000000000000000 ) ) ;
#4225 = EDGE_LOOP ( 'NONE', ( #7058, #3821 ) ) ;
#4226 = ORIENTED_EDGE ( 'NONE', *, *, #5194, .F. ) ;
#4227 = AXIS2_PLACEMENT_3D ( 'NONE', #6873, #5612, #6218 ) ;
#4228 = DIRECTION ( 'NONE',  ( -0.000000000000000000, -0.000000000000000000, 1.000000000000000000 ) ) ;
#4229 = ADVANCED_FACE ( 'NONE', ( #6925 ), #1217, .F. ) ;
#4230 = FACE_OUTER_BOUND ( 'NONE', #7989, .T. ) ;
#4231 = DIRECTION ( 'NONE',  ( -0.000000000000000000, 0.000000000000000000, 1.000000000000000000 ) ) ;
#4232 = VERTEX_POINT ( 'NONE', #2652 ) ;
#4233 = AXIS2_PLACEMENT_3D ( 'NONE', #816, #3431, #7081 ) ;
#4234 = DIRECTION ( 'NONE',  ( 1.000000000000000000, 0.000000000000000000, 0.000000000000000000 ) ) ;
#4235 = CARTESIAN_POINT ( 'NONE',  ( -4.500000000000002665, 18.00000000000000355, -8.000000000000000000 ) ) ;
#4236 = DIRECTION ( 'NONE',  ( 1.000000000000000000, 0.000000000000000000, 0.000000000000000000 ) ) ;
#4237 = FACE_BOUND ( 'NONE', #4319, .T. ) ;
#4238 = DIRECTION ( 'NONE',  ( -0.000000000000000000, 0.000000000000000000, 1.000000000000000000 ) ) ;
#4239 = EDGE_LOOP ( 'NONE', ( #615, #4908 ) ) ;
#4240 = EDGE_CURVE ( 'NONE', #4136, #609, #1405, .T. ) ;
#4241 = CIRCLE ( 'NONE', #5018, 1.190625000000000711 ) ;
#4242 = ORIENTED_EDGE ( 'NONE', *, *, #5425, .T. ) ;
#4243 = ORIENTED_EDGE ( 'NONE', *, *, #607, .F. ) ;
#4244 = CARTESIAN_POINT ( 'NONE',  ( -20.99999999999999645, 39.25000000000000000, 2.000000000000000000 ) ) ;
#4245 = EDGE_LOOP ( 'NONE', ( #5580, #3440, #629, #7204 ) ) ;
#4246 = EDGE_LOOP ( 'NONE', ( #1106, #1203, #4179, #408 ) ) ;
#4247 = LINE ( 'NONE', #6254, #4533 ) ;
#4248 = EDGE_CURVE ( 'NONE', #1122, #7876, #770, .T. ) ;
#4249 = EDGE_LOOP ( 'NONE', ( #7940, #2338 ) ) ;
#4250 = LINE ( 'NONE', #1191, #790 ) ;
#4251 = CARTESIAN_POINT ( 'NONE',  ( 10.00000000000000178, -22.00000000000000000, 0.000000000000000000 ) ) ;
#4252 = DIRECTION ( 'NONE',  ( 1.000000000000000000, 0.000000000000000000, 0.000000000000000000 ) ) ;
#4253 = EDGE_LOOP ( 'NONE', ( #4336, #6131, #1657, #6006 ) ) ;
#4254 = EDGE_CURVE ( 'NONE', #4733, #2225, #3865, .T. ) ;
#4255 = AXIS2_PLACEMENT_3D ( 'NONE', #113, #7491, #3120 ) ;
#4256 = DIRECTION ( 'NONE',  ( -0.000000000000000000, -0.000000000000000000, 1.000000000000000000 ) ) ;
#4257 = DIRECTION ( 'NONE',  ( 1.000000000000000000, 0.000000000000000000, 0.000000000000000000 ) ) ;
#4258 = VERTEX_POINT ( 'NONE', #3281 ) ;
#4259 = LINE ( 'NONE', #4430, #3074 ) ;
#4260 = VECTOR ( 'NONE', #5996, 1000.000000000000000 ) ;
#4261 = AXIS2_PLACEMENT_3D ( 'NONE', #3491, #5999, #1544 ) ;
#4262 = CARTESIAN_POINT ( 'NONE',  ( -4.500000000000002665, 23.00000000000000000, -8.000000000000000000 ) ) ;
#4263 = CARTESIAN_POINT ( 'NONE',  ( 9.999999999999998224, 28.00000000000000000, -8.000000000000000000 ) ) ;
#4264 = EDGE_CURVE ( 'NONE', #1822, #1533, #6323, .T. ) ;
#4265 = EDGE_CURVE ( 'NONE', #3171, #1348, #3386, .T. ) ;
#4266 = CARTESIAN_POINT ( 'NONE',  ( 4.999999999999997335, 3.000000000000002665, 2.000000000000000000 ) ) ;
#4267 = AXIS2_PLACEMENT_3D ( 'NONE', #5955, #1782, #5470 ) ;
#4268 = CIRCLE ( 'NONE', #1035, 0.5000000000000008882 ) ;
#4269 = DIRECTION ( 'NONE',  ( 1.000000000000000000, 0.000000000000000000, 0.000000000000000000 ) ) ;
#4270 = VECTOR ( 'NONE', #3465, 1000.000000000000000 ) ;
#4271 = DIRECTION ( 'NONE',  ( -0.000000000000000000, -0.000000000000000000, 1.000000000000000000 ) ) ;
#4272 = ORIENTED_EDGE ( 'NONE', *, *, #5702, .T. ) ;
#4273 = CIRCLE ( 'NONE', #2728, 0.5000000000000004441 ) ;
#4274 = CARTESIAN_POINT ( 'NONE',  ( -15.50000000000000355, 18.00000000000000355, -8.000000000000000000 ) ) ;
#4275 = DIRECTION ( 'NONE',  ( 1.000000000000000000, 0.000000000000000000, 0.000000000000000000 ) ) ;
#4276 = CARTESIAN_POINT ( 'NONE',  ( 19.69062500000000426, 38.50000000000000000, 2.000000000000000000 ) ) ;
#4277 = ORIENTED_EDGE ( 'NONE', *, *, #7354, .F. ) ;
#4278 = CIRCLE ( 'NONE', #6361, 0.5000000000000004441 ) ;
#4279 = DIRECTION ( 'NONE',  ( 1.000000000000000000, 0.000000000000000000, 0.000000000000000000 ) ) ;
#4280 = CARTESIAN_POINT ( 'NONE',  ( -15.00000000000000355, 28.00000000000000000, 2.000000000000000000 ) ) ;
#4281 = LINE ( 'NONE', #5664, #1300 ) ;
#4282 = DIRECTION ( 'NONE',  ( -0.000000000000000000, -0.000000000000000000, 1.000000000000000000 ) ) ;
#4283 = DIRECTION ( 'NONE',  ( 0.000000000000000000, -0.000000000000000000, 1.000000000000000000 ) ) ;
#4284 = DIRECTION ( 'NONE',  ( 1.000000000000000000, 0.000000000000000000, 0.000000000000000000 ) ) ;
#4285 = AXIS2_PLACEMENT_3D ( 'NONE', #3920, #5246, #920 ) ;
#4286 = VECTOR ( 'NONE', #427, 1000.000000000000000 ) ;
#4287 = ORIENTED_EDGE ( 'NONE', *, *, #7674, .T. ) ;
#4288 = ORIENTED_EDGE ( 'NONE', *, *, #52, .F. ) ;
#4289 = ORIENTED_EDGE ( 'NONE', *, *, #5150, .T. ) ;
#4290 = CYLINDRICAL_SURFACE ( 'NONE', #616, 0.5000000000000004441 ) ;
#4291 = AXIS2_PLACEMENT_3D ( 'NONE', #5483, #6009, #384 ) ;
#4292 = DIRECTION ( 'NONE',  ( 1.000000000000000000, 0.000000000000000000, 0.000000000000000000 ) ) ;
#4293 = VECTOR ( 'NONE', #2096, 1000.000000000000000 ) ;
#4294 = ORIENTED_EDGE ( 'NONE', *, *, #6681, .T. ) ;
#4296 = EDGE_CURVE ( 'NONE', #5067, #239, #5776, .T. ) ;
#4295 = ORIENTED_EDGE ( 'NONE', *, *, #5205, .T. ) ;
#4297 = DIRECTION ( 'NONE',  ( 1.000000000000000000, 2.312964634635741083E-15, 0.000000000000000000 ) ) ;
#4298 = AXIS2_PLACEMENT_3D ( 'NONE', #3368, #5679, #2757 ) ;
#4299 = ORIENTED_EDGE ( 'NONE', *, *, #838, .F. ) ;
#4300 = FACE_OUTER_BOUND ( 'NONE', #3601, .T. ) ;
#4301 = ORIENTED_EDGE ( 'NONE', *, *, #6674, .F. ) ;
#4302 = DIRECTION ( 'NONE',  ( -0.000000000000000000, -0.000000000000000000, 1.000000000000000000 ) ) ;
#4303 = ORIENTED_EDGE ( 'NONE', *, *, #5194, .T. ) ;
#4304 = CIRCLE ( 'NONE', #6121, 0.5000000000000004441 ) ;
#4305 = DIRECTION ( 'NONE',  ( -0.000000000000000000, -0.000000000000000000, 1.000000000000000000 ) ) ;
#4306 = EDGE_CURVE ( 'NONE', #2867, #4473, #5204, .T. ) ;
#4307 = VERTEX_POINT ( 'NONE', #1555 ) ;
#4308 = CYLINDRICAL_SURFACE ( 'NONE', #3219, 0.5000000000000004441 ) ;
#4309 = DIRECTION ( 'NONE',  ( -0.000000000000000000, -0.000000000000000000, 1.000000000000000000 ) ) ;
#4310 = CARTESIAN_POINT ( 'NONE',  ( -6.641006692158093472, -3.050000000000000711, 2.000000000000000000 ) ) ;
#4311 = CARTESIAN_POINT ( 'NONE',  ( 4.500000000000000888, -32.00000000000000000, -8.000000000000000000 ) ) ;
#4312 = CYLINDRICAL_SURFACE ( 'NONE', #5049, 0.5000000000000004441 ) ;
#4313 = ORIENTED_EDGE ( 'NONE', *, *, #2130, .F. ) ;
#4314 = VERTEX_POINT ( 'NONE', #3947 ) ;
#4315 = FACE_OUTER_BOUND ( 'NONE', #7134, .T. ) ;
#4316 = FACE_OUTER_BOUND ( 'NONE', #3367, .T. ) ;
#4317 = EDGE_CURVE ( 'NONE', #7944, #5144, #7614, .T. ) ;
#4318 = DIRECTION ( 'NONE',  ( 1.000000000000000000, 0.000000000000000000, 0.000000000000000000 ) ) ;
#4319 = EDGE_LOOP ( 'NONE', ( #853, #5553 ) ) ;
#4320 = CYLINDRICAL_SURFACE ( 'NONE', #4839, 1.190625000000000711 ) ;
#4321 = DIRECTION ( 'NONE',  ( 0.000000000000000000, 0.000000000000000000, 1.000000000000000000 ) ) ;
#4322 = CARTESIAN_POINT ( 'NONE',  ( -18.50000000000000355, 38.50000000000000000, 2.000000000000000000 ) ) ;
#4323 = DIRECTION ( 'NONE',  ( 1.000000000000000000, 0.000000000000000000, 0.000000000000000000 ) ) ;
#4324 = DIRECTION ( 'NONE',  ( 1.000000000000000000, 0.000000000000000000, 0.000000000000000000 ) ) ;
#4325 = EDGE_LOOP ( 'NONE', ( #5537, #5445, #2604, #4428 ) ) ;
#4326 = ORIENTED_EDGE ( 'NONE', *, *, #3441, .F. ) ;
#4327 = EDGE_CURVE ( 'NONE', #1111, #892, #3088, .T. ) ;
#4328 = VERTEX_POINT ( 'NONE', #2125 ) ;
#4329 = CARTESIAN_POINT ( 'NONE',  ( -5.500000000000003553, 33.00000000000000000, 2.000000000000000000 ) ) ;
#4330 = ORIENTED_EDGE ( 'NONE', *, *, #4734, .F. ) ;
#4331 = EDGE_LOOP ( 'NONE', ( #5179, #5991, #4287, #449 ) ) ;
#4332 = LINE ( 'NONE', #1387, #1312 ) ;
#4333 = EDGE_CURVE ( 'NONE', #5406, #2114, #6430, .T. ) ;
#4334 = VERTEX_POINT ( 'NONE', #7681 ) ;
#4335 = CARTESIAN_POINT ( 'NONE',  ( 14.99999999999999645, 13.00000000000000178, 2.000000000000000000 ) ) ;
#4336 = ORIENTED_EDGE ( 'NONE', *, *, #821, .F. ) ;
#4337 = LINE ( 'NONE', #7467, #4139 ) ;
#4338 = ORIENTED_EDGE ( 'NONE', *, *, #767, .T. ) ;
#4339 = CARTESIAN_POINT ( 'NONE',  ( -18.50000000000000355, -38.50000000000000000, 2.000000000000000000 ) ) ;
#4340 = ORIENTED_EDGE ( 'NONE', *, *, #7548, .F. ) ;
#4341 = FACE_OUTER_BOUND ( 'NONE', #6415, .T. ) ;
#4342 = EDGE_CURVE ( 'NONE', #1496, #275, #5270, .T. ) ;
#4343 = DIRECTION ( 'NONE',  ( 0.000000000000000000, 0.000000000000000000, 1.000000000000000000 ) ) ;
#4344 = CARTESIAN_POINT ( 'NONE',  ( 5.000000000000000888, -17.00000000000000000, 2.000000000000000000 ) ) ;
#4345 = AXIS2_PLACEMENT_3D ( 'NONE', #3485, #6655, #4077 ) ;
#4346 = CIRCLE ( 'NONE', #2927, 0.5000000000000004441 ) ;
#4347 = DIRECTION ( 'NONE',  ( -0.000000000000000000, -0.000000000000000000, 1.000000000000000000 ) ) ;
#4348 = ORIENTED_EDGE ( 'NONE', *, *, #5479, .T. ) ;
#4349 = EDGE_CURVE ( 'NONE', #4926, #7314, #3230, .T. ) ;
#4350 = CARTESIAN_POINT ( 'NONE',  ( 10.00000000000000178, -17.00000000000000000, -8.000000000000000000 ) ) ;
#4351 = DIRECTION ( 'NONE',  ( 0.000000000000000000, 0.000000000000000000, 1.000000000000000000 ) ) ;
#4352 = DIRECTION ( 'NONE',  ( 1.000000000000000000, 0.000000000000000000, 0.000000000000000000 ) ) ;
#4353 = ORIENTED_EDGE ( 'NONE', *, *, #483, .T. ) ;
#4354 = DIRECTION ( 'NONE',  ( 1.000000000000000000, 0.000000000000000000, 0.000000000000000000 ) ) ;
#4356 = ADVANCED_FACE ( 'NONE', ( #4512 ), #6995, .F. ) ;
#4355 = FACE_OUTER_BOUND ( 'NONE', #3956, .T. ) ;
#4357 = CIRCLE ( 'NONE', #4227, 0.5000000000000008882 ) ;
#4358 = DIRECTION ( 'NONE',  ( 1.000000000000000000, 0.000000000000000000, 0.000000000000000000 ) ) ;
#4359 = CARTESIAN_POINT ( 'NONE',  ( 4.999999999999997335, 33.00000000000000000, 2.000000000000000000 ) ) ;
#4360 = CARTESIAN_POINT ( 'NONE',  ( 18.50000000000000355, -38.50000000000000000, 2.000000000000000000 ) ) ;
#4361 = ORIENTED_EDGE ( 'NONE', *, *, #3340, .T. ) ;
#4362 = EDGE_LOOP ( 'NONE', ( #4579, #4694 ) ) ;
#4363 = VECTOR ( 'NONE', #5247, 1000.000000000000000 ) ;
#4364 = ORIENTED_EDGE ( 'NONE', *, *, #2080, .T. ) ;
#4365 = DIRECTION ( 'NONE',  ( 0.000000000000000000, 0.000000000000000000, 1.000000000000000000 ) ) ;
#4366 = CARTESIAN_POINT ( 'NONE',  ( 0.4999999999999973910, 18.00000000000000355, -8.000000000000000000 ) ) ;
#4367 = ORIENTED_EDGE ( 'NONE', *, *, #1865, .T. ) ;
#4368 = ORIENTED_EDGE ( 'NONE', *, *, #4327, .F. ) ;
#4369 = DIRECTION ( 'NONE',  ( -0.000000000000000000, -0.000000000000000000, 1.000000000000000000 ) ) ;
#4370 = EDGE_CURVE ( 'NONE', #3001, #7717, #3096, .T. ) ;
#4371 = AXIS2_PLACEMENT_3D ( 'NONE', #1888, #3714, #4392 ) ;
#4372 = ORIENTED_EDGE ( 'NONE', *, *, #1170, .F. ) ;
#4373 = CARTESIAN_POINT ( 'NONE',  ( -10.50000000000000178, 3.000000000000002665, 2.000000000000000000 ) ) ;
#4374 = VERTEX_POINT ( 'NONE', #2693 ) ;
#4375 = LINE ( 'NONE', #6867, #5632 ) ;
#4376 = ORIENTED_EDGE ( 'NONE', *, *, #2015, .F. ) ;
#4377 = EDGE_CURVE ( 'NONE', #5895, #464, #4241, .T. ) ;
#4378 = CARTESIAN_POINT ( 'NONE',  ( -5.000000000000002665, 23.00000000000000000, 2.000000000000000000 ) ) ;
#4379 = EDGE_CURVE ( 'NONE', #489, #4983, #2088, .T. ) ;
#4380 = EDGE_LOOP ( 'NONE', ( #5787, #932, #7150, #4091 ) ) ;
#4381 = CARTESIAN_POINT ( 'NONE',  ( -1.734723475976807094E-15, -17.00000000000000000, -8.000000000000000000 ) ) ;
#4382 = CARTESIAN_POINT ( 'NONE',  ( 19.00000000000000000, -41.25000000000000000, 0.000000000000000000 ) ) ;
#4383 = CIRCLE ( 'NONE', #1801, 2.000000000000001776 ) ;
#4384 = CARTESIAN_POINT ( 'NONE',  ( -15.00000000000000355, 28.00000000000000000, 0.000000000000000000 ) ) ;
#4385 = EDGE_CURVE ( 'NONE', #3731, #7226, #2570, .T. ) ;
#4386 = DIRECTION ( 'NONE',  ( 0.000000000000000000, 0.000000000000000000, 1.000000000000000000 ) ) ;
#4387 = DIRECTION ( 'NONE',  ( 1.000000000000000000, 0.000000000000000000, 0.000000000000000000 ) ) ;
#4388 = ORIENTED_EDGE ( 'NONE', *, *, #5225, .F. ) ;
#4389 = VECTOR ( 'NONE', #3898, 1000.000000000000000 ) ;
#4390 = ORIENTED_EDGE ( 'NONE', *, *, #3314, .T. ) ;
#4391 = DIRECTION ( 'NONE',  ( 1.000000000000000000, 0.000000000000000000, 0.000000000000000000 ) ) ;
#4392 = DIRECTION ( 'NONE',  ( 1.000000000000000000, 0.000000000000000000, 0.000000000000000000 ) ) ;
#4393 = DIRECTION ( 'NONE',  ( 1.000000000000000000, 0.000000000000000000, 0.000000000000000000 ) ) ;
#4394 = ORIENTED_EDGE ( 'NONE', *, *, #4296, .F. ) ;
#4395 = AXIS2_PLACEMENT_3D ( 'NONE', #2667, #5131, #3993 ) ;
#4396 = CIRCLE ( 'NONE', #5564, 0.5000000000000004441 ) ;
#4397 = FACE_OUTER_BOUND ( 'NONE', #1869, .T. ) ;
#4398 = AXIS2_PLACEMENT_3D ( 'NONE', #5485, #3062, #7311 ) ;
#4399 = EDGE_LOOP ( 'NONE', ( #3753, #6035, #4303, #3766 ) ) ;
#4400 = DIRECTION ( 'NONE',  ( 1.000000000000000000, 0.000000000000000000, 0.000000000000000000 ) ) ;
#4401 = DIRECTION ( 'NONE',  ( 1.000000000000000000, 0.000000000000000000, 0.000000000000000000 ) ) ;
#4402 = CARTESIAN_POINT ( 'NONE',  ( 9.999999999999998224, 8.000000000000000000, 0.000000000000000000 ) ) ;
#4403 = EDGE_LOOP ( 'NONE', ( #6819, #6173 ) ) ;
#4404 = EDGE_CURVE ( 'NONE', #829, #5724, #3602, .T. ) ;
#4405 = ORIENTED_EDGE ( 'NONE', *, *, #6540, .T. ) ;
#4406 = AXIS2_PLACEMENT_3D ( 'NONE', #6716, #6760, #1161 ) ;
#4407 = AXIS2_PLACEMENT_3D ( 'NONE', #2889, #5388, #6041 ) ;
#4408 = CARTESIAN_POINT ( 'NONE',  ( 4.500000000000000888, -22.00000000000000000, -8.000000000000000000 ) ) ;
#4409 = ORIENTED_EDGE ( 'NONE', *, *, #1455, .T. ) ;
#4410 = DIRECTION ( 'NONE',  ( 0.000000000000000000, 0.000000000000000000, 1.000000000000000000 ) ) ;
#4411 = VECTOR ( 'NONE', #4228, 1000.000000000000000 ) ;
#4412 = AXIS2_PLACEMENT_3D ( 'NONE', #5851, #7222, #7713 ) ;
#4413 = ORIENTED_EDGE ( 'NONE', *, *, #7827, .T. ) ;
#4414 = EDGE_CURVE ( 'NONE', #963, #3320, #6547, .T. ) ;
#4415 = VERTEX_POINT ( 'NONE', #7796 ) ;
#4416 = LINE ( 'NONE', #6910, #398 ) ;
#4417 = ADVANCED_FACE ( 'NONE', ( #2930 ), #4832, .F. ) ;
#4418 = CIRCLE ( 'NONE', #927, 0.5000000000000004441 ) ;
#4419 = ORIENTED_EDGE ( 'NONE', *, *, #3217, .T. ) ;
#4420 = DIRECTION ( 'NONE',  ( 0.000000000000000000, 0.000000000000000000, 1.000000000000000000 ) ) ;
#4421 = CIRCLE ( 'NONE', #5063, 0.5000000000000004441 ) ;
#4422 = CIRCLE ( 'NONE', #3781, 1.999999999999998224 ) ;
#4423 = DIRECTION ( 'NONE',  ( -0.000000000000000000, 0.000000000000000000, 1.000000000000000000 ) ) ;
#4424 = ORIENTED_EDGE ( 'NONE', *, *, #7049, .T. ) ;
#4425 = AXIS2_PLACEMENT_3D ( 'NONE', #7282, #1166, #395 ) ;
#4426 = CARTESIAN_POINT ( 'NONE',  ( 10.00000000000000178, -32.00000000000000000, 2.000000000000000000 ) ) ;
#4427 = CIRCLE ( 'NONE', #154, 0.5000000000000004441 ) ;
#4428 = ORIENTED_EDGE ( 'NONE', *, *, #6501, .F. ) ;
#4429 = ORIENTED_EDGE ( 'NONE', *, *, #1372, .F. ) ;
#4430 = CARTESIAN_POINT ( 'NONE',  ( 4.499999999999997335, 28.00000000000000000, -8.000000000000000000 ) ) ;
#4431 = DIRECTION ( 'NONE',  ( -0.000000000000000000, 0.000000000000000000, 1.000000000000000000 ) ) ;
#4432 = AXIS2_PLACEMENT_3D ( 'NONE', #1286, #4343, #3103 ) ;
#4433 = FACE_BOUND ( 'NONE', #6327, .T. ) ;
#4434 = CARTESIAN_POINT ( 'NONE',  ( -5.500000000000000000, -26.99999999999999645, -8.000000000000000000 ) ) ;
#4435 = DIRECTION ( 'NONE',  ( 1.000000000000000000, 0.000000000000000000, 0.000000000000000000 ) ) ;
#4436 = ORIENTED_EDGE ( 'NONE', *, *, #3509, .F. ) ;
#4437 = EDGE_LOOP ( 'NONE', ( #122, #1998, #6379, #6923 ) ) ;
#4438 = FACE_OUTER_BOUND ( 'NONE', #2681, .T. ) ;
#4439 = ADVANCED_FACE ( 'NONE', ( #5436 ), #7750, .F. ) ;
#4440 = DIRECTION ( 'NONE',  ( -0.000000000000000000, -0.000000000000000000, 1.000000000000000000 ) ) ;
#4441 = ORIENTED_EDGE ( 'NONE', *, *, #3576, .F. ) ;
#4442 = CARTESIAN_POINT ( 'NONE',  ( -11.14100669215809347, -0.4000000000000001887, 2.000000000000000000 ) ) ;
#4443 = CARTESIAN_POINT ( 'NONE',  ( 13.25000000000000178, 34.50000000000000000, -1.000000000000000000 ) ) ;
#4444 = LINE ( 'NONE', #1811, #383 ) ;
#4445 = DIRECTION ( 'NONE',  ( 1.000000000000000000, 0.000000000000000000, 0.000000000000000000 ) ) ;
#4446 = DIRECTION ( 'NONE',  ( -0.000000000000000000, -0.000000000000000000, 1.000000000000000000 ) ) ;
#4447 = ORIENTED_EDGE ( 'NONE', *, *, #7807, .T. ) ;
#4448 = EDGE_CURVE ( 'NONE', #5653, #6203, #3474, .T. ) ;
#4449 = CARTESIAN_POINT ( 'NONE',  ( 9.999999999999998224, 3.000000000000002665, -8.000000000000000000 ) ) ;
#4450 = CARTESIAN_POINT ( 'NONE',  ( 10.00000000000000178, -22.00000000000000000, 2.000000000000000000 ) ) ;
#4451 = EDGE_LOOP ( 'NONE', ( #7155, #7855 ) ) ;
#4452 = DIRECTION ( 'NONE',  ( -0.000000000000000000, -0.000000000000000000, 1.000000000000000000 ) ) ;
#4453 = EDGE_LOOP ( 'NONE', ( #5433, #769 ) ) ;
#4454 = VECTOR ( 'NONE', #6600, 1000.000000000000000 ) ;
#4455 = ORIENTED_EDGE ( 'NONE', *, *, #1170, .T. ) ;
#4456 = CARTESIAN_POINT ( 'NONE',  ( 14.49999999999999467, 3.000000000000002665, 2.000000000000000000 ) ) ;
#4457 = ORIENTED_EDGE ( 'NONE', *, *, #94, .F. ) ;
#4458 = CYLINDRICAL_SURFACE ( 'NONE', #3528, 0.5000000000000004441 ) ;
#4459 = CIRCLE ( 'NONE', #2775, 0.5000000000000004441 ) ;
#4460 = DIRECTION ( 'NONE',  ( -0.000000000000000000, -0.000000000000000000, 1.000000000000000000 ) ) ;
#4461 = ORIENTED_EDGE ( 'NONE', *, *, #2445, .F. ) ;
#4462 = VECTOR ( 'NONE', #2343, 1000.000000000000000 ) ;
#4463 = EDGE_CURVE ( 'NONE', #4814, #4722, #1017, .T. ) ;
#4464 = EDGE_CURVE ( 'NONE', #3434, #7773, #2243, .T. ) ;
#4465 = LINE ( 'NONE', #2680, #1908 ) ;
#4466 = ORIENTED_EDGE ( 'NONE', *, *, #1488, .F. ) ;
#4467 = ORIENTED_EDGE ( 'NONE', *, *, #1058, .F. ) ;
#4468 = FACE_OUTER_BOUND ( 'NONE', #3202, .T. ) ;
#4469 = AXIS2_PLACEMENT_3D ( 'NONE', #4086, #6580, #7264 ) ;
#4470 = CARTESIAN_POINT ( 'NONE',  ( -5.500000000000001776, -17.00000000000000000, 2.000000000000000000 ) ) ;
#4471 = DIRECTION ( 'NONE',  ( -0.000000000000000000, -0.000000000000000000, 1.000000000000000000 ) ) ;
#4472 = EDGE_CURVE ( 'NONE', #4123, #3037, #238, .T. ) ;
#4473 = VERTEX_POINT ( 'NONE', #7871 ) ;
#4474 = EDGE_CURVE ( 'NONE', #5850, #518, #2276, .T. ) ;
#4475 = EDGE_LOOP ( 'NONE', ( #4042, #6927 ) ) ;
#4476 = DIRECTION ( 'NONE',  ( 0.000000000000000000, 0.000000000000000000, 1.000000000000000000 ) ) ;
#4477 = CARTESIAN_POINT ( 'NONE',  ( -10.00000000000000178, 18.00000000000000355, 2.000000000000000000 ) ) ;
#4478 = ORIENTED_EDGE ( 'NONE', *, *, #2497, .F. ) ;
#4479 = EDGE_CURVE ( 'NONE', #3882, #1276, #4219, .T. ) ;
#4480 = DIRECTION ( 'NONE',  ( -0.000000000000000000, -0.000000000000000000, 1.000000000000000000 ) ) ;
#4481 = AXIS2_PLACEMENT_3D ( 'NONE', #3174, #6817, #7985 ) ;
#4482 = DIRECTION ( 'NONE',  ( -0.000000000000000000, 0.000000000000000000, 1.000000000000000000 ) ) ;
#4483 = EDGE_CURVE ( 'NONE', #5248, #5720, #382, .T. ) ;
#4484 = DIRECTION ( 'NONE',  ( 1.000000000000000000, 0.000000000000000000, 0.000000000000000000 ) ) ;
#4485 = FACE_OUTER_BOUND ( 'NONE', #3176, .T. ) ;
#4486 = CARTESIAN_POINT ( 'NONE',  ( -15.00000000000000355, 18.00000000000000355, 2.000000000000000000 ) ) ;
#4487 = EDGE_LOOP ( 'NONE', ( #3186, #4853, #6825, #2452 ) ) ;
#4488 = CYLINDRICAL_SURFACE ( 'NONE', #6172, 0.5000000000000004441 ) ;
#4489 = CARTESIAN_POINT ( 'NONE',  ( -15.00000000000000000, -32.00000000000000000, -8.000000000000000000 ) ) ;
#4490 = EDGE_LOOP ( 'NONE', ( #2005, #2799 ) ) ;
#4491 = DIRECTION ( 'NONE',  ( 1.000000000000000000, 0.000000000000000000, 0.000000000000000000 ) ) ;
#4492 = ADVANCED_FACE ( 'NONE', ( #4054 ), #2200, .F. ) ;
#4493 = ORIENTED_EDGE ( 'NONE', *, *, #6705, .F. ) ;
#4494 = VECTOR ( 'NONE', #5028, 1000.000000000000000 ) ;
#4495 = ORIENTED_EDGE ( 'NONE', *, *, #1642, .F. ) ;
#4496 = DIRECTION ( 'NONE',  ( 1.000000000000000000, 0.000000000000000000, 0.000000000000000000 ) ) ;
#4497 = ORIENTED_EDGE ( 'NONE', *, *, #8015, .F. ) ;
#4498 = DIRECTION ( 'NONE',  ( -0.000000000000000000, -0.000000000000000000, 1.000000000000000000 ) ) ;
#4499 = EDGE_LOOP ( 'NONE', ( #4390, #7087 ) ) ;
#4500 = AXIS2_PLACEMENT_3D ( 'NONE', #351, #2816, #6520 ) ;
#4501 = ORIENTED_EDGE ( 'NONE', *, *, #3775, .T. ) ;
#4502 = ORIENTED_EDGE ( 'NONE', *, *, #3340, .F. ) ;
#4503 = CARTESIAN_POINT ( 'NONE',  ( 10.00000000000000178, -11.99999999999999645, -8.000000000000000000 ) ) ;
#4504 = AXIS2_PLACEMENT_3D ( 'NONE', #1756, #7153, #503 ) ;
#4505 = DIRECTION ( 'NONE',  ( 1.000000000000000000, 0.000000000000000000, 0.000000000000000000 ) ) ;
#4506 = DIRECTION ( 'NONE',  ( -0.000000000000000000, -0.000000000000000000, 1.000000000000000000 ) ) ;
#4507 = FACE_BOUND ( 'NONE', #4776, .T. ) ;
#4508 = DIRECTION ( 'NONE',  ( -0.000000000000000000, -0.000000000000000000, 1.000000000000000000 ) ) ;
#4509 = LINE ( 'NONE', #2083, #679 ) ;
#4510 = EDGE_LOOP ( 'NONE', ( #5155, #7672 ) ) ;
#4511 = VERTEX_POINT ( 'NONE', #1114 ) ;
#4512 = FACE_OUTER_BOUND ( 'NONE', #4974, .T. ) ;
#4513 = AXIS2_PLACEMENT_3D ( 'NONE', #5498, #3763, #704 ) ;
#4514 = AXIS2_PLACEMENT_3D ( 'NONE', #4552, #212, #2031 ) ;
#4515 = CARTESIAN_POINT ( 'NONE',  ( 13.25000000000000178, 34.50000000000000000, 2.000000000000000000 ) ) ;
#4516 = VERTEX_POINT ( 'NONE', #4092 ) ;
#4517 = ADVANCED_FACE ( 'NONE', ( #6046 ), #3504, .F. ) ;
#4518 = EDGE_CURVE ( 'NONE', #7624, #5327, #5806, .T. ) ;
#4519 = DIRECTION ( 'NONE',  ( -0.000000000000000000, -0.000000000000000000, 1.000000000000000000 ) ) ;
#4520 = DIRECTION ( 'NONE',  ( -0.000000000000000000, -0.000000000000000000, 1.000000000000000000 ) ) ;
#4521 = VECTOR ( 'NONE', #5286, 1000.000000000000000 ) ;
#4522 = CARTESIAN_POINT ( 'NONE',  ( -10.50000000000000178, 23.00000000000000000, 2.000000000000000000 ) ) ;
#4523 = CYLINDRICAL_SURFACE ( 'NONE', #5191, 0.5000000000000004441 ) ;
#4524 = CARTESIAN_POINT ( 'NONE',  ( -5.000000000000002665, 23.00000000000000000, 0.000000000000000000 ) ) ;
#4525 = EDGE_LOOP ( 'NONE', ( #6883, #4766, #6549, #2768 ) ) ;
#4526 = AXIS2_PLACEMENT_3D ( 'NONE', #2990, #5460, #7938 ) ;
#4527 = AXIS2_PLACEMENT_3D ( 'NONE', #3229, #4587, #1507 ) ;
#4528 = VECTOR ( 'NONE', #4675, 1000.000000000000000 ) ;
#4529 = DIRECTION ( 'NONE',  ( -0.000000000000000000, -0.000000000000000000, 1.000000000000000000 ) ) ;
#4530 = DIRECTION ( 'NONE',  ( -0.000000000000000000, -0.000000000000000000, 1.000000000000000000 ) ) ;
#4531 = ORIENTED_EDGE ( 'NONE', *, *, #6328, .T. ) ;
#4532 = CARTESIAN_POINT ( 'NONE',  ( 14.49999999999999822, -26.99999999999999645, 2.000000000000000000 ) ) ;
#4533 = VECTOR ( 'NONE', #5549, 1000.000000000000000 ) ;
#4534 = AXIS2_PLACEMENT_3D ( 'NONE', #1000, #6412, #201 ) ;
#4535 = AXIS2_PLACEMENT_3D ( 'NONE', #1511, #6420, #5074 ) ;
#4536 = AXIS2_PLACEMENT_3D ( 'NONE', #5882, #2272, #6542 ) ;
#4537 = ORIENTED_EDGE ( 'NONE', *, *, #3364, .T. ) ;
#4538 = DIRECTION ( 'NONE',  ( -0.000000000000000000, 0.000000000000000000, 1.000000000000000000 ) ) ;
#4539 = CIRCLE ( 'NONE', #5578, 0.5000000000000004441 ) ;
#4540 = EDGE_CURVE ( 'NONE', #5681, #4901, #7726, .T. ) ;
#4541 = ORIENTED_EDGE ( 'NONE', *, *, #6167, .F. ) ;
#4542 = DIRECTION ( 'NONE',  ( 1.000000000000000000, 0.000000000000000000, 0.000000000000000000 ) ) ;
#4543 = ADVANCED_FACE ( 'NONE', ( #1030 ), #5969, .F. ) ;
#4544 = CARTESIAN_POINT ( 'NONE',  ( -0.5000000000000008882, -26.99999999999999645, 0.000000000000000000 ) ) ;
#4545 = AXIS2_PLACEMENT_3D ( 'NONE', #5618, #68, #4387 ) ;
#4546 = CIRCLE ( 'NONE', #2214, 1.190625000000000711 ) ;
#4547 = ORIENTED_EDGE ( 'NONE', *, *, #5513, .T. ) ;
#4548 = CARTESIAN_POINT ( 'NONE',  ( -4.500000000000002665, 28.00000000000000000, -8.000000000000000000 ) ) ;
#4549 = CARTESIAN_POINT ( 'NONE',  ( -14.50000000000000178, 28.00000000000000000, -8.000000000000000000 ) ) ;
#4550 = ORIENTED_EDGE ( 'NONE', *, *, #2663, .T. ) ;
#4551 = EDGE_LOOP ( 'NONE', ( #4061, #2770 ) ) ;
#4552 = CARTESIAN_POINT ( 'NONE',  ( 5.000000000000000888, -11.99999999999999645, 2.000000000000000000 ) ) ;
#4553 = EDGE_CURVE ( 'NONE', #5406, #218, #5260, .T. ) ;
#4554 = FACE_OUTER_BOUND ( 'NONE', #437, .T. ) ;
#4555 = VECTOR ( 'NONE', #2653, 1000.000000000000000 ) ;
#4556 = FACE_BOUND ( 'NONE', #2818, .T. ) ;
#4557 = AXIS2_PLACEMENT_3D ( 'NONE', #3033, #5587, #738 ) ;
#4558 = VECTOR ( 'NONE', #7939, 1000.000000000000000 ) ;
#4559 = FACE_OUTER_BOUND ( 'NONE', #2885, .T. ) ;
#4560 = ADVANCED_FACE ( 'NONE', ( #6630 ), #4308, .F. ) ;
#4561 = ORIENTED_EDGE ( 'NONE', *, *, #3746, .T. ) ;
#4562 = FACE_BOUND ( 'NONE', #4630, .T. ) ;
#4563 = ORIENTED_EDGE ( 'NONE', *, *, #7500, .T. ) ;
#4564 = CARTESIAN_POINT ( 'NONE',  ( 14.49999999999999822, -6.999999999999999112, -8.000000000000000000 ) ) ;
#4565 = CYLINDRICAL_SURFACE ( 'NONE', #7405, 0.5000000000000004441 ) ;
#4566 = ORIENTED_EDGE ( 'NONE', *, *, #6934, .T. ) ;
#4567 = CARTESIAN_POINT ( 'NONE',  ( 4.499999999999997335, -2.000000000000001776, 0.000000000000000000 ) ) ;
#4568 = CIRCLE ( 'NONE', #1466, 0.5000000000000004441 ) ;
#4569 = EDGE_CURVE ( 'NONE', #1196, #6718, #4357, .T. ) ;
#4570 = DIRECTION ( 'NONE',  ( -0.000000000000000000, -0.000000000000000000, 1.000000000000000000 ) ) ;
#4571 = CARTESIAN_POINT ( 'NONE',  ( -10.00000000000000178, 3.000000000000002665, 2.000000000000000000 ) ) ;
#4572 = ORIENTED_EDGE ( 'NONE', *, *, #5802, .T. ) ;
#4573 = CARTESIAN_POINT ( 'NONE',  ( -0.5000000000000026645, 8.000000000000000000, 2.000000000000000000 ) ) ;
#4574 = DIRECTION ( 'NONE',  ( 1.000000000000000000, 0.000000000000000000, 0.000000000000000000 ) ) ;
#4575 = VERTEX_POINT ( 'NONE', #6797 ) ;
#4576 = CYLINDRICAL_SURFACE ( 'NONE', #4002, 0.5000000000000004441 ) ;
#4577 = EDGE_CURVE ( 'NONE', #4983, #50, #6312, .T. ) ;
#4578 = VERTEX_POINT ( 'NONE', #1919 ) ;
#4579 = ORIENTED_EDGE ( 'NONE', *, *, #2854, .F. ) ;
#4580 = DIRECTION ( 'NONE',  ( -0.000000000000000000, 0.000000000000000000, 1.000000000000000000 ) ) ;
#4581 = CARTESIAN_POINT ( 'NONE',  ( 14.49999999999999822, -32.00000000000000000, 0.000000000000000000 ) ) ;
#4582 = ORIENTED_EDGE ( 'NONE', *, *, #7948, .T. ) ;
#4583 = DIRECTION ( 'NONE',  ( -0.000000000000000000, 0.000000000000000000, 1.000000000000000000 ) ) ;
#4584 = LINE ( 'NONE', #5025, #3589 ) ;
#4585 = VECTOR ( 'NONE', #7285, 1000.000000000000000 ) ;
#4586 = ORIENTED_EDGE ( 'NONE', *, *, #3842, .F. ) ;
#4587 = DIRECTION ( 'NONE',  ( -0.000000000000000000, -0.000000000000000000, 1.000000000000000000 ) ) ;
#4588 = FACE_OUTER_BOUND ( 'NONE', #4155, .T. ) ;
#4589 = AXIS2_PLACEMENT_3D ( 'NONE', #5257, #367, #5295 ) ;
#4590 = FACE_BOUND ( 'NONE', #2752, .T. ) ;
#4591 = CARTESIAN_POINT ( 'NONE',  ( 4.499999999999997335, 28.00000000000000000, 0.000000000000000000 ) ) ;
#4592 = DIRECTION ( 'NONE',  ( 1.000000000000000000, 0.000000000000000000, 0.000000000000000000 ) ) ;
#4593 = ADVANCED_FACE ( 'NONE', ( #1246 ), #7343, .F. ) ;
#4594 = ORIENTED_EDGE ( 'NONE', *, *, #5324, .T. ) ;
#4595 = FACE_BOUND ( 'NONE', #2262, .T. ) ;
#4596 = VERTEX_POINT ( 'NONE', #6266 ) ;
#4597 = CARTESIAN_POINT ( 'NONE',  ( -1.734723475976807094E-15, 8.000000000000000000, 2.000000000000000000 ) ) ;
#4598 = DIRECTION ( 'NONE',  ( -0.000000000000000000, 0.000000000000000000, 1.000000000000000000 ) ) ;
#4599 = ORIENTED_EDGE ( 'NONE', *, *, #3128, .T. ) ;
#4600 = DIRECTION ( 'NONE',  ( 0.000000000000000000, 0.000000000000000000, 1.000000000000000000 ) ) ;
#4601 = EDGE_CURVE ( 'NONE', #6214, #3159, #4259, .T. ) ;
#4602 = CARTESIAN_POINT ( 'NONE',  ( 10.00000000000000178, -26.99999999999999645, 2.000000000000000000 ) ) ;
#4603 = CARTESIAN_POINT ( 'NONE',  ( -14.49999999999999822, -32.00000000000000000, -8.000000000000000000 ) ) ;
#4604 = DIRECTION ( 'NONE',  ( 1.000000000000000000, 0.000000000000000000, 0.000000000000000000 ) ) ;
#4605 = ORIENTED_EDGE ( 'NONE', *, *, #1272, .F. ) ;
#4606 = ADVANCED_FACE ( 'NONE', ( #3787 ), #6135, .F. ) ;
#4607 = CARTESIAN_POINT ( 'NONE',  ( -15.50000000000000178, -2.000000000000001776, 0.000000000000000000 ) ) ;
#4608 = ORIENTED_EDGE ( 'NONE', *, *, #4569, .F. ) ;
#4609 = CARTESIAN_POINT ( 'NONE',  ( 15.50000000000000000, -11.99999999999999645, 2.000000000000000000 ) ) ;
#4610 = AXIS2_PLACEMENT_3D ( 'NONE', #6362, #1461, #819 ) ;
#4611 = ORIENTED_EDGE ( 'NONE', *, *, #3683, .T. ) ;
#4612 = VERTEX_POINT ( 'NONE', #7962 ) ;
#4613 = VERTEX_POINT ( 'NONE', #3192 ) ;
#4614 = DIRECTION ( 'NONE',  ( -0.000000000000000000, 0.000000000000000000, 1.000000000000000000 ) ) ;
#4615 = EDGE_CURVE ( 'NONE', #75, #7124, #758, .T. ) ;
#4616 = CARTESIAN_POINT ( 'NONE',  ( -9.500000000000001776, 3.000000000000002665, -8.000000000000000000 ) ) ;
#4617 = ORIENTED_EDGE ( 'NONE', *, *, #334, .F. ) ;
#4618 = EDGE_CURVE ( 'NONE', #1122, #1407, #62, .T. ) ;
#4619 = CARTESIAN_POINT ( 'NONE',  ( 9.999999999999998224, 18.00000000000000355, 0.000000000000000000 ) ) ;
#4620 = AXIS2_PLACEMENT_3D ( 'NONE', #8003, #23, #1204 ) ;
#4621 = DIRECTION ( 'NONE',  ( -0.000000000000000000, 0.000000000000000000, 1.000000000000000000 ) ) ;
#4622 = ORIENTED_EDGE ( 'NONE', *, *, #4377, .T. ) ;
#4623 = CARTESIAN_POINT ( 'NONE',  ( 0.4999999999999973910, 28.00000000000000000, -8.000000000000000000 ) ) ;
#4624 = CARTESIAN_POINT ( 'NONE',  ( -5.500000000000001776, -2.000000000000001776, 2.000000000000000000 ) ) ;
#4625 = AXIS2_PLACEMENT_3D ( 'NONE', #883, #3356, #273 ) ;
#4626 = DIRECTION ( 'NONE',  ( -0.000000000000000000, -0.000000000000000000, 1.000000000000000000 ) ) ;
#4627 = EDGE_CURVE ( 'NONE', #6718, #1196, #2808, .T. ) ;
#4628 = FACE_BOUND ( 'NONE', #476, .T. ) ;
#4629 = CYLINDRICAL_SURFACE ( 'NONE', #5183, 0.5000000000000004441 ) ;
#4630 = EDGE_LOOP ( 'NONE', ( #4715, #5797 ) ) ;
#4631 = AXIS2_PLACEMENT_3D ( 'NONE', #3461, #7308, #5392 ) ;
#4632 = CARTESIAN_POINT ( 'NONE',  ( -14.50000000000000000, -11.99999999999999645, 2.000000000000000000 ) ) ;
#4633 = ORIENTED_EDGE ( 'NONE', *, *, #3392, .F. ) ;
#4634 = DIRECTION ( 'NONE',  ( 1.000000000000000000, 0.000000000000000000, 0.000000000000000000 ) ) ;
#4635 = FACE_OUTER_BOUND ( 'NONE', #4245, .T. ) ;
#4636 = ORIENTED_EDGE ( 'NONE', *, *, #461, .T. ) ;
#4637 = EDGE_CURVE ( 'NONE', #3899, #966, #3668, .T. ) ;
#4638 = CARTESIAN_POINT ( 'NONE',  ( -15.50000000000000178, -11.99999999999999645, 0.000000000000000000 ) ) ;
#4639 = DIRECTION ( 'NONE',  ( -0.000000000000000000, 0.000000000000000000, 1.000000000000000000 ) ) ;
#4640 = CARTESIAN_POINT ( 'NONE',  ( -10.00000000000000000, -26.99999999999999645, 2.000000000000000000 ) ) ;
#4641 = DIRECTION ( 'NONE',  ( -0.000000000000000000, 0.000000000000000000, 1.000000000000000000 ) ) ;
#4642 = EDGE_LOOP ( 'NONE', ( #7469, #6572, #3366, #6972 ) ) ;
#4643 = CIRCLE ( 'NONE', #2834, 0.5000000000000004441 ) ;
#4644 = PLANE ( 'NONE',  #2520 ) ;
#4645 = EDGE_LOOP ( 'NONE', ( #4209, #3191 ) ) ;
#4646 = DIRECTION ( 'NONE',  ( 1.000000000000000000, 0.000000000000000000, 0.000000000000000000 ) ) ;
#4647 = ADVANCED_FACE ( 'NONE', ( #3704 ), #3619, .F. ) ;
#4648 = EDGE_LOOP ( 'NONE', ( #4636, #888 ) ) ;
#4649 = CIRCLE ( 'NONE', #1168, 0.5000000000000008882 ) ;
#4650 = ORIENTED_EDGE ( 'NONE', *, *, #3796, .T. ) ;
#4651 = ORIENTED_EDGE ( 'NONE', *, *, #442, .F. ) ;
#4652 = CARTESIAN_POINT ( 'NONE',  ( -10.00000000000000178, 8.000000000000000000, -8.000000000000000000 ) ) ;
#4653 = CARTESIAN_POINT ( 'NONE',  ( -1.734723475976807094E-15, -6.999999999999999112, -8.000000000000000000 ) ) ;
#4654 = EDGE_LOOP ( 'NONE', ( #1615, #7949 ) ) ;
#4655 = CIRCLE ( 'NONE', #1178, 1.190625000000000711 ) ;
#4656 = CARTESIAN_POINT ( 'NONE',  ( -7.249999999999999112, 0.000000000000000000, 0.000000000000000000 ) ) ;
#4657 = VECTOR ( 'NONE', #5358, 1000.000000000000000 ) ;
#4658 = CARTESIAN_POINT ( 'NONE',  ( -15.00000000000000355, 33.00000000000000000, -8.000000000000000000 ) ) ;
#4659 = EDGE_CURVE ( 'NONE', #418, #6030, #1518, .T. ) ;
#4660 = ORIENTED_EDGE ( 'NONE', *, *, #8018, .T. ) ;
#4661 = LINE ( 'NONE', #5914, #1949 ) ;
#4662 = CIRCLE ( 'NONE', #3261, 0.5000000000000004441 ) ;
#4663 = DIRECTION ( 'NONE',  ( -0.000000000000000000, 0.000000000000000000, 1.000000000000000000 ) ) ;
#4664 = EDGE_CURVE ( 'NONE', #4893, #1631, #4957, .T. ) ;
#4665 = CARTESIAN_POINT ( 'NONE',  ( 10.50000000000000178, -22.00000000000000000, -8.000000000000000000 ) ) ;
#4666 = CIRCLE ( 'NONE', #3267, 0.5000000000000004441 ) ;
#4667 = ORIENTED_EDGE ( 'NONE', *, *, #4793, .T. ) ;
#4668 = CARTESIAN_POINT ( 'NONE',  ( 0.4999999999999973910, 18.00000000000000355, 0.000000000000000000 ) ) ;
#4669 = ORIENTED_EDGE ( 'NONE', *, *, #1944, .T. ) ;
#4670 = DIRECTION ( 'NONE',  ( -0.000000000000000000, -0.000000000000000000, 1.000000000000000000 ) ) ;
#4671 = CARTESIAN_POINT ( 'NONE',  ( 9.500000000000001776, -32.00000000000000000, 0.000000000000000000 ) ) ;
#4672 = ORIENTED_EDGE ( 'NONE', *, *, #3454, .T. ) ;
#4673 = CIRCLE ( 'NONE', #1064, 1.190625000000000711 ) ;
#4674 = CIRCLE ( 'NONE', #2099, 0.5000000000000004441 ) ;
#4675 = DIRECTION ( 'NONE',  ( -0.000000000000000000, -0.000000000000000000, 1.000000000000000000 ) ) ;
#4676 = CARTESIAN_POINT ( 'NONE',  ( -11.14100669215809347, 0.000000000000000000, 0.000000000000000000 ) ) ;
#4677 = CARTESIAN_POINT ( 'NONE',  ( -5.000000000000002665, 23.00000000000000000, 2.000000000000000000 ) ) ;
#4678 = AXIS2_PLACEMENT_3D ( 'NONE', #4251, #3095, #539 ) ;
#4679 = AXIS2_PLACEMENT_3D ( 'NONE', #5449, #7233, #7317 ) ;
#4680 = EDGE_CURVE ( 'NONE', #1597, #916, #2532, .T. ) ;
#4681 = CARTESIAN_POINT ( 'NONE',  ( 14.99999999999999645, 3.000000000000002665, 2.000000000000000000 ) ) ;
#4682 = CARTESIAN_POINT ( 'NONE',  ( -4.500000000000000888, 8.000000000000000000, 2.000000000000000000 ) ) ;
#4683 = DIRECTION ( 'NONE',  ( -0.000000000000000000, -0.000000000000000000, 1.000000000000000000 ) ) ;
#4684 = ORIENTED_EDGE ( 'NONE', *, *, #648, .F. ) ;
#4685 = DIRECTION ( 'NONE',  ( 0.000000000000000000, -0.000000000000000000, -1.000000000000000000 ) ) ;
#4686 = AXIS2_PLACEMENT_3D ( 'NONE', #835, #5844, #6460 ) ;
#4687 = ORIENTED_EDGE ( 'NONE', *, *, #3775, .F. ) ;
#4688 = PLANE ( 'NONE',  #4132 ) ;
#4689 = FACE_BOUND ( 'NONE', #324, .T. ) ;
#4690 = DIRECTION ( 'NONE',  ( -0.000000000000000000, -0.000000000000000000, 1.000000000000000000 ) ) ;
#4691 = VERTEX_POINT ( 'NONE', #3059 ) ;
#4692 = EDGE_CURVE ( 'NONE', #4578, #1597, #100, .T. ) ;
#4693 = ORIENTED_EDGE ( 'NONE', *, *, #3114, .F. ) ;
#4694 = ORIENTED_EDGE ( 'NONE', *, *, #3432, .F. ) ;
#4695 = FACE_OUTER_BOUND ( 'NONE', #594, .T. ) ;
#4696 = EDGE_LOOP ( 'NONE', ( #602, #2559, #654, #4541 ) ) ;
#4697 = CARTESIAN_POINT ( 'NONE',  ( -19.69062500000000426, 38.50000000000000000, 2.000000000000000000 ) ) ;
#4698 = DIRECTION ( 'NONE',  ( -0.000000000000000000, 0.000000000000000000, 1.000000000000000000 ) ) ;
#4699 = VERTEX_POINT ( 'NONE', #5521 ) ;
#4700 = DIRECTION ( 'NONE',  ( -0.000000000000000000, 0.000000000000000000, 1.000000000000000000 ) ) ;
#4701 = DIRECTION ( 'NONE',  ( -1.000000000000000000, 0.000000000000000000, 0.000000000000000000 ) ) ;
#4702 = ADVANCED_FACE ( 'NONE', ( #4341 ), #1841, .F. ) ;
#4703 = DIRECTION ( 'NONE',  ( 0.000000000000000000, 0.000000000000000000, 1.000000000000000000 ) ) ;
#4704 = ORIENTED_EDGE ( 'NONE', *, *, #6934, .F. ) ;
#4705 = CARTESIAN_POINT ( 'NONE',  ( 0.000000000000000000, -32.00000000000000000, 2.000000000000000000 ) ) ;
#4706 = ORIENTED_EDGE ( 'NONE', *, *, #1844, .T. ) ;
#4707 = DIRECTION ( 'NONE',  ( 1.000000000000000000, 0.000000000000000000, 0.000000000000000000 ) ) ;
#4708 = DIRECTION ( 'NONE',  ( 0.000000000000000000, 0.000000000000000000, 1.000000000000000000 ) ) ;
#4709 = VERTEX_POINT ( 'NONE', #6383 ) ;
#4710 = LINE ( 'NONE', #7075, #2198 ) ;
#4711 = EDGE_CURVE ( 'NONE', #5058, #7773, #5645, .T. ) ;
#4712 = EDGE_CURVE ( 'NONE', #581, #3628, #4877, .T. ) ;
#4713 = PLANE ( 'NONE',  #5415 ) ;
#4714 = DIRECTION ( 'NONE',  ( -0.000000000000000000, 0.000000000000000000, 1.000000000000000000 ) ) ;
#4715 = ORIENTED_EDGE ( 'NONE', *, *, #1158, .T. ) ;
#4716 = DIRECTION ( 'NONE',  ( -0.000000000000000000, -0.000000000000000000, 1.000000000000000000 ) ) ;
#4717 = CARTESIAN_POINT ( 'NONE',  ( 14.99999999999999645, -2.000000000000001776, 2.000000000000000000 ) ) ;
#4718 = FACE_OUTER_BOUND ( 'NONE', #2978, .T. ) ;
#4719 = ORIENTED_EDGE ( 'NONE', *, *, #5901, .T. ) ;
#4720 = CARTESIAN_POINT ( 'NONE',  ( 4.999999999999997335, 28.00000000000000000, 2.000000000000000000 ) ) ;
#4721 = EDGE_CURVE ( 'NONE', #1239, #4044, #6297, .T. ) ;
#4722 = VERTEX_POINT ( 'NONE', #5803 ) ;
#4723 = CYLINDRICAL_SURFACE ( 'NONE', #4785, 1.190625000000000711 ) ;
#4724 = FACE_BOUND ( 'NONE', #6272, .T. ) ;
#4725 = CARTESIAN_POINT ( 'NONE',  ( -3.469446951953614189E-15, 33.00000000000000000, -8.000000000000000000 ) ) ;
#4726 = EDGE_CURVE ( 'NONE', #6043, #3958, #4465, .T. ) ;
#4727 = EDGE_CURVE ( 'NONE', #1054, #7247, #2160, .T. ) ;
#4728 = VERTEX_POINT ( 'NONE', #3855 ) ;
#4729 = EDGE_LOOP ( 'NONE', ( #1234, #2489, #3136, #7957 ) ) ;
#4730 = VERTEX_POINT ( 'NONE', #3190 ) ;
#4731 = DIRECTION ( 'NONE',  ( 1.000000000000000000, 0.000000000000000000, 0.000000000000000000 ) ) ;
#4732 = DIRECTION ( 'NONE',  ( -0.000000000000000000, -0.000000000000000000, 1.000000000000000000 ) ) ;
#4733 = VERTEX_POINT ( 'NONE', #2566 ) ;
#4734 = EDGE_CURVE ( 'NONE', #2516, #6078, #4584, .T. ) ;
#4735 = CARTESIAN_POINT ( 'NONE',  ( -5.500000000000001776, -17.00000000000000000, 0.000000000000000000 ) ) ;
#4736 = VECTOR ( 'NONE', #7826, 1000.000000000000000 ) ;
#4737 = VERTEX_POINT ( 'NONE', #3936 ) ;
#4738 = CARTESIAN_POINT ( 'NONE',  ( 0.4999999999999973910, 28.00000000000000000, 2.000000000000000000 ) ) ;
#4739 = DIRECTION ( 'NONE',  ( 1.000000000000000000, 0.000000000000000000, 0.000000000000000000 ) ) ;
#4740 = LINE ( 'NONE', #5386, #7695 ) ;
#4741 = AXIS2_PLACEMENT_3D ( 'NONE', #754, #1960, #7623 ) ;
#4742 = DIRECTION ( 'NONE',  ( 1.000000000000000000, 0.000000000000000000, 0.000000000000000000 ) ) ;
#4743 = EDGE_LOOP ( 'NONE', ( #7974, #622, #3358, #6845 ) ) ;
#4744 = CARTESIAN_POINT ( 'NONE',  ( -15.00000000000000178, -22.00000000000000000, 2.000000000000000000 ) ) ;
#4745 = ORIENTED_EDGE ( 'NONE', *, *, #3398, .F. ) ;
#4746 = DIRECTION ( 'NONE',  ( 1.000000000000000000, 0.000000000000000000, 0.000000000000000000 ) ) ;
#4747 = AXIS2_PLACEMENT_3D ( 'NONE', #7316, #5447, #1041 ) ;
#4748 = DIRECTION ( 'NONE',  ( 0.000000000000000000, -0.000000000000000000, -1.000000000000000000 ) ) ;
#4749 = ORIENTED_EDGE ( 'NONE', *, *, #4664, .F. ) ;
#4750 = FACE_OUTER_BOUND ( 'NONE', #1422, .T. ) ;
#4751 = AXIS2_PLACEMENT_3D ( 'NONE', #1972, #1254, #645 ) ;
#4752 = CARTESIAN_POINT ( 'NONE',  ( -10.50000000000000178, 33.00000000000000000, 0.000000000000000000 ) ) ;
#4753 = ORIENTED_EDGE ( 'NONE', *, *, #7725, .T. ) ;
#4754 = CARTESIAN_POINT ( 'NONE',  ( -15.00000000000000178, 8.000000000000000000, 2.000000000000000000 ) ) ;
#4755 = ADVANCED_FACE ( 'NONE', ( #7060 ), #5071, .F. ) ;
#4756 = CARTESIAN_POINT ( 'NONE',  ( -1.734723475976807094E-15, -6.999999999999999112, 0.000000000000000000 ) ) ;
#4757 = EDGE_CURVE ( 'NONE', #7427, #364, #997, .T. ) ;
#4758 = LINE ( 'NONE', #2862, #934 ) ;
#4759 = ORIENTED_EDGE ( 'NONE', *, *, #4757, .F. ) ;
#4760 = AXIS2_PLACEMENT_3D ( 'NONE', #5885, #3543, #7272 ) ;
#4761 = FACE_OUTER_BOUND ( 'NONE', #7179, .T. ) ;
#4762 = ORIENTED_EDGE ( 'NONE', *, *, #7119, .T. ) ;
#4763 = CYLINDRICAL_SURFACE ( 'NONE', #2185, 0.5000000000000004441 ) ;
#4764 = FACE_BOUND ( 'NONE', #6199, .T. ) ;
#4765 = DIRECTION ( 'NONE',  ( 1.000000000000000000, 0.000000000000000000, 0.000000000000000000 ) ) ;
#4766 = ORIENTED_EDGE ( 'NONE', *, *, #5397, .T. ) ;
#4767 = VERTEX_POINT ( 'NONE', #5682 ) ;
#4768 = AXIS2_PLACEMENT_3D ( 'NONE', #2465, #1301, #6931 ) ;
#4769 = VERTEX_POINT ( 'NONE', #2072 ) ;
#4770 = CYLINDRICAL_SURFACE ( 'NONE', #1104, 0.5000000000000008882 ) ;
#4771 = ORIENTED_EDGE ( 'NONE', *, *, #2047, .T. ) ;
#4772 = FACE_BOUND ( 'NONE', #128, .T. ) ;
#4773 = DIRECTION ( 'NONE',  ( 0.000000000000000000, -0.000000000000000000, -1.000000000000000000 ) ) ;
#4774 = CIRCLE ( 'NONE', #388, 0.5000000000000004441 ) ;
#4775 = ORIENTED_EDGE ( 'NONE', *, *, #1896, .T. ) ;
#4776 = EDGE_LOOP ( 'NONE', ( #7230, #1078 ) ) ;
#4777 = DIRECTION ( 'NONE',  ( -0.000000000000000000, -0.000000000000000000, 1.000000000000000000 ) ) ;
#4778 = EDGE_CURVE ( 'NONE', #1680, #7611, #6418, .T. ) ;
#4779 = AXIS2_PLACEMENT_3D ( 'NONE', #1772, #4070, #5455 ) ;
#4780 = AXIS2_PLACEMENT_3D ( 'NONE', #3536, #4700, #2921 ) ;
#4781 = LINE ( 'NONE', #7301, #2798 ) ;
#4782 = PRESENTATION_LAYER_ASSIGNMENT (  '', '', ( #3761 ) ) ;
#4783 = CARTESIAN_POINT ( 'NONE',  ( 15.00000000000000000, -22.00000000000000000, -8.000000000000000000 ) ) ;
#4784 = EDGE_LOOP ( 'NONE', ( #2896, #3402, #6546, #4966 ) ) ;
#4785 = AXIS2_PLACEMENT_3D ( 'NONE', #3478, #7888, #7205 ) ;
#4786 = VECTOR ( 'NONE', #4150, 1000.000000000000000 ) ;
#4787 = CARTESIAN_POINT ( 'NONE',  ( 14.49999999999999822, -17.00000000000000000, -8.000000000000000000 ) ) ;
#4788 = EDGE_LOOP ( 'NONE', ( #6260, #6839, #866, #5374 ) ) ;
#4789 = CARTESIAN_POINT ( 'NONE',  ( -4.999999999999999112, -32.00000000000000000, -8.000000000000000000 ) ) ;
#4790 = EDGE_CURVE ( 'NONE', #6698, #5464, #7210, .T. ) ;
#4791 = DIRECTION ( 'NONE',  ( -0.000000000000000000, 0.000000000000000000, 1.000000000000000000 ) ) ;
#4792 = CYLINDRICAL_SURFACE ( 'NONE', #4398, 0.5000000000000008882 ) ;
#4793 = EDGE_CURVE ( 'NONE', #448, #6528, #1137, .T. ) ;
#4794 = DIRECTION ( 'NONE',  ( 0.000000000000000000, -1.000000000000000000, 0.000000000000000000 ) ) ;
#4795 = DIRECTION ( 'NONE',  ( -0.000000000000000000, -0.000000000000000000, 1.000000000000000000 ) ) ;
#4796 = VERTEX_POINT ( 'NONE', #1395 ) ;
#4797 = ORIENTED_EDGE ( 'NONE', *, *, #5903, .F. ) ;
#4798 = DIRECTION ( 'NONE',  ( 1.000000000000000000, 0.000000000000000000, 0.000000000000000000 ) ) ;
#4799 = CARTESIAN_POINT ( 'NONE',  ( 14.49999999999999822, -22.00000000000000000, 0.000000000000000000 ) ) ;
#4800 = AXIS2_PLACEMENT_3D ( 'NONE', #2404, #989, #4055 ) ;
#4801 = CARTESIAN_POINT ( 'NONE',  ( 4.499999999999997335, 23.00000000000000000, -8.000000000000000000 ) ) ;
#4802 = ORIENTED_EDGE ( 'NONE', *, *, #5830, .F. ) ;
#4803 = AXIS2_PLACEMENT_3D ( 'NONE', #511, #7161, #5328 ) ;
#4804 = AXIS2_PLACEMENT_3D ( 'NONE', #4725, #6605, #7771 ) ;
#4805 = LINE ( 'NONE', #1729, #4585 ) ;
#4807 = ADVANCED_FACE ( 'NONE', ( #6332 ), #6686, .F. ) ;
#4806 = ORIENTED_EDGE ( 'NONE', *, *, #172, .T. ) ;
#4808 = VECTOR ( 'NONE', #4925, 1000.000000000000000 ) ;
#4809 = CARTESIAN_POINT ( 'NONE',  ( -4.499999999999999112, -32.00000000000000000, 2.000000000000000000 ) ) ;
#4810 = FACE_BOUND ( 'NONE', #4510, .T. ) ;
#4811 = AXIS2_PLACEMENT_3D ( 'NONE', #1119, #1679, #1081 ) ;
#4812 = DIRECTION ( 'NONE',  ( -0.000000000000000000, -0.000000000000000000, 1.000000000000000000 ) ) ;
#4813 = ORIENTED_EDGE ( 'NONE', *, *, #6771, .T. ) ;
#4814 = VERTEX_POINT ( 'NONE', #5500 ) ;
#4815 = VERTEX_POINT ( 'NONE', #941 ) ;
#4816 = AXIS2_PLACEMENT_3D ( 'NONE', #299, #2645, #4505 ) ;
#4817 = DIRECTION ( 'NONE',  ( -0.000000000000000000, -0.000000000000000000, 1.000000000000000000 ) ) ;
#4818 = CARTESIAN_POINT ( 'NONE',  ( -9.500000000000001776, -6.999999999999999112, -8.000000000000000000 ) ) ;
#4819 = ORIENTED_EDGE ( 'NONE', *, *, #1916, .T. ) ;
#4820 = CARTESIAN_POINT ( 'NONE',  ( 0.000000000000000000, 0.000000000000000000, 2.000000000000000000 ) ) ;
#4821 = CARTESIAN_POINT ( 'NONE',  ( -10.00000000000000178, 8.000000000000000000, 0.000000000000000000 ) ) ;
#4822 = EDGE_CURVE ( 'NONE', #458, #601, #221, .T. ) ;
#4823 = CLOSED_SHELL ( 'NONE', ( #7918, #666, #777, #5, #6088, #2792, #3422, #2237, #3234, #823, #529, #7367, #2788, #5582, #318, #3450, #7319, #2238, #2700, #6339, #2958, #1711, #3477, #1349, #2103, #505, #905, #4897, #7851, #6423, #6770, #5769, #1942, #4492, #3996, #2980, #6291, #7065, #3203, #6406, #1925, #7490, #3649, #2178, #7345, #1305, #2315, #2982, #4439, #5685, #209, #1218, #7100, #7711, #5066, #1315, #90, #5712, #6754, #5912, #2873, #3292, #7664, #3187, #2894, #2113, #6484, #4807, #2797, #3556, #7502, #6557, #4166, #5735, #4517, #5788, #4118, #1229, #4356, #2642, #1503, #1105, #6672, #742, #157, #6075, #7433, #7028, #7260, #5103, #6234, #1620, #2055, #5349, #5856, #3636, #2884, #4026, #5710, #1521, #2569, #7554, #2704, #5668, #7181, #7091, #132, #3093, #7259, #5220, #1810, #6207, #5858, #981, #6637, #6532, #1394, #2287, #5656, #5332, #1959, #4905, #245, #7169, #6591, #2067, #4006, #274, #3133, #4606, #3045, #4593, #1513, #3245, #2655, #3213, #5765, #3637, #19, #1768, #4229, #6301, #7836, #1574, #4560, #4038, #6326, #5068, #890, #5614, #776, #4946, #2678, #4417, #1855, #1442, #5676, #1215, #1997, #435, #1338, #7191, #2034, #7613, #3925, #6271, #2705, #6174, #7136, #7190, #387, #5370, #3370, #6871, #1388, #2577, #6102, #292, #3057, #3158, #7395, #2373, #3321, #179, #7960, #4208, #5009, #918, #6831, #431, #783, #6514, #6622, #7148, #2180, #1465, #560, #7967, #3178, #4647, #4543, #7445, #4085, #366, #4755, #633, #7770, #2028, #7103, #922, #897, #5563, #5997, #6008, #6914, #3989, #2764, #1914, #6812, #4702 ) ) ;
#4824 = ORIENTED_EDGE ( 'NONE', *, *, #6949, .F. ) ;
#4825 = DIRECTION ( 'NONE',  ( 1.000000000000000000, 0.000000000000000000, 0.000000000000000000 ) ) ;
#4826 = FACE_OUTER_BOUND ( 'NONE', #7982, .T. ) ;
#4827 = ORIENTED_EDGE ( 'NONE', *, *, #6391, .F. ) ;
#4828 = DIRECTION ( 'NONE',  ( 1.000000000000000000, 0.000000000000000000, 0.000000000000000000 ) ) ;
#4829 = ORIENTED_EDGE ( 'NONE', *, *, #130, .T. ) ;
#4830 = FACE_OUTER_BOUND ( 'NONE', #7471, .T. ) ;
#4831 = EDGE_LOOP ( 'NONE', ( #6348, #8011, #3519, #5334 ) ) ;
#4832 = CYLINDRICAL_SURFACE ( 'NONE', #4631, 0.5000000000000004441 ) ;
#4833 = FACE_OUTER_BOUND ( 'NONE', #4890, .T. ) ;
#4834 = LINE ( 'NONE', #6673, #673 ) ;
#4835 = EDGE_CURVE ( 'NONE', #5184, #8017, #1273, .T. ) ;
#4836 = DIRECTION ( 'NONE',  ( -0.000000000000000000, 0.000000000000000000, 1.000000000000000000 ) ) ;
#4837 = ORIENTED_EDGE ( 'NONE', *, *, #3943, .F. ) ;
#4838 = CARTESIAN_POINT ( 'NONE',  ( -14.50000000000000178, 33.00000000000000000, -8.000000000000000000 ) ) ;
#4839 = AXIS2_PLACEMENT_3D ( 'NONE', #7320, #2418, #1128 ) ;
#4840 = DIRECTION ( 'NONE',  ( 1.000000000000000000, 0.000000000000000000, 0.000000000000000000 ) ) ;
#4841 = DIRECTION ( 'NONE',  ( -0.000000000000000000, -0.000000000000000000, 1.000000000000000000 ) ) ;
#4842 = ORIENTED_EDGE ( 'NONE', *, *, #3223, .T. ) ;
#4843 = DIRECTION ( 'NONE',  ( -0.000000000000000000, -0.000000000000000000, 1.000000000000000000 ) ) ;
#4844 = VECTOR ( 'NONE', #7986, 1000.000000000000000 ) ;
#4845 = ORIENTED_EDGE ( 'NONE', *, *, #3927, .F. ) ;
#4846 = FACE_OUTER_BOUND ( 'NONE', #1781, .T. ) ;
#4847 = FACE_BOUND ( 'NONE', #7456, .T. ) ;
#4848 = DIRECTION ( 'NONE',  ( 0.000000000000000000, 0.000000000000000000, 1.000000000000000000 ) ) ;
#4849 = DIRECTION ( 'NONE',  ( 1.000000000000000000, 0.000000000000000000, 0.000000000000000000 ) ) ;
#4850 = ORIENTED_EDGE ( 'NONE', *, *, #1353, .F. ) ;
#4851 = ORIENTED_EDGE ( 'NONE', *, *, #6577, .F. ) ;
#4852 = EDGE_CURVE ( 'NONE', #327, #6528, #7097, .T. ) ;
#4853 = ORIENTED_EDGE ( 'NONE', *, *, #1370, .F. ) ;
#4854 = DIRECTION ( 'NONE',  ( -0.000000000000000000, 0.000000000000000000, 1.000000000000000000 ) ) ;
#4855 = FACE_OUTER_BOUND ( 'NONE', #1314, .T. ) ;
#4856 = ORIENTED_EDGE ( 'NONE', *, *, #5811, .F. ) ;
#4857 = FACE_BOUND ( 'NONE', #7698, .T. ) ;
#4858 = CARTESIAN_POINT ( 'NONE',  ( 14.49999999999999822, -22.00000000000000000, -8.000000000000000000 ) ) ;
#4859 = EDGE_CURVE ( 'NONE', #291, #1654, #7083, .T. ) ;
#4860 = VERTEX_POINT ( 'NONE', #3034 ) ;
#4861 = DIRECTION ( 'NONE',  ( 0.000000000000000000, -1.000000000000000000, 0.000000000000000000 ) ) ;
#4862 = EDGE_CURVE ( 'NONE', #6043, #5717, #875, .T. ) ;
#4863 = CARTESIAN_POINT ( 'NONE',  ( 0.4999999999999991673, -2.000000000000001776, 0.000000000000000000 ) ) ;
#4864 = EDGE_LOOP ( 'NONE', ( #3113, #3316, #2102, #2363 ) ) ;
#4865 = VECTOR ( 'NONE', #4506, 1000.000000000000000 ) ;
#4866 = DIRECTION ( 'NONE',  ( 0.000000000000000000, 0.000000000000000000, 1.000000000000000000 ) ) ;
#4867 = DIRECTION ( 'NONE',  ( -0.000000000000000000, -0.000000000000000000, 1.000000000000000000 ) ) ;
#4868 = ORIENTED_EDGE ( 'NONE', *, *, #5658, .T. ) ;
#4869 = CARTESIAN_POINT ( 'NONE',  ( 9.999999999999998224, 33.00000000000000000, 0.000000000000000000 ) ) ;
#4870 = DIRECTION ( 'NONE',  ( 1.000000000000000000, 0.000000000000000000, 0.000000000000000000 ) ) ;
#4871 = EDGE_CURVE ( 'NONE', #3606, #4881, #6442, .T. ) ;
#4872 = CYLINDRICAL_SURFACE ( 'NONE', #6257, 0.5000000000000004441 ) ;
#4873 = DIRECTION ( 'NONE',  ( -0.000000000000000000, 0.000000000000000000, 1.000000000000000000 ) ) ;
#4874 = CARTESIAN_POINT ( 'NONE',  ( 0.4999999999999991673, -6.999999999999999112, -8.000000000000000000 ) ) ;
#4875 = ORIENTED_EDGE ( 'NONE', *, *, #2044, .F. ) ;
#4876 = ORIENTED_EDGE ( 'NONE', *, *, #7294, .F. ) ;
#4877 = CIRCLE ( 'NONE', #4087, 0.5000000000000004441 ) ;
#4878 = FACE_OUTER_BOUND ( 'NONE', #3550, .T. ) ;
#4879 = DIRECTION ( 'NONE',  ( -0.000000000000000000, -0.000000000000000000, 1.000000000000000000 ) ) ;
#4880 = DIRECTION ( 'NONE',  ( -0.000000000000000000, -0.000000000000000000, 1.000000000000000000 ) ) ;
#4881 = VERTEX_POINT ( 'NONE', #6065 ) ;
#4882 = EDGE_CURVE ( 'NONE', #2853, #2217, #3373, .T. ) ;
#4883 = VECTOR ( 'NONE', #3669, 1000.000000000000000 ) ;
#4884 = DIRECTION ( 'NONE',  ( 0.000000000000000000, 0.000000000000000000, 1.000000000000000000 ) ) ;
#4885 = CARTESIAN_POINT ( 'NONE',  ( 4.499999999999997335, 18.00000000000000355, 0.000000000000000000 ) ) ;
#4886 = CARTESIAN_POINT ( 'NONE',  ( -9.500000000000000000, -32.00000000000000000, 2.000000000000000000 ) ) ;
#4887 = DIRECTION ( 'NONE',  ( 1.000000000000000000, 0.000000000000000000, 0.000000000000000000 ) ) ;
#4888 = DIRECTION ( 'NONE',  ( 1.000000000000000000, 0.000000000000000000, 0.000000000000000000 ) ) ;
#4889 = DIRECTION ( 'NONE',  ( -0.000000000000000000, 0.000000000000000000, 1.000000000000000000 ) ) ;
#4890 = EDGE_LOOP ( 'NONE', ( #4856, #3835, #7092, #7953 ) ) ;
#4891 = CIRCLE ( 'NONE', #1528, 0.5000000000000008882 ) ;
#4892 = EDGE_LOOP ( 'NONE', ( #2212, #3810 ) ) ;
#4893 = VERTEX_POINT ( 'NONE', #6534 ) ;
#4894 = CARTESIAN_POINT ( 'NONE',  ( -20.99999999999999645, 41.25000000000000000, 2.000000000000000000 ) ) ;
#4895 = VERTEX_POINT ( 'NONE', #1733 ) ;
#4896 = ORIENTED_EDGE ( 'NONE', *, *, #5658, .F. ) ;
#4897 = ADVANCED_FACE ( 'NONE', ( #7324 ), #2186, .F. ) ;
#4898 = DIRECTION ( 'NONE',  ( -0.000000000000000000, 0.000000000000000000, 1.000000000000000000 ) ) ;
#4899 = ORIENTED_EDGE ( 'NONE', *, *, #7358, .F. ) ;
#4900 = DIRECTION ( 'NONE',  ( 1.000000000000000000, 0.000000000000000000, 0.000000000000000000 ) ) ;
#4901 = VERTEX_POINT ( 'NONE', #3599 ) ;
#4902 = DIRECTION ( 'NONE',  ( -0.000000000000000000, 0.000000000000000000, 1.000000000000000000 ) ) ;
#4903 = ORIENTED_EDGE ( 'NONE', *, *, #6661, .T. ) ;
#4904 = AXIS2_PLACEMENT_3D ( 'NONE', #3208, #3681, #2585 ) ;
#4905 = ADVANCED_FACE ( 'NONE', ( #5873 ), #3448, .F. ) ;
#4906 = CARTESIAN_POINT ( 'NONE',  ( 19.00000000000000355, -39.25000000000000000, 2.000000000000000000 ) ) ;
#4907 = CARTESIAN_POINT ( 'NONE',  ( -15.50000000000000178, -2.000000000000001776, 2.000000000000000000 ) ) ;
#4908 = ORIENTED_EDGE ( 'NONE', *, *, #4727, .F. ) ;
#4909 = DIRECTION ( 'NONE',  ( 0.000000000000000000, 0.000000000000000000, 1.000000000000000000 ) ) ;
#4910 = AXIS2_PLACEMENT_3D ( 'NONE', #4821, #583, #6658 ) ;
#4911 = AXIS2_PLACEMENT_3D ( 'NONE', #1759, #1118, #2933 ) ;
#4912 = DIRECTION ( 'NONE',  ( 1.000000000000000000, 0.000000000000000000, 0.000000000000000000 ) ) ;
#4913 = DIRECTION ( 'NONE',  ( 1.000000000000000000, 0.000000000000000000, 0.000000000000000000 ) ) ;
#4914 = AXIS2_PLACEMENT_3D ( 'NONE', #6322, #1947, #7374 ) ;
#4915 = DIRECTION ( 'NONE',  ( 0.000000000000000000, 0.000000000000000000, 1.000000000000000000 ) ) ;
#4916 = CIRCLE ( 'NONE', #1437, 0.5000000000000008882 ) ;
#4917 = DIRECTION ( 'NONE',  ( 1.000000000000000000, 0.000000000000000000, 0.000000000000000000 ) ) ;
#4918 = CIRCLE ( 'NONE', #5050, 0.5000000000000004441 ) ;
#4919 = ORIENTED_EDGE ( 'NONE', *, *, #4615, .F. ) ;
#4920 = EDGE_CURVE ( 'NONE', #7717, #3001, #5819, .T. ) ;
#4921 = ORIENTED_EDGE ( 'NONE', *, *, #7014, .F. ) ;
#4922 = CARTESIAN_POINT ( 'NONE',  ( 14.99999999999999645, 3.000000000000002665, -8.000000000000000000 ) ) ;
#4923 = APPLICATION_CONTEXT ( 'automotive_design' ) ;
#4924 = DIRECTION ( 'NONE',  ( 1.000000000000000000, 0.000000000000000000, 0.000000000000000000 ) ) ;
#4925 = DIRECTION ( 'NONE',  ( 1.000000000000000000, -0.000000000000000000, -0.000000000000000000 ) ) ;
#4926 = VERTEX_POINT ( 'NONE', #2835 ) ;
#4927 = VECTOR ( 'NONE', #2688, 1000.000000000000000 ) ;
#4928 = LINE ( 'NONE', #5625, #2905 ) ;
#4929 = CYLINDRICAL_SURFACE ( 'NONE', #5208, 0.5000000000000004441 ) ;
#4930 = EDGE_CURVE ( 'NONE', #8002, #5528, #5301, .T. ) ;
#4931 = CYLINDRICAL_SURFACE ( 'NONE', #4255, 0.5000000000000008882 ) ;
#4932 = FACE_BOUND ( 'NONE', #7499, .T. ) ;
#4933 = DIRECTION ( 'NONE',  ( 1.000000000000000000, 0.000000000000000000, 0.000000000000000000 ) ) ;
#4934 = DIRECTION ( 'NONE',  ( -0.000000000000000000, -0.000000000000000000, 1.000000000000000000 ) ) ;
#4935 = CIRCLE ( 'NONE', #7528, 0.5000000000000004441 ) ;
#4936 = EDGE_LOOP ( 'NONE', ( #3179, #1039, #1653, #7372 ) ) ;
#4937 = VERTEX_POINT ( 'NONE', #4198 ) ;
#4938 = ORIENTED_EDGE ( 'NONE', *, *, #2711, .T. ) ;
#4939 = AXIS2_PLACEMENT_3D ( 'NONE', #1031, #1720, #4748 ) ;
#4940 = CYLINDRICAL_SURFACE ( 'NONE', #72, 0.5000000000000004441 ) ;
#4941 = AXIS2_PLACEMENT_3D ( 'NONE', #1928, #3795, #6273 ) ;
#4942 = EDGE_LOOP ( 'NONE', ( #2139, #304, #6944, #5926 ) ) ;
#4943 = ORIENTED_EDGE ( 'NONE', *, *, #2360, .F. ) ;
#4944 = AXIS2_PLACEMENT_3D ( 'NONE', #5371, #7849, #360 ) ;
#4945 = DIRECTION ( 'NONE',  ( 1.000000000000000000, 0.000000000000000000, 0.000000000000000000 ) ) ;
#4946 = ADVANCED_FACE ( 'NONE', ( #2149 ), #7980, .F. ) ;
#4947 = AXIS2_PLACEMENT_3D ( 'NONE', #411, #7248, #5341 ) ;
#4948 = VERTEX_POINT ( 'NONE', #2378 ) ;
#4949 = ORIENTED_EDGE ( 'NONE', *, *, #2607, .F. ) ;
#4950 = DIRECTION ( 'NONE',  ( -0.000000000000000000, -0.000000000000000000, 1.000000000000000000 ) ) ;
#4951 = ORIENTED_EDGE ( 'NONE', *, *, #4076, .T. ) ;
#4952 = CARTESIAN_POINT ( 'NONE',  ( 9.499999999999998224, 28.00000000000000000, 0.000000000000000000 ) ) ;
#4953 = CARTESIAN_POINT ( 'NONE',  ( -14.49999999999999822, -32.00000000000000000, 0.000000000000000000 ) ) ;
#4954 = ORIENTED_EDGE ( 'NONE', *, *, #859, .F. ) ;
#4955 = DIRECTION ( 'NONE',  ( 1.000000000000000000, 0.000000000000000000, 0.000000000000000000 ) ) ;
#4956 = EDGE_LOOP ( 'NONE', ( #5214, #2789 ) ) ;
#4957 = LINE ( 'NONE', #637, #354 ) ;
#4958 = DIRECTION ( 'NONE',  ( -0.000000000000000000, -0.000000000000000000, 1.000000000000000000 ) ) ;
#4959 = EDGE_CURVE ( 'NONE', #173, #632, #1539, .T. ) ;
#4960 = FACE_OUTER_BOUND ( 'NONE', #3823, .T. ) ;
#4961 = CARTESIAN_POINT ( 'NONE',  ( 14.99999999999999645, 13.00000000000000178, -8.000000000000000000 ) ) ;
#4962 = ORIENTED_EDGE ( 'NONE', *, *, #314, .T. ) ;
#4963 = DIRECTION ( 'NONE',  ( 1.000000000000000000, 0.000000000000000000, 0.000000000000000000 ) ) ;
#4964 = FACE_OUTER_BOUND ( 'NONE', #7085, .T. ) ;
#4965 = FACE_OUTER_BOUND ( 'NONE', #7998, .T. ) ;
#4966 = ORIENTED_EDGE ( 'NONE', *, *, #7955, .F. ) ;
#4967 = EDGE_CURVE ( 'NONE', #3856, #1362, #3248, .T. ) ;
#4968 = CARTESIAN_POINT ( 'NONE',  ( -10.00000000000000000, -32.00000000000000000, 2.000000000000000000 ) ) ;
#4969 = CARTESIAN_POINT ( 'NONE',  ( -15.50000000000000178, 3.000000000000002665, 2.000000000000000000 ) ) ;
#4970 = CARTESIAN_POINT ( 'NONE',  ( -6.299999999999995381, -14.05000000000000071, 2.000000000000000000 ) ) ;
#4971 = CIRCLE ( 'NONE', #3180, 0.5000000000000008882 ) ;
#4972 = CARTESIAN_POINT ( 'NONE',  ( -14.50000000000000178, 28.00000000000000000, 2.000000000000000000 ) ) ;
#4973 = DIRECTION ( 'NONE',  ( 1.000000000000000000, 0.000000000000000000, 0.000000000000000000 ) ) ;
#4974 = EDGE_LOOP ( 'NONE', ( #3183, #7706, #1444, #548 ) ) ;
#4975 = ORIENTED_EDGE ( 'NONE', *, *, #4483, .T. ) ;
#4976 = ORIENTED_EDGE ( 'NONE', *, *, #5102, .F. ) ;
#4977 = AXIS2_PLACEMENT_3D ( 'NONE', #3130, #6905, #1904 ) ;
#4978 = EDGE_CURVE ( 'NONE', #5248, #3171, #6990, .T. ) ;
#4979 = CARTESIAN_POINT ( 'NONE',  ( 17.30937500000000284, 38.50000000000000000, 2.000000000000000000 ) ) ;
#4980 = ORIENTED_EDGE ( 'NONE', *, *, #1014, .T. ) ;
#4981 = ORIENTED_EDGE ( 'NONE', *, *, #2321, .T. ) ;
#4982 = LINE ( 'NONE', #3216, #2318 ) ;
#4983 = VERTEX_POINT ( 'NONE', #8025 ) ;
#4984 = DIRECTION ( 'NONE',  ( -4.205390244792259585E-17, 1.000000000000000000, 0.000000000000000000 ) ) ;
#4985 = ORIENTED_EDGE ( 'NONE', *, *, #130, .F. ) ;
#4986 = CARTESIAN_POINT ( 'NONE',  ( -14.50000000000000000, -6.999999999999999112, 0.000000000000000000 ) ) ;
#4987 = EDGE_CURVE ( 'NONE', #7820, #6364, #6777, .T. ) ;
#4988 = DIRECTION ( 'NONE',  ( 1.000000000000000000, 0.000000000000000000, 0.000000000000000000 ) ) ;
#4989 = VERTEX_POINT ( 'NONE', #6155 ) ;
#4990 = CARTESIAN_POINT ( 'NONE',  ( -10.00000000000000178, -11.99999999999999645, -8.000000000000000000 ) ) ;
#4991 = ORIENTED_EDGE ( 'NONE', *, *, #3277, .F. ) ;
#4992 = DIRECTION ( 'NONE',  ( -0.000000000000000000, -0.000000000000000000, 1.000000000000000000 ) ) ;
#4993 = DIRECTION ( 'NONE',  ( 0.000000000000000000, 0.000000000000000000, 1.000000000000000000 ) ) ;
#4994 = FACE_BOUND ( 'NONE', #1032, .T. ) ;
#4995 = VECTOR ( 'NONE', #4817, 1000.000000000000000 ) ;
#4996 = CARTESIAN_POINT ( 'NONE',  ( -6.641006692158093472, -3.050000000000000711, 0.000000000000000000 ) ) ;
#4997 = EDGE_CURVE ( 'NONE', #7611, #7635, #4774, .T. ) ;
#4998 = ORIENTED_EDGE ( 'NONE', *, *, #7674, .F. ) ;
#4999 = ORIENTED_EDGE ( 'NONE', *, *, #4882, .F. ) ;
#5000 = LINE ( 'NONE', #1253, #2221 ) ;
#5001 = DIRECTION ( 'NONE',  ( 1.000000000000000000, 0.000000000000000000, 0.000000000000000000 ) ) ;
#5002 = DIRECTION ( 'NONE',  ( -0.000000000000000000, -0.000000000000000000, 1.000000000000000000 ) ) ;
#5003 = VERTEX_POINT ( 'NONE', #1225 ) ;
#5004 = CYLINDRICAL_SURFACE ( 'NONE', #3495, 0.5000000000000004441 ) ;
#5005 = FACE_OUTER_BOUND ( 'NONE', #7862, .T. ) ;
#5006 = DIRECTION ( 'NONE',  ( -1.000000000000000000, -0.000000000000000000, -0.000000000000000000 ) ) ;
#5007 = DIRECTION ( 'NONE',  ( 1.000000000000000000, 0.000000000000000000, 0.000000000000000000 ) ) ;
#5008 = EDGE_CURVE ( 'NONE', #518, #7291, #5909, .T. ) ;
#5009 = ADVANCED_FACE ( 'NONE', ( #7668 ), #2115, .F. ) ;
#5010 = DIRECTION ( 'NONE',  ( -0.000000000000000000, -0.000000000000000000, 1.000000000000000000 ) ) ;
#5011 = EDGE_LOOP ( 'NONE', ( #3786, #3931 ) ) ;
#5012 = VERTEX_POINT ( 'NONE', #7703 ) ;
#5013 = AXIS2_PLACEMENT_3D ( 'NONE', #193, #2661, #6403 ) ;
#5014 = ORIENTED_EDGE ( 'NONE', *, *, #6140, .T. ) ;
#5015 = DIRECTION ( 'NONE',  ( -0.000000000000000000, -0.000000000000000000, 1.000000000000000000 ) ) ;
#5016 = EDGE_LOOP ( 'NONE', ( #4802, #4001 ) ) ;
#5017 = CARTESIAN_POINT ( 'NONE',  ( 9.499999999999998224, 23.00000000000000000, -8.000000000000000000 ) ) ;
#5018 = AXIS2_PLACEMENT_3D ( 'NONE', #5156, #7636, #3350 ) ;
#5019 = VERTEX_POINT ( 'NONE', #2148 ) ;
#5020 = PLANE ( 'NONE',  #7383 ) ;
#5021 = EDGE_LOOP ( 'NONE', ( #2892, #4537, #2794, #331 ) ) ;
#5022 = CARTESIAN_POINT ( 'NONE',  ( -0.5000000000000043299, 18.00000000000000355, 0.000000000000000000 ) ) ;
#5023 = ORIENTED_EDGE ( 'NONE', *, *, #3717, .F. ) ;
#5024 = EDGE_CURVE ( 'NONE', #1129, #7667, #1428, .T. ) ;
#5025 = CARTESIAN_POINT ( 'NONE',  ( 5.878785113032511397E-16, -3.049999999999999378, 2.000000000000000000 ) ) ;
#5026 = ORIENTED_EDGE ( 'NONE', *, *, #2215, .T. ) ;
#5027 = VERTEX_POINT ( 'NONE', #6454 ) ;
#5028 = DIRECTION ( 'NONE',  ( -0.000000000000000000, -0.000000000000000000, 1.000000000000000000 ) ) ;
#5029 = CYLINDRICAL_SURFACE ( 'NONE', #7671, 0.5000000000000004441 ) ;
#5030 = AXIS2_PLACEMENT_3D ( 'NONE', #2935, #5441, #7923 ) ;
#5031 = FACE_BOUND ( 'NONE', #5462, .T. ) ;
#5032 = FACE_OUTER_BOUND ( 'NONE', #2110, .T. ) ;
#5033 = EDGE_CURVE ( 'NONE', #3527, #3869, #5186, .T. ) ;
#5034 = EDGE_LOOP ( 'NONE', ( #53, #1306 ) ) ;
#5035 = VECTOR ( 'NONE', #4121, 1000.000000000000000 ) ;
#5036 = ORIENTED_EDGE ( 'NONE', *, *, #1670, .F. ) ;
#5037 = LINE ( 'NONE', #73, #2040 ) ;
#5038 = CARTESIAN_POINT ( 'NONE',  ( -4.999999999999999112, -26.99999999999999645, 0.000000000000000000 ) ) ;
#5039 = ORIENTED_EDGE ( 'NONE', *, *, #6166, .F. ) ;
#5040 = CIRCLE ( 'NONE', #1550, 0.5000000000000004441 ) ;
#5041 = VECTOR ( 'NONE', #901, 1000.000000000000000 ) ;
#5042 = LINE ( 'NONE', #992, #5565 ) ;
#5043 = AXIS2_PLACEMENT_3D ( 'NONE', #7565, #7602, #5818 ) ;
#5044 = LINE ( 'NONE', #225, #3919 ) ;
#5045 = CARTESIAN_POINT ( 'NONE',  ( -15.50000000000000178, 8.000000000000000000, 2.000000000000000000 ) ) ;
#5046 = DIRECTION ( 'NONE',  ( 1.000000000000000000, 0.000000000000000000, 0.000000000000000000 ) ) ;
#5047 = DIRECTION ( 'NONE',  ( 0.000000000000000000, 0.000000000000000000, 1.000000000000000000 ) ) ;
#5048 = ORIENTED_EDGE ( 'NONE', *, *, #3622, .F. ) ;
#5049 = AXIS2_PLACEMENT_3D ( 'NONE', #6226, #689, #3156 ) ;
#5050 = AXIS2_PLACEMENT_3D ( 'NONE', #2036, #3862, #2082 ) ;
#5051 = EDGE_CURVE ( 'NONE', #1355, #4075, #2839, .T. ) ;
#5052 = FACE_OUTER_BOUND ( 'NONE', #3610, .T. ) ;
#5053 = VERTEX_POINT ( 'NONE', #2184 ) ;
#5054 = DIRECTION ( 'NONE',  ( 1.000000000000000000, 0.000000000000000000, 0.000000000000000000 ) ) ;
#5055 = VECTOR ( 'NONE', #3395, 1000.000000000000000 ) ;
#5056 = CIRCLE ( 'NONE', #3774, 1.190625000000000711 ) ;
#5057 = EDGE_LOOP ( 'NONE', ( #2469, #5159 ) ) ;
#5058 = VERTEX_POINT ( 'NONE', #370 ) ;
#5059 = DIRECTION ( 'NONE',  ( 0.000000000000000000, -0.000000000000000000, 1.000000000000000000 ) ) ;
#5060 = AXIS2_PLACEMENT_3D ( 'NONE', #5522, #596, #4870 ) ;
#5061 = ORIENTED_EDGE ( 'NONE', *, *, #3807, .F. ) ;
#5062 = DIRECTION ( 'NONE',  ( 1.000000000000000000, 0.000000000000000000, 0.000000000000000000 ) ) ;
#5063 = AXIS2_PLACEMENT_3D ( 'NONE', #7532, #3209, #5046 ) ;
#5064 = CIRCLE ( 'NONE', #7020, 0.5000000000000004441 ) ;
#5065 = DIRECTION ( 'NONE',  ( 1.000000000000000000, 0.000000000000000000, 0.000000000000000000 ) ) ;
#5066 = ADVANCED_FACE ( 'NONE', ( #5763 ), #1473, .F. ) ;
#5067 = VERTEX_POINT ( 'NONE', #864 ) ;
#5068 = ADVANCED_FACE ( 'NONE', ( #940 ), #1504, .F. ) ;
#5069 = CIRCLE ( 'NONE', #1576, 0.5000000000000004441 ) ;
#5070 = CIRCLE ( 'NONE', #1197, 0.5000000000000004441 ) ;
#5071 = CYLINDRICAL_SURFACE ( 'NONE', #1638, 0.5000000000000004441 ) ;
#5072 = CIRCLE ( 'NONE', #3008, 0.5000000000000004441 ) ;
#5073 = ORIENTED_EDGE ( 'NONE', *, *, #1722, .T. ) ;
#5074 = DIRECTION ( 'NONE',  ( 1.000000000000000000, 0.000000000000000000, 0.000000000000000000 ) ) ;
#5075 = DIRECTION ( 'NONE',  ( 0.000000000000000000, 0.000000000000000000, 1.000000000000000000 ) ) ;
#5076 = EDGE_CURVE ( 'NONE', #6333, #1319, #5838, .T. ) ;
#5077 = AXIS2_PLACEMENT_3D ( 'NONE', #5161, #6311, #188 ) ;
#5078 = FACE_BOUND ( 'NONE', #1825, .T. ) ;
#5079 = CARTESIAN_POINT ( 'NONE',  ( -15.00000000000000355, 33.00000000000000000, -8.000000000000000000 ) ) ;
#5080 = ORIENTED_EDGE ( 'NONE', *, *, #4327, .T. ) ;
#5081 = VERTEX_POINT ( 'NONE', #206 ) ;
#5082 = CARTESIAN_POINT ( 'NONE',  ( -10.00000000000000178, -6.999999999999999112, 2.000000000000000000 ) ) ;
#5083 = DIRECTION ( 'NONE',  ( -0.000000000000000000, 0.000000000000000000, 1.000000000000000000 ) ) ;
#5084 = EDGE_LOOP ( 'NONE', ( #381, #2849, #7913, #4338 ) ) ;
#5085 = EDGE_CURVE ( 'NONE', #1384, #5481, #1538, .T. ) ;
#5086 = DIRECTION ( 'NONE',  ( -0.000000000000000000, -0.000000000000000000, 1.000000000000000000 ) ) ;
#5087 = LINE ( 'NONE', #3870, #2883 ) ;
#5088 = DIRECTION ( 'NONE',  ( -0.000000000000000000, 0.000000000000000000, 1.000000000000000000 ) ) ;
#5089 = DIRECTION ( 'NONE',  ( -0.000000000000000000, -0.000000000000000000, 1.000000000000000000 ) ) ;
#5090 = EDGE_LOOP ( 'NONE', ( #578, #6369 ) ) ;
#5091 = EDGE_CURVE ( 'NONE', #1239, #6098, #2314, .T. ) ;
#5092 = CARTESIAN_POINT ( 'NONE',  ( -4.499999999999999112, -32.00000000000000000, -8.000000000000000000 ) ) ;
#5093 = EDGE_LOOP ( 'NONE', ( #7984, #4078 ) ) ;
#5094 = CARTESIAN_POINT ( 'NONE',  ( -1.734723475976807094E-15, 13.00000000000000178, 0.000000000000000000 ) ) ;
#5095 = EDGE_LOOP ( 'NONE', ( #1075, #7486 ) ) ;
#5096 = CIRCLE ( 'NONE', #5229, 0.5000000000000004441 ) ;
#5097 = CARTESIAN_POINT ( 'NONE',  ( -9.500000000000000000, -32.00000000000000000, -8.000000000000000000 ) ) ;
#5098 = EDGE_LOOP ( 'NONE', ( #7082, #5023, #6027, #453 ) ) ;
#5099 = FACE_OUTER_BOUND ( 'NONE', #1416, .T. ) ;
#5100 = ORIENTED_EDGE ( 'NONE', *, *, #2269, .T. ) ;
#5101 = DIRECTION ( 'NONE',  ( -0.000000000000000000, -0.000000000000000000, 1.000000000000000000 ) ) ;
#5102 = EDGE_CURVE ( 'NONE', #5850, #3413, #3372, .T. ) ;
#5103 = ADVANCED_FACE ( 'NONE', ( #293 ), #2760, .F. ) ;
#5104 = ORIENTED_EDGE ( 'NONE', *, *, #7880, .T. ) ;
#5105 = CARTESIAN_POINT ( 'NONE',  ( 9.499999999999998224, 13.00000000000000178, -8.000000000000000000 ) ) ;
#5106 = CIRCLE ( 'NONE', #6158, 0.5000000000000004441 ) ;
#5107 = CARTESIAN_POINT ( 'NONE',  ( -17.30937500000000284, -38.50000000000000000, 2.000000000000000000 ) ) ;
#5108 = CARTESIAN_POINT ( 'NONE',  ( -15.50000000000000000, -26.99999999999999645, 2.000000000000000000 ) ) ;
#5109 = FACE_BOUND ( 'NONE', #3137, .T. ) ;
#5110 = DIRECTION ( 'NONE',  ( 1.000000000000000000, 0.000000000000000000, 0.000000000000000000 ) ) ;
#5111 = CARTESIAN_POINT ( 'NONE',  ( -10.00000000000000178, 18.00000000000000355, 0.000000000000000000 ) ) ;
#5112 = ORIENTED_EDGE ( 'NONE', *, *, #4248, .F. ) ;
#5113 = VERTEX_POINT ( 'NONE', #7135 ) ;
#5114 = DIRECTION ( 'NONE',  ( -0.000000000000000000, -0.000000000000000000, 1.000000000000000000 ) ) ;
#5115 = CARTESIAN_POINT ( 'NONE',  ( 15.00000000000000000, -6.999999999999999112, -8.000000000000000000 ) ) ;
#5116 = VERTEX_POINT ( 'NONE', #1583 ) ;
#5117 = AXIS2_PLACEMENT_3D ( 'NONE', #7174, #452, #4043 ) ;
#5118 = SURFACE_SIDE_STYLE ('',( #6929 ) ) ;
#5119 = AXIS2_PLACEMENT_3D ( 'NONE', #1098, #3566, #4731 ) ;
#5120 = DIRECTION ( 'NONE',  ( -0.000000000000000000, -0.000000000000000000, 1.000000000000000000 ) ) ;
#5121 = DIRECTION ( 'NONE',  ( -0.000000000000000000, 0.000000000000000000, 1.000000000000000000 ) ) ;
#5122 = DIRECTION ( 'NONE',  ( 1.000000000000000000, 0.000000000000000000, 0.000000000000000000 ) ) ;
#5123 = AXIS2_PLACEMENT_3D ( 'NONE', #1663, #1109, #3575 ) ;
#5124 = DIRECTION ( 'NONE',  ( 1.000000000000000000, 0.000000000000000000, 0.000000000000000000 ) ) ;
#5125 = CARTESIAN_POINT ( 'NONE',  ( -5.500000000000003553, 18.00000000000000355, 2.000000000000000000 ) ) ;
#5126 = EDGE_CURVE ( 'NONE', #4596, #4136, #656, .T. ) ;
#5127 = EDGE_LOOP ( 'NONE', ( #194, #7899, #40, #6055 ) ) ;
#5128 = DIRECTION ( 'NONE',  ( 1.000000000000000000, 0.000000000000000000, 0.000000000000000000 ) ) ;
#5129 = DIRECTION ( 'NONE',  ( -0.000000000000000000, -0.000000000000000000, 1.000000000000000000 ) ) ;
#5130 = ORIENTED_EDGE ( 'NONE', *, *, #2171, .F. ) ;
#5131 = DIRECTION ( 'NONE',  ( -0.000000000000000000, -0.000000000000000000, 1.000000000000000000 ) ) ;
#5132 = EDGE_CURVE ( 'NONE', #2756, #2651, #4649, .T. ) ;
#5133 = CIRCLE ( 'NONE', #226, 0.5000000000000004441 ) ;
#5134 = ORIENTED_EDGE ( 'NONE', *, *, #3853, .T. ) ;
#5135 = LINE ( 'NONE', #166, #2846 ) ;
#5136 = ORIENTED_EDGE ( 'NONE', *, *, #1844, .F. ) ;
#5137 = DIRECTION ( 'NONE',  ( 0.000000000000000000, 0.000000000000000000, 1.000000000000000000 ) ) ;
#5138 = DIRECTION ( 'NONE',  ( 1.000000000000000000, 0.000000000000000000, 0.000000000000000000 ) ) ;
#5139 = EDGE_CURVE ( 'NONE', #464, #7278, #3447, .T. ) ;
#5140 = ORIENTED_EDGE ( 'NONE', *, *, #1087, .T. ) ;
#5141 = AXIS2_PLACEMENT_3D ( 'NONE', #1446, #874, #1517 ) ;
#5142 = DIRECTION ( 'NONE',  ( -0.000000000000000000, -0.000000000000000000, 1.000000000000000000 ) ) ;
#5143 = CARTESIAN_POINT ( 'NONE',  ( -5.000000000000000888, 8.000000000000000000, -8.000000000000000000 ) ) ;
#5144 = VERTEX_POINT ( 'NONE', #3935 ) ;
#5145 = EDGE_LOOP ( 'NONE', ( #1333, #2804 ) ) ;
#5146 = DIRECTION ( 'NONE',  ( -0.000000000000000000, -0.000000000000000000, 1.000000000000000000 ) ) ;
#5147 = VECTOR ( 'NONE', #1595, 1000.000000000000000 ) ;
#5148 = DIRECTION ( 'NONE',  ( 1.000000000000000000, 0.000000000000000000, 0.000000000000000000 ) ) ;
#5149 = LINE ( 'NONE', #1509, #3211 ) ;
#5150 = EDGE_CURVE ( 'NONE', #4699, #3742, #5162, .T. ) ;
#5151 = FACE_BOUND ( 'NONE', #1237, .T. ) ;
#5152 = PLANE ( 'NONE',  #6882 ) ;
#5153 = ORIENTED_EDGE ( 'NONE', *, *, #2561, .F. ) ;
#5154 = FACE_BOUND ( 'NONE', #4551, .T. ) ;
#5155 = ORIENTED_EDGE ( 'NONE', *, *, #2339, .T. ) ;
#5156 = CARTESIAN_POINT ( 'NONE',  ( -18.50000000000000355, 38.50000000000000000, 0.000000000000000000 ) ) ;
#5157 = CIRCLE ( 'NONE', #4115, 0.5000000000000004441 ) ;
#5158 = DIRECTION ( 'NONE',  ( 4.205390244792259585E-17, -1.000000000000000000, 0.000000000000000000 ) ) ;
#5159 = ORIENTED_EDGE ( 'NONE', *, *, #3683, .F. ) ;
#5160 = DIRECTION ( 'NONE',  ( -0.000000000000000000, -0.000000000000000000, 1.000000000000000000 ) ) ;
#5161 = CARTESIAN_POINT ( 'NONE',  ( 18.50000000000000355, 38.50000000000000000, 2.000000000000000000 ) ) ;
#5162 = CIRCLE ( 'NONE', #3995, 0.5000000000000008882 ) ;
#5163 = EDGE_CURVE ( 'NONE', #3413, #7291, #3655, .T. ) ;
#5164 = CARTESIAN_POINT ( 'NONE',  ( -15.00000000000000178, 8.000000000000000000, -8.000000000000000000 ) ) ;
#5165 = CARTESIAN_POINT ( 'NONE',  ( -15.50000000000000178, -6.999999999999999112, 2.000000000000000000 ) ) ;
#5166 = DIRECTION ( 'NONE',  ( -0.000000000000000000, 0.000000000000000000, 1.000000000000000000 ) ) ;
#5167 = ORIENTED_EDGE ( 'NONE', *, *, #2202, .F. ) ;
#5168 = AXIS2_PLACEMENT_3D ( 'NONE', #967, #6366, #7729 ) ;
#5169 = VECTOR ( 'NONE', #1747, 1000.000000000000000 ) ;
#5170 = EDGE_CURVE ( 'NONE', #1819, #3542, #1671, .T. ) ;
#5171 = CARTESIAN_POINT ( 'NONE',  ( 10.49999999999999822, 33.00000000000000000, 2.000000000000000000 ) ) ;
#5172 = ORIENTED_EDGE ( 'NONE', *, *, #3820, .F. ) ;
#5173 = CARTESIAN_POINT ( 'NONE',  ( 9.500000000000001776, -26.99999999999999645, -8.000000000000000000 ) ) ;
#5174 = CIRCLE ( 'NONE', #3124, 1.190625000000000711 ) ;
#5175 = AXIS2_PLACEMENT_3D ( 'NONE', #6919, #3906, #3861 ) ;
#5176 = AXIS2_PLACEMENT_3D ( 'NONE', #5079, #906, #3944 ) ;
#5177 = AXIS2_PLACEMENT_3D ( 'NONE', #631, #1195, #4988 ) ;
#5178 = ORIENTED_EDGE ( 'NONE', *, *, #5644, .T. ) ;
#5179 = ORIENTED_EDGE ( 'NONE', *, *, #852, .F. ) ;
#5180 = CARTESIAN_POINT ( 'NONE',  ( -4.499999999999999112, -32.00000000000000000, 0.000000000000000000 ) ) ;
#5181 = DIRECTION ( 'NONE',  ( 0.000000000000000000, 0.000000000000000000, 1.000000000000000000 ) ) ;
#5182 = AXIS2_PLACEMENT_3D ( 'NONE', #5976, #391, #2977 ) ;
#5183 = AXIS2_PLACEMENT_3D ( 'NONE', #7746, #1110, #7710 ) ;
#5184 = VERTEX_POINT ( 'NONE', #1705 ) ;
#5185 = EDGE_CURVE ( 'NONE', #7184, #205, #6736, .T. ) ;
#5186 = LINE ( 'NONE', #832, #3492 ) ;
#5187 = CARTESIAN_POINT ( 'NONE',  ( 5.000000000000000888, -22.00000000000000000, 2.000000000000000000 ) ) ;
#5188 = CIRCLE ( 'NONE', #5602, 0.5000000000000004441 ) ;
#5189 = CIRCLE ( 'NONE', #3905, 0.5000000000000004441 ) ;
#5190 = EDGE_LOOP ( 'NONE', ( #6654, #4876 ) ) ;
#5191 = AXIS2_PLACEMENT_3D ( 'NONE', #3986, #7043, #2016 ) ;
#5192 = DIRECTION ( 'NONE',  ( 1.000000000000000000, 0.000000000000000000, 0.000000000000000000 ) ) ;
#5194 = EDGE_CURVE ( 'NONE', #5053, #1347, #2712, .T. ) ;
#5193 = CARTESIAN_POINT ( 'NONE',  ( -1.734723475976807094E-15, -2.000000000000001776, -8.000000000000000000 ) ) ;
#5195 = EDGE_CURVE ( 'NONE', #1703, #5774, #7860, .T. ) ;
#5196 = CIRCLE ( 'NONE', #5846, 0.5000000000000004441 ) ;
#5197 = FACE_BOUND ( 'NONE', #6144, .T. ) ;
#5198 = CIRCLE ( 'NONE', #2871, 0.5000000000000004441 ) ;
#5199 = DIRECTION ( 'NONE',  ( 1.000000000000000000, 0.000000000000000000, 0.000000000000000000 ) ) ;
#5200 = CARTESIAN_POINT ( 'NONE',  ( -4.500000000000000888, -2.000000000000001776, 0.000000000000000000 ) ) ;
#5201 = ORIENTED_EDGE ( 'NONE', *, *, #6737, .F. ) ;
#5202 = CARTESIAN_POINT ( 'NONE',  ( -15.00000000000000355, 23.00000000000000000, 0.000000000000000000 ) ) ;
#5203 = ORIENTED_EDGE ( 'NONE', *, *, #5397, .F. ) ;
#5204 = LINE ( 'NONE', #952, #5399 ) ;
#5205 = EDGE_CURVE ( 'NONE', #1506, #5116, #1063, .T. ) ;
#5206 = CARTESIAN_POINT ( 'NONE',  ( 5.000000000000000888, -17.00000000000000000, 0.000000000000000000 ) ) ;
#5207 = VERTEX_POINT ( 'NONE', #3608 ) ;
#5208 = AXIS2_PLACEMENT_3D ( 'NONE', #3241, #811, #6930 ) ;
#5209 = LINE ( 'NONE', #2897, #4657 ) ;
#5210 = DIRECTION ( 'NONE',  ( 1.000000000000000000, 0.000000000000000000, 0.000000000000000000 ) ) ;
#5211 = CARTESIAN_POINT ( 'NONE',  ( 4.999999999999997335, 13.00000000000000178, 0.000000000000000000 ) ) ;
#5212 = DIRECTION ( 'NONE',  ( 0.000000000000000000, 0.000000000000000000, 1.000000000000000000 ) ) ;
#5213 = LINE ( 'NONE', #2782, #6841 ) ;
#5214 = ORIENTED_EDGE ( 'NONE', *, *, #2605, .F. ) ;
#5215 = EDGE_CURVE ( 'NONE', #4937, #1230, #5290, .T. ) ;
#5216 = CARTESIAN_POINT ( 'NONE',  ( -14.50000000000000178, 28.00000000000000000, 0.000000000000000000 ) ) ;
#5217 = EDGE_LOOP ( 'NONE', ( #4586, #5678 ) ) ;
#5218 = DIRECTION ( 'NONE',  ( 1.000000000000000000, 0.000000000000000000, 0.000000000000000000 ) ) ;
#5219 = ORIENTED_EDGE ( 'NONE', *, *, #3466, .F. ) ;
#5220 = ADVANCED_FACE ( 'NONE', ( #2432 ), #1621, .F. ) ;
#5221 = ORIENTED_EDGE ( 'NONE', *, *, #5506, .F. ) ;
#5222 = VERTEX_POINT ( 'NONE', #5344 ) ;
#5223 = CARTESIAN_POINT ( 'NONE',  ( 10.49999999999999822, 18.00000000000000355, 2.000000000000000000 ) ) ;
#5224 = CARTESIAN_POINT ( 'NONE',  ( -10.00000000000000178, 18.00000000000000355, -8.000000000000000000 ) ) ;
#5225 = EDGE_CURVE ( 'NONE', #1419, #1126, #3752, .T. ) ;
#5226 = ORIENTED_EDGE ( 'NONE', *, *, #1378, .F. ) ;
#5227 = CARTESIAN_POINT ( 'NONE',  ( -10.00000000000000178, 33.00000000000000000, -8.000000000000000000 ) ) ;
#5228 = DIRECTION ( 'NONE',  ( 0.000000000000000000, 0.000000000000000000, 1.000000000000000000 ) ) ;
#5229 = AXIS2_PLACEMENT_3D ( 'NONE', #1986, #196, #3881 ) ;
#5230 = VERTEX_POINT ( 'NONE', #4735 ) ;
#5231 = DIRECTION ( 'NONE',  ( -0.000000000000000000, -0.000000000000000000, 1.000000000000000000 ) ) ;
#5232 = EDGE_CURVE ( 'NONE', #5353, #3926, #1806, .T. ) ;
#5233 = FACE_OUTER_BOUND ( 'NONE', #3653, .T. ) ;
#5234 = CIRCLE ( 'NONE', #5635, 0.5000000000000004441 ) ;
#5235 = FACE_BOUND ( 'NONE', #4239, .T. ) ;
#5236 = DIRECTION ( 'NONE',  ( -0.000000000000000000, -0.000000000000000000, 1.000000000000000000 ) ) ;
#5237 = ORIENTED_EDGE ( 'NONE', *, *, #159, .F. ) ;
#5238 = CARTESIAN_POINT ( 'NONE',  ( -1.734723475976807094E-15, -17.00000000000000000, 2.000000000000000000 ) ) ;
#5239 = ORIENTED_EDGE ( 'NONE', *, *, #574, .T. ) ;
#5240 = DIRECTION ( 'NONE',  ( -0.000000000000000000, 1.000000000000000000, -0.000000000000000000 ) ) ;
#5241 = DIRECTION ( 'NONE',  ( -0.000000000000000000, -0.000000000000000000, 1.000000000000000000 ) ) ;
#5242 = EDGE_LOOP ( 'NONE', ( #1073, #4131 ) ) ;
#5243 = CARTESIAN_POINT ( 'NONE',  ( 15.00000000000000000, -17.00000000000000000, 2.000000000000000000 ) ) ;
#5244 = EDGE_CURVE ( 'NONE', #4232, #5476, #6573, .T. ) ;
#5245 = CARTESIAN_POINT ( 'NONE',  ( 10.49999999999999822, 33.00000000000000000, -8.000000000000000000 ) ) ;
#5246 = DIRECTION ( 'NONE',  ( -0.000000000000000000, -0.000000000000000000, 1.000000000000000000 ) ) ;
#5247 = DIRECTION ( 'NONE',  ( 1.000000000000000000, 0.000000000000000000, 0.000000000000000000 ) ) ;
#5248 = VERTEX_POINT ( 'NONE', #2348 ) ;
#5249 = CYLINDRICAL_SURFACE ( 'NONE', #6410, 0.5000000000000004441 ) ;
#5250 = EDGE_CURVE ( 'NONE', #2225, #7434, #1941, .T. ) ;
#5252 = EDGE_CURVE ( 'NONE', #2756, #2531, #1744, .T. ) ;
#5251 = ORIENTED_EDGE ( 'NONE', *, *, #1409, .F. ) ;
#5253 = DIRECTION ( 'NONE',  ( -0.000000000000000000, -0.000000000000000000, 1.000000000000000000 ) ) ;
#5254 = ORIENTED_EDGE ( 'NONE', *, *, #3796, .F. ) ;
#5255 = VERTEX_POINT ( 'NONE', #491 ) ;
#5256 = EDGE_LOOP ( 'NONE', ( #4376, #2136, #7738, #803 ) ) ;
#5257 = CARTESIAN_POINT ( 'NONE',  ( -5.000000000000000888, -17.00000000000000000, -8.000000000000000000 ) ) ;
#5258 = VERTEX_POINT ( 'NONE', #2391 ) ;
#5259 = DIRECTION ( 'NONE',  ( 1.000000000000000000, 0.000000000000000000, 0.000000000000000000 ) ) ;
#5260 = CIRCLE ( 'NONE', #5910, 2.000000000000001776 ) ;
#5261 = DIRECTION ( 'NONE',  ( -1.000000000000000000, 0.000000000000000000, 0.000000000000000000 ) ) ;
#5262 = ORIENTED_EDGE ( 'NONE', *, *, #5170, .T. ) ;
#5263 = FACE_OUTER_BOUND ( 'NONE', #1502, .T. ) ;
#5264 = DIRECTION ( 'NONE',  ( 1.000000000000000000, 0.000000000000000000, 0.000000000000000000 ) ) ;
#5265 = CIRCLE ( 'NONE', #1783, 0.5000000000000008882 ) ;
#5266 = CARTESIAN_POINT ( 'NONE',  ( 4.999999999999997335, 8.000000000000000000, -8.000000000000000000 ) ) ;
#5267 = EDGE_CURVE ( 'NONE', #1520, #3673, #6077, .T. ) ;
#5268 = DIRECTION ( 'NONE',  ( -0.000000000000000000, -0.000000000000000000, 1.000000000000000000 ) ) ;
#5269 = EDGE_LOOP ( 'NONE', ( #3131, #7580, #2859, #3949 ) ) ;
#5270 = CIRCLE ( 'NONE', #7609, 0.5000000000000004441 ) ;
#5271 = DIRECTION ( 'NONE',  ( 0.000000000000000000, 0.000000000000000000, 1.000000000000000000 ) ) ;
#5272 = VERTEX_POINT ( 'NONE', #3004 ) ;
#5273 = DIRECTION ( 'NONE',  ( -0.000000000000000000, -0.000000000000000000, 1.000000000000000000 ) ) ;
#5274 = CYLINDRICAL_SURFACE ( 'NONE', #7265, 0.5000000000000004441 ) ;
#5275 = ORIENTED_EDGE ( 'NONE', *, *, #3877, .F. ) ;
#5276 = FACE_OUTER_BOUND ( 'NONE', #6868, .T. ) ;
#5277 = EDGE_CURVE ( 'NONE', #2635, #1918, #3620, .T. ) ;
#5278 = DIRECTION ( 'NONE',  ( 0.000000000000000000, 0.000000000000000000, 1.000000000000000000 ) ) ;
#5279 = DIRECTION ( 'NONE',  ( 0.000000000000000000, 0.000000000000000000, 1.000000000000000000 ) ) ;
#5280 = CARTESIAN_POINT ( 'NONE',  ( -14.50000000000000000, 8.000000000000000000, 2.000000000000000000 ) ) ;
#5281 = FACE_OUTER_BOUND ( 'NONE', #5373, .T. ) ;
#5282 = ORIENTED_EDGE ( 'NONE', *, *, #357, .F. ) ;
#5283 = CIRCLE ( 'NONE', #2308, 0.5000000000000008882 ) ;
#5284 = LINE ( 'NONE', #1608, #3941 ) ;
#5285 = EDGE_LOOP ( 'NONE', ( #3406, #5402, #7564, #7977 ) ) ;
#5286 = DIRECTION ( 'NONE',  ( -0.000000000000000000, -0.000000000000000000, 1.000000000000000000 ) ) ;
#5287 = FACE_BOUND ( 'NONE', #5905, .T. ) ;
#5288 = DIRECTION ( 'NONE',  ( -0.000000000000000000, -0.000000000000000000, 1.000000000000000000 ) ) ;
#5289 = ORIENTED_EDGE ( 'NONE', *, *, #6416, .F. ) ;
#5290 = CIRCLE ( 'NONE', #1545, 0.5000000000000004441 ) ;
#5291 = ORIENTED_EDGE ( 'NONE', *, *, #973, .T. ) ;
#5292 = EDGE_CURVE ( 'NONE', #3982, #6476, #416, .T. ) ;
#5293 = EDGE_LOOP ( 'NONE', ( #236, #3334 ) ) ;
#5294 = CARTESIAN_POINT ( 'NONE',  ( -6.299999999999995381, -20.54999999999999716, 0.000000000000000000 ) ) ;
#5295 = DIRECTION ( 'NONE',  ( 1.000000000000000000, 0.000000000000000000, 0.000000000000000000 ) ) ;
#5296 = EDGE_LOOP ( 'NONE', ( #4066, #3215, #3228, #3964 ) ) ;
#5297 = CIRCLE ( 'NONE', #663, 0.5000000000000004441 ) ;
#5298 = AXIS2_PLACEMENT_3D ( 'NONE', #6169, #6209, #4825 ) ;
#5299 = CARTESIAN_POINT ( 'NONE',  ( 4.999999999999997335, 23.00000000000000000, -8.000000000000000000 ) ) ;
#5300 = VECTOR ( 'NONE', #4812, 1000.000000000000000 ) ;
#5301 = LINE ( 'NONE', #7781, #7 ) ;
#5302 = ORIENTED_EDGE ( 'NONE', *, *, #4959, .F. ) ;
#5303 = CARTESIAN_POINT ( 'NONE',  ( -20.99999999999999645, 41.25000000000000000, 0.000000000000000000 ) ) ;
#5304 = FACE_OUTER_BOUND ( 'NONE', #6045, .T. ) ;
#5305 = CIRCLE ( 'NONE', #406, 0.5000000000000004441 ) ;
#5306 = EDGE_CURVE ( 'NONE', #44, #4044, #7382, .T. ) ;
#5307 = EDGE_CURVE ( 'NONE', #7680, #785, #4247, .T. ) ;
#5308 = DIRECTION ( 'NONE',  ( 1.000000000000000000, 0.000000000000000000, 0.000000000000000000 ) ) ;
#5309 = FACE_OUTER_BOUND ( 'NONE', #972, .T. ) ;
#5310 = CIRCLE ( 'NONE', #6094, 0.5000000000000004441 ) ;
#5311 = AXIS2_PLACEMENT_3D ( 'NONE', #4705, #950, #4052 ) ;
#5312 = ORIENTED_EDGE ( 'NONE', *, *, #7640, .F. ) ;
#5313 = DIRECTION ( 'NONE',  ( -0.000000000000000000, -0.000000000000000000, 1.000000000000000000 ) ) ;
#5314 = ORIENTED_EDGE ( 'NONE', *, *, #6928, .F. ) ;
#5315 = DIRECTION ( 'NONE',  ( 1.000000000000000000, 0.000000000000000000, 0.000000000000000000 ) ) ;
#5316 = CARTESIAN_POINT ( 'NONE',  ( 0.4999999999999991673, -2.000000000000001776, 2.000000000000000000 ) ) ;
#5317 = EDGE_CURVE ( 'NONE', #3159, #5019, #5697, .T. ) ;
#5318 = ORIENTED_EDGE ( 'NONE', *, *, #962, .F. ) ;
#5319 = CIRCLE ( 'NONE', #1837, 0.5000000000000004441 ) ;
#5320 = CIRCLE ( 'NONE', #698, 0.5000000000000004441 ) ;
#5321 = AXIS2_PLACEMENT_3D ( 'NONE', #5501, #1815, #4284 ) ;
#5322 = CARTESIAN_POINT ( 'NONE',  ( 19.00000000000000355, 39.25000000000000000, 2.000000000000000000 ) ) ;
#5323 = EDGE_CURVE ( 'NONE', #7508, #7593, #1044, .T. ) ;
#5324 = EDGE_CURVE ( 'NONE', #1181, #4123, #4332, .T. ) ;
#5325 = CARTESIAN_POINT ( 'NONE',  ( -20.30000000000000071, -14.05000000000000071, 0.000000000000000000 ) ) ;
#5326 = CIRCLE ( 'NONE', #1071, 0.5000000000000008882 ) ;
#5327 = VERTEX_POINT ( 'NONE', #7501 ) ;
#5328 = DIRECTION ( 'NONE',  ( 1.000000000000000000, 0.000000000000000000, 0.000000000000000000 ) ) ;
#5329 = LINE ( 'NONE', #7162, #5795 ) ;
#5330 = CARTESIAN_POINT ( 'NONE',  ( 4.999999999999997335, 3.000000000000002665, -8.000000000000000000 ) ) ;
#5331 = ORIENTED_EDGE ( 'NONE', *, *, #1514, .F. ) ;
#5332 = ADVANCED_FACE ( 'NONE', ( #1988 ), #1354, .F. ) ;
#5333 = CARTESIAN_POINT ( 'NONE',  ( -5.500000000000001776, 13.00000000000000178, 2.000000000000000000 ) ) ;
#5334 = ORIENTED_EDGE ( 'NONE', *, *, #5494, .T. ) ;
#5335 = LINE ( 'NONE', #445, #2724 ) ;
#5336 = FACE_BOUND ( 'NONE', #791, .T. ) ;
#5337 = DIRECTION ( 'NONE',  ( -0.000000000000000000, 0.000000000000000000, 1.000000000000000000 ) ) ;
#5338 = EDGE_LOOP ( 'NONE', ( #536, #3007, #7926, #5039 ) ) ;
#5339 = ORIENTED_EDGE ( 'NONE', *, *, #5777, .T. ) ;
#5340 = EDGE_LOOP ( 'NONE', ( #2774, #5591 ) ) ;
#5341 = DIRECTION ( 'NONE',  ( 1.000000000000000000, 0.000000000000000000, 0.000000000000000000 ) ) ;
#5342 = CARTESIAN_POINT ( 'NONE',  ( -17.30937500000000284, -38.50000000000000000, 2.000000000000000000 ) ) ;
#5343 = ORIENTED_EDGE ( 'NONE', *, *, #2854, .T. ) ;
#5344 = CARTESIAN_POINT ( 'NONE',  ( 21.00000000000000355, -39.25000000000000000, 2.000000000000000000 ) ) ;
#5345 = ORIENTED_EDGE ( 'NONE', *, *, #3702, .F. ) ;
#5346 = CARTESIAN_POINT ( 'NONE',  ( -15.00000000000000355, 33.00000000000000000, 2.000000000000000000 ) ) ;
#5347 = CARTESIAN_POINT ( 'NONE',  ( -10.00000000000000178, 8.000000000000000000, 2.000000000000000000 ) ) ;
#5348 = EDGE_CURVE ( 'NONE', #4081, #4767, #3134, .T. ) ;
#5349 = ADVANCED_FACE ( 'NONE', ( #6821 ), #51, .F. ) ;
#5350 = DIRECTION ( 'NONE',  ( -0.000000000000000000, -0.000000000000000000, 1.000000000000000000 ) ) ;
#5351 = ORIENTED_EDGE ( 'NONE', *, *, #5973, .F. ) ;
#5352 = DIRECTION ( 'NONE',  ( -1.000000000000000000, 0.000000000000000000, 0.000000000000000000 ) ) ;
#5353 = VERTEX_POINT ( 'NONE', #1311 ) ;
#5354 = DIRECTION ( 'NONE',  ( -0.000000000000000000, -0.000000000000000000, 1.000000000000000000 ) ) ;
#5355 = CARTESIAN_POINT ( 'NONE',  ( 9.500000000000001776, -26.99999999999999645, 0.000000000000000000 ) ) ;
#5356 = AXIS2_PLACEMENT_3D ( 'NONE', #7410, #3760, #4279 ) ;
#5357 = VERTEX_POINT ( 'NONE', #3811 ) ;
#5358 = DIRECTION ( 'NONE',  ( 0.000000000000000000, 0.000000000000000000, -1.000000000000000000 ) ) ;
#5359 = LINE ( 'NONE', #2858, #5434 ) ;
#5360 = ORIENTED_EDGE ( 'NONE', *, *, #6356, .F. ) ;
#5361 = FACE_OUTER_BOUND ( 'NONE', #3633, .T. ) ;
#5362 = CARTESIAN_POINT ( 'NONE',  ( 10.00000000000000178, -22.00000000000000000, -8.000000000000000000 ) ) ;
#5363 = DIRECTION ( 'NONE',  ( -0.000000000000000000, 0.000000000000000000, 1.000000000000000000 ) ) ;
#5364 = ORIENTED_EDGE ( 'NONE', *, *, #7147, .F. ) ;
#5365 = CARTESIAN_POINT ( 'NONE',  ( -18.99999999999999289, -41.25000000000000000, 2.000000000000000000 ) ) ;
#5366 = ORIENTED_EDGE ( 'NONE', *, *, #957, .T. ) ;
#5367 = EDGE_CURVE ( 'NONE', #3882, #4232, #6613, .T. ) ;
#5368 = FACE_OUTER_BOUND ( 'NONE', #2340, .T. ) ;
#5369 = FACE_BOUND ( 'NONE', #4120, .T. ) ;
#5370 = ADVANCED_FACE ( 'NONE', ( #3733 ), #88, .F. ) ;
#5371 = CARTESIAN_POINT ( 'NONE',  ( 5.000000000000000888, -32.00000000000000000, 2.000000000000000000 ) ) ;
#5372 = EDGE_LOOP ( 'NONE', ( #825, #626, #5493, #3172 ) ) ;
#5373 = EDGE_LOOP ( 'NONE', ( #7257, #4243, #7608, #317 ) ) ;
#5374 = ORIENTED_EDGE ( 'NONE', *, *, #269, .F. ) ;
#5375 = CYLINDRICAL_SURFACE ( 'NONE', #5119, 0.5000000000000004441 ) ;
#5376 = CARTESIAN_POINT ( 'NONE',  ( 14.99999999999999645, 3.000000000000002665, 2.000000000000000000 ) ) ;
#5377 = AXIS2_PLACEMENT_3D ( 'NONE', #204, #3369, #2675 ) ;
#5378 = ORIENTED_EDGE ( 'NONE', *, *, #6061, .F. ) ;
#5379 = FACE_BOUND ( 'NONE', #5683, .T. ) ;
#5380 = CIRCLE ( 'NONE', #477, 0.5000000000000004441 ) ;
#5381 = DIRECTION ( 'NONE',  ( 1.000000000000000000, 0.000000000000000000, 0.000000000000000000 ) ) ;
#5382 = EDGE_CURVE ( 'NONE', #2651, #7250, #3694, .T. ) ;
#5383 = ORIENTED_EDGE ( 'NONE', *, *, #7734, .F. ) ;
#5384 = DIRECTION ( 'NONE',  ( 0.000000000000000000, 0.000000000000000000, 1.000000000000000000 ) ) ;
#5385 = EDGE_CURVE ( 'NONE', #2437, #1297, #7763, .T. ) ;
#5386 = CARTESIAN_POINT ( 'NONE',  ( -10.50000000000000178, 3.000000000000002665, -8.000000000000000000 ) ) ;
#5387 = AXIS2_PLACEMENT_3D ( 'NONE', #4381, #1155, #6752 ) ;
#5388 = DIRECTION ( 'NONE',  ( 0.000000000000000000, 0.000000000000000000, 1.000000000000000000 ) ) ;
#5389 = EDGE_LOOP ( 'NONE', ( #6393, #5282 ) ) ;
#5390 = DIRECTION ( 'NONE',  ( -0.000000000000000000, 0.000000000000000000, -1.000000000000000000 ) ) ;
#5391 = ORIENTED_EDGE ( 'NONE', *, *, #6954, .T. ) ;
#5392 = DIRECTION ( 'NONE',  ( 1.000000000000000000, 0.000000000000000000, 0.000000000000000000 ) ) ;
#5393 = AXIS2_PLACEMENT_3D ( 'NONE', #6475, #2100, #3397 ) ;
#5394 = CARTESIAN_POINT ( 'NONE',  ( 5.000000000000000888, -11.99999999999999645, 2.000000000000000000 ) ) ;
#5395 = VERTEX_POINT ( 'NONE', #6205 ) ;
#5396 = EDGE_CURVE ( 'NONE', #1276, #5476, #4126, .T. ) ;
#5397 = EDGE_CURVE ( 'NONE', #6098, #44, #5601, .T. ) ;
#5398 = CARTESIAN_POINT ( 'NONE',  ( -5.000000000000002665, 28.00000000000000000, 0.000000000000000000 ) ) ;
#5399 = VECTOR ( 'NONE', #2008, 1000.000000000000000 ) ;
#5400 = FACE_OUTER_BOUND ( 'NONE', #472, .T. ) ;
#5401 = DIRECTION ( 'NONE',  ( -0.000000000000000000, -0.000000000000000000, 1.000000000000000000 ) ) ;
#5402 = ORIENTED_EDGE ( 'NONE', *, *, #1662, .T. ) ;
#5403 = DIRECTION ( 'NONE',  ( 1.000000000000000000, 0.000000000000000000, 0.000000000000000000 ) ) ;
#5404 = DIRECTION ( 'NONE',  ( 1.000000000000000000, 0.000000000000000000, 0.000000000000000000 ) ) ;
#5405 = DIRECTION ( 'NONE',  ( -0.000000000000000000, -0.000000000000000000, 1.000000000000000000 ) ) ;
#5406 = VERTEX_POINT ( 'NONE', #6942 ) ;
#5407 = EDGE_CURVE ( 'NONE', #5971, #6767, #4982, .T. ) ;
#5408 = DIRECTION ( 'NONE',  ( 1.000000000000000000, 0.000000000000000000, 0.000000000000000000 ) ) ;
#5409 = VERTEX_POINT ( 'NONE', #2557 ) ;
#5410 = CARTESIAN_POINT ( 'NONE',  ( -11.14100669215809347, -4.899999999999999467, 2.000000000000000000 ) ) ;
#5411 = FACE_BOUND ( 'NONE', #5093, .T. ) ;
#5412 = DIRECTION ( 'NONE',  ( 1.000000000000000000, 0.000000000000000000, 0.000000000000000000 ) ) ;
#5413 = ORIENTED_EDGE ( 'NONE', *, *, #1510, .F. ) ;
#5414 = EDGE_LOOP ( 'NONE', ( #2937, #7074, #3699, #185 ) ) ;
#5415 = AXIS2_PLACEMENT_3D ( 'NONE', #4676, #993, #7158 ) ;
#5416 = EDGE_LOOP ( 'NONE', ( #6128, #133 ) ) ;
#5417 = CARTESIAN_POINT ( 'NONE',  ( -4.500000000000000888, -11.99999999999999645, -8.000000000000000000 ) ) ;
#5418 = CARTESIAN_POINT ( 'NONE',  ( 5.500000000000001776, -32.00000000000000000, 0.000000000000000000 ) ) ;
#5419 = ORIENTED_EDGE ( 'NONE', *, *, #3056, .T. ) ;
#5420 = PLANE ( 'NONE',  #377 ) ;
#5421 = DIRECTION ( 'NONE',  ( -0.000000000000000000, -0.000000000000000000, 1.000000000000000000 ) ) ;
#5422 = VECTOR ( 'NONE', #6697, 1000.000000000000000 ) ;
#5423 = EDGE_LOOP ( 'NONE', ( #3897, #2493, #6270, #4582 ) ) ;
#5424 = FACE_OUTER_BOUND ( 'NONE', #4831, .T. ) ;
#5425 = EDGE_CURVE ( 'NONE', #1654, #291, #909, .T. ) ;
#5426 = CIRCLE ( 'NONE', #6607, 0.5000000000000008882 ) ;
#5427 = AXIS2_PLACEMENT_3D ( 'NONE', #5876, #6537, #2188 ) ;
#5428 = DIRECTION ( 'NONE',  ( -0.000000000000000000, 0.000000000000000000, 1.000000000000000000 ) ) ;
#5429 = CARTESIAN_POINT ( 'NONE',  ( 5.500000000000001776, -22.00000000000000000, 2.000000000000000000 ) ) ;
#5430 = FACE_BOUND ( 'NONE', #2381, .T. ) ;
#5431 = VERTEX_POINT ( 'NONE', #3845 ) ;
#5432 = FACE_OUTER_BOUND ( 'NONE', #1113, .T. ) ;
#5433 = ORIENTED_EDGE ( 'NONE', *, *, #6400, .F. ) ;
#5434 = VECTOR ( 'NONE', #4795, 1000.000000000000000 ) ;
#5435 = CIRCLE ( 'NONE', #2865, 0.5000000000000008882 ) ;
#5436 = FACE_OUTER_BOUND ( 'NONE', #4325, .T. ) ;
#5437 = DIRECTION ( 'NONE',  ( -0.000000000000000000, -0.000000000000000000, 1.000000000000000000 ) ) ;
#5438 = DIRECTION ( 'NONE',  ( 1.000000000000000000, 0.000000000000000000, 0.000000000000000000 ) ) ;
#5439 = CIRCLE ( 'NONE', #6487, 0.5000000000000008882 ) ;
#5440 = AXIS2_PLACEMENT_3D ( 'NONE', #6216, #2358, #2964 ) ;
#5441 = DIRECTION ( 'NONE',  ( -0.000000000000000000, 0.000000000000000000, 1.000000000000000000 ) ) ;
#5442 = CARTESIAN_POINT ( 'NONE',  ( 14.99999999999999645, 8.000000000000000000, -8.000000000000000000 ) ) ;
#5443 = EDGE_CURVE ( 'NONE', #7247, #1054, #5953, .T. ) ;
#5444 = ORIENTED_EDGE ( 'NONE', *, *, #7572, .F. ) ;
#5445 = ORIENTED_EDGE ( 'NONE', *, *, #944, .T. ) ;
#5446 = CARTESIAN_POINT ( 'NONE',  ( 9.999999999999998224, 18.00000000000000355, 0.000000000000000000 ) ) ;
#5447 = DIRECTION ( 'NONE',  ( -1.000000000000000000, 0.000000000000000000, -0.000000000000000000 ) ) ;
#5448 = CIRCLE ( 'NONE', #2097, 0.5000000000000004441 ) ;
#5449 = CARTESIAN_POINT ( 'NONE',  ( 15.00000000000000000, -11.99999999999999645, -8.000000000000000000 ) ) ;
#5450 = ORIENTED_EDGE ( 'NONE', *, *, #4349, .F. ) ;
#5451 = AXIS2_PLACEMENT_3D ( 'NONE', #80, #2586, #6240 ) ;
#5452 = CIRCLE ( 'NONE', #6377, 0.5000000000000004441 ) ;
#5453 = CYLINDRICAL_SURFACE ( 'NONE', #1179, 0.5000000000000008882 ) ;
#5454 = DIRECTION ( 'NONE',  ( 1.000000000000000000, 0.000000000000000000, 0.000000000000000000 ) ) ;
#5455 = DIRECTION ( 'NONE',  ( -5.782411586589352708E-16, -1.000000000000000000, 0.000000000000000000 ) ) ;
#5456 = FACE_BOUND ( 'NONE', #1878, .T. ) ;
#5457 = EDGE_CURVE ( 'NONE', #2437, #3119, #2481, .T. ) ;
#5458 = AXIS2_PLACEMENT_3D ( 'NONE', #471, #6638, #436 ) ;
#5459 = EDGE_CURVE ( 'NONE', #4613, #708, #2595, .T. ) ;
#5460 = DIRECTION ( 'NONE',  ( -0.000000000000000000, -0.000000000000000000, 1.000000000000000000 ) ) ;
#5461 = CARTESIAN_POINT ( 'NONE',  ( 15.00000000000000000, -11.99999999999999645, 0.000000000000000000 ) ) ;
#5462 = EDGE_LOOP ( 'NONE', ( #262, #3779 ) ) ;
#5463 = ORIENTED_EDGE ( 'NONE', *, *, #4553, .T. ) ;
#5464 = VERTEX_POINT ( 'NONE', #6525 ) ;
#5465 = CIRCLE ( 'NONE', #4432, 0.5000000000000004441 ) ;
#5466 = CARTESIAN_POINT ( 'NONE',  ( -5.000000000000002665, 18.00000000000000355, 2.000000000000000000 ) ) ;
#5467 = LINE ( 'NONE', #7943, #2392 ) ;
#5468 = ORIENTED_EDGE ( 'NONE', *, *, #5076, .F. ) ;
#5469 = FACE_BOUND ( 'NONE', #5502, .T. ) ;
#5470 = DIRECTION ( 'NONE',  ( 1.000000000000000000, 0.000000000000000000, 0.000000000000000000 ) ) ;
#5471 = EDGE_CURVE ( 'NONE', #3616, #5824, #4037, .T. ) ;
#5472 = AXIS2_PLACEMENT_3D ( 'NONE', #4280, #2508, #6193 ) ;
#5473 = ORIENTED_EDGE ( 'NONE', *, *, #7697, .F. ) ;
#5474 = CARTESIAN_POINT ( 'NONE',  ( 15.49999999999999645, 8.000000000000000000, -8.000000000000000000 ) ) ;
#5475 = DIRECTION ( 'NONE',  ( -0.000000000000000000, 0.000000000000000000, 1.000000000000000000 ) ) ;
#5476 = VERTEX_POINT ( 'NONE', #4532 ) ;
#5477 = EDGE_CURVE ( 'NONE', #7876, #7069, #7125, .T. ) ;
#5478 = CYLINDRICAL_SURFACE ( 'NONE', #7778, 2.000000000000001776 ) ;
#5479 = EDGE_CURVE ( 'NONE', #5395, #7061, #5297, .T. ) ;
#5480 = FACE_OUTER_BOUND ( 'NONE', #4729, .T. ) ;
#5481 = VERTEX_POINT ( 'NONE', #1570 ) ;
#5482 = CARTESIAN_POINT ( 'NONE',  ( 15.00000000000000000, -32.00000000000000000, -8.000000000000000000 ) ) ;
#5483 = CARTESIAN_POINT ( 'NONE',  ( 10.00000000000000178, -26.99999999999999645, 0.000000000000000000 ) ) ;
#5484 = DIRECTION ( 'NONE',  ( -0.000000000000000000, -0.000000000000000000, 1.000000000000000000 ) ) ;
#5485 = CARTESIAN_POINT ( 'NONE',  ( -3.469446951953614189E-15, 23.00000000000000000, -8.000000000000000000 ) ) ;
#5486 = DIRECTION ( 'NONE',  ( -0.000000000000000000, -0.000000000000000000, 1.000000000000000000 ) ) ;
#5487 = ORIENTED_EDGE ( 'NONE', *, *, #3975, .T. ) ;
#5488 = VERTEX_POINT ( 'NONE', #7656 ) ;
#5489 = DIRECTION ( 'NONE',  ( 1.000000000000000000, 0.000000000000000000, 0.000000000000000000 ) ) ;
#5490 = AXIS2_PLACEMENT_3D ( 'NONE', #443, #7236, #7886 ) ;
#5491 = CYLINDRICAL_SURFACE ( 'NONE', #764, 0.5000000000000004441 ) ;
#5492 = CYLINDRICAL_SURFACE ( 'NONE', #4425, 0.5000000000000008882 ) ;
#5493 = ORIENTED_EDGE ( 'NONE', *, *, #6152, .T. ) ;
#5494 = EDGE_CURVE ( 'NONE', #4989, #4473, #260, .T. ) ;
#5495 = FACE_OUTER_BOUND ( 'NONE', #6178, .T. ) ;
#5496 = VECTOR ( 'NONE', #1232, 1000.000000000000000 ) ;
#5497 = CARTESIAN_POINT ( 'NONE',  ( -0.5000000000000026645, -17.00000000000000000, 0.000000000000000000 ) ) ;
#5498 = CARTESIAN_POINT ( 'NONE',  ( -15.00000000000000355, 23.00000000000000000, 0.000000000000000000 ) ) ;
#5499 = DIRECTION ( 'NONE',  ( 1.000000000000000000, 0.000000000000000000, 0.000000000000000000 ) ) ;
#5500 = CARTESIAN_POINT ( 'NONE',  ( 14.49999999999999822, -17.00000000000000000, 0.000000000000000000 ) ) ;
#5501 = CARTESIAN_POINT ( 'NONE',  ( 15.00000000000000000, -17.00000000000000000, -8.000000000000000000 ) ) ;
#5502 = EDGE_LOOP ( 'NONE', ( #4368, #3564 ) ) ;
#5503 = AXIS2_PLACEMENT_3D ( 'NONE', #3456, #4175, #1148 ) ;
#5504 = ORIENTED_EDGE ( 'NONE', *, *, #2007, .F. ) ;
#5505 = EDGE_LOOP ( 'NONE', ( #6872, #146, #1666, #6734 ) ) ;
#5506 = EDGE_CURVE ( 'NONE', #5409, #4307, #3624, .T. ) ;
#5507 = LINE ( 'NONE', #6202, #5496 ) ;
#5508 = ORIENTED_EDGE ( 'NONE', *, *, #648, .T. ) ;
#5509 = ORIENTED_EDGE ( 'NONE', *, *, #930, .T. ) ;
#5510 = CARTESIAN_POINT ( 'NONE',  ( -6.299999999999995381, -20.54999999999999716, 0.000000000000000000 ) ) ;
#5511 = VERTEX_POINT ( 'NONE', #3959 ) ;
#5512 = DIRECTION ( 'NONE',  ( 1.000000000000000000, 0.000000000000000000, 0.000000000000000000 ) ) ;
#5513 = EDGE_CURVE ( 'NONE', #6203, #5653, #135, .T. ) ;
#5514 = DIRECTION ( 'NONE',  ( 1.000000000000000000, 0.000000000000000000, 0.000000000000000000 ) ) ;
#5515 = AXIS2_PLACEMENT_3D ( 'NONE', #1139, #2428, #7370 ) ;
#5516 = EDGE_LOOP ( 'NONE', ( #5509, #285, #2345, #7164 ) ) ;
#5517 = DIRECTION ( 'NONE',  ( -0.000000000000000000, 0.000000000000000000, 1.000000000000000000 ) ) ;
#5518 = ORIENTED_EDGE ( 'NONE', *, *, #6182, .F. ) ;
#5519 = PLANE ( 'NONE',  #27 ) ;
#5520 = VERTEX_POINT ( 'NONE', #889 ) ;
#5521 = CARTESIAN_POINT ( 'NONE',  ( -0.5000000000000043299, 33.00000000000000000, 2.000000000000000000 ) ) ;
#5522 = CARTESIAN_POINT ( 'NONE',  ( 15.00000000000000000, -22.00000000000000000, 0.000000000000000000 ) ) ;
#5523 = DIRECTION ( 'NONE',  ( -0.000000000000000000, 0.000000000000000000, 1.000000000000000000 ) ) ;
#5524 = VECTOR ( 'NONE', #7025, 1000.000000000000000 ) ;
#5525 = DIRECTION ( 'NONE',  ( -0.000000000000000000, -0.000000000000000000, 1.000000000000000000 ) ) ;
#5526 = DIRECTION ( 'NONE',  ( -0.000000000000000000, -0.000000000000000000, 1.000000000000000000 ) ) ;
#5527 = ORIENTED_EDGE ( 'NONE', *, *, #4370, .F. ) ;
#5528 = VERTEX_POINT ( 'NONE', #3362 ) ;
#5529 = AXIS2_PLACEMENT_3D ( 'NONE', #4426, #5727, #1474 ) ;
#5530 = CYLINDRICAL_SURFACE ( 'NONE', #5589, 0.5000000000000004441 ) ;
#5531 = CARTESIAN_POINT ( 'NONE',  ( -10.00000000000000178, 13.00000000000000178, 0.000000000000000000 ) ) ;
#5532 = FACE_OUTER_BOUND ( 'NONE', #6324, .T. ) ;
#5533 = ORIENTED_EDGE ( 'NONE', *, *, #6705, .T. ) ;
#5534 = EDGE_CURVE ( 'NONE', #1778, #7838, #3499, .T. ) ;
#5535 = CIRCLE ( 'NONE', #493, 0.5000000000000004441 ) ;
#5536 = FACE_OUTER_BOUND ( 'NONE', #7421, .T. ) ;
#5537 = ORIENTED_EDGE ( 'NONE', *, *, #6231, .F. ) ;
#5538 = CARTESIAN_POINT ( 'NONE',  ( -0.5000000000000008882, -32.00000000000000000, 0.000000000000000000 ) ) ;
#5539 = FACE_BOUND ( 'NONE', #165, .T. ) ;
#5540 = CARTESIAN_POINT ( 'NONE',  ( -10.00000000000000000, -22.00000000000000000, 0.000000000000000000 ) ) ;
#5541 = DIRECTION ( 'NONE',  ( -0.000000000000000000, -0.000000000000000000, 1.000000000000000000 ) ) ;
#5542 = ORIENTED_EDGE ( 'NONE', *, *, #4601, .T. ) ;
#5543 = AXIS2_PLACEMENT_3D ( 'NONE', #4020, #6509, #7715 ) ;
#5544 = ORIENTED_EDGE ( 'NONE', *, *, #4882, .T. ) ;
#5545 = ORIENTED_EDGE ( 'NONE', *, *, #6039, .F. ) ;
#5546 = FACE_OUTER_BOUND ( 'NONE', #6859, .T. ) ;
#5547 = VERTEX_POINT ( 'NONE', #4609 ) ;
#5548 = ORIENTED_EDGE ( 'NONE', *, *, #7463, .F. ) ;
#5549 = DIRECTION ( 'NONE',  ( 0.000000000000000000, 0.000000000000000000, -1.000000000000000000 ) ) ;
#5550 = EDGE_CURVE ( 'NONE', #5222, #6385, #5898, .T. ) ;
#5551 = AXIS2_PLACEMENT_3D ( 'NONE', #2546, #7362, #4400 ) ;
#5552 = AXIS2_PLACEMENT_3D ( 'NONE', #5398, #4873, #25 ) ;
#5553 = ORIENTED_EDGE ( 'NONE', *, *, #4349, .T. ) ;
#5554 = CYLINDRICAL_SURFACE ( 'NONE', #4003, 0.5000000000000004441 ) ;
#5555 = ORIENTED_EDGE ( 'NONE', *, *, #409, .T. ) ;
#5556 = CARTESIAN_POINT ( 'NONE',  ( -9.500000000000001776, 18.00000000000000355, 0.000000000000000000 ) ) ;
#5557 = ORIENTED_EDGE ( 'NONE', *, *, #6577, .T. ) ;
#5558 = VECTOR ( 'NONE', #2795, 1000.000000000000000 ) ;
#5559 = DIRECTION ( 'NONE',  ( -0.000000000000000000, -0.000000000000000000, 1.000000000000000000 ) ) ;
#5560 = EDGE_LOOP ( 'NONE', ( #7795, #1868, #4667, #2233 ) ) ;
#5561 = ORIENTED_EDGE ( 'NONE', *, *, #115, .F. ) ;
#5562 = DIRECTION ( 'NONE',  ( 1.000000000000000000, 0.000000000000000000, 0.000000000000000000 ) ) ;
#5563 = ADVANCED_FACE ( 'NONE', ( #2106 ), #322, .F. ) ;
#5564 = AXIS2_PLACEMENT_3D ( 'NONE', #6334, #3857, #1476 ) ;
#5565 = VECTOR ( 'NONE', #434, 1000.000000000000000 ) ;
#5566 = DIRECTION ( 'NONE',  ( -0.000000000000000000, -0.000000000000000000, 1.000000000000000000 ) ) ;
#5567 = CARTESIAN_POINT ( 'NONE',  ( 15.50000000000000000, -32.00000000000000000, 0.000000000000000000 ) ) ;
#5568 = AXIS2_PLACEMENT_3D ( 'NONE', #1464, #5793, #2710 ) ;
#5569 = AXIS2_PLACEMENT_3D ( 'NONE', #3891, #784, #3815 ) ;
#5570 = DIRECTION ( 'NONE',  ( -0.000000000000000000, 0.000000000000000000, 1.000000000000000000 ) ) ;
#5571 = AXIS2_PLACEMENT_3D ( 'NONE', #797, #1366, #3272 ) ;
#5572 = AXIS2_PLACEMENT_3D ( 'NONE', #6664, #4703, #1072 ) ;
#5573 = ORIENTED_EDGE ( 'NONE', *, *, #7077, .T. ) ;
#5574 = ORIENTED_EDGE ( 'NONE', *, *, #4479, .T. ) ;
#5575 = CARTESIAN_POINT ( 'NONE',  ( -10.50000000000000000, -32.00000000000000000, 2.000000000000000000 ) ) ;
#5576 = EDGE_CURVE ( 'NONE', #6916, #7175, #2068, .T. ) ;
#5577 = CARTESIAN_POINT ( 'NONE',  ( 10.49999999999999822, 18.00000000000000355, 0.000000000000000000 ) ) ;
#5578 = AXIS2_PLACEMENT_3D ( 'NONE', #6611, #2831, #7819 ) ;
#5579 = CYLINDRICAL_SURFACE ( 'NONE', #4029, 0.5000000000000004441 ) ;
#5580 = ORIENTED_EDGE ( 'NONE', *, *, #1865, .F. ) ;
#5581 = EDGE_CURVE ( 'NONE', #984, #3327, #5426, .T. ) ;
#5582 = ADVANCED_FACE ( 'NONE', ( #824 ), #4576, .F. ) ;
#5583 = AXIS2_PLACEMENT_3D ( 'NONE', #465, #8001, #6708 ) ;
#5584 = CARTESIAN_POINT ( 'NONE',  ( 5.000000000000000888, -22.00000000000000000, 0.000000000000000000 ) ) ;
#5585 = ORIENTED_EDGE ( 'NONE', *, *, #3961, .F. ) ;
#5586 = DIRECTION ( 'NONE',  ( 0.000000000000000000, 0.000000000000000000, 1.000000000000000000 ) ) ;
#5587 = DIRECTION ( 'NONE',  ( -0.000000000000000000, 0.000000000000000000, 1.000000000000000000 ) ) ;
#5588 = FACE_OUTER_BOUND ( 'NONE', #5256, .T. ) ;
#5589 = AXIS2_PLACEMENT_3D ( 'NONE', #6719, #2538, #4963 ) ;
#5590 = AXIS2_PLACEMENT_3D ( 'NONE', #1754, #4217, #4765 ) ;
#5591 = ORIENTED_EDGE ( 'NONE', *, *, #2638, .T. ) ;
#5592 = EDGE_CURVE ( 'NONE', #3628, #581, #1817, .T. ) ;
#5593 = ORIENTED_EDGE ( 'NONE', *, *, #5367, .F. ) ;
#5594 = ORIENTED_EDGE ( 'NONE', *, *, #1599, .T. ) ;
#5595 = CIRCLE ( 'NONE', #7655, 0.5000000000000004441 ) ;
#5596 = CARTESIAN_POINT ( 'NONE',  ( -15.50000000000000178, 13.00000000000000178, -8.000000000000000000 ) ) ;
#5597 = CIRCLE ( 'NONE', #6634, 0.5000000000000008882 ) ;
#5598 = ORIENTED_EDGE ( 'NONE', *, *, #7008, .T. ) ;
#5599 = EDGE_LOOP ( 'NONE', ( #3306, #5504 ) ) ;
#5600 = CIRCLE ( 'NONE', #6635, 0.5000000000000008882 ) ;
#5601 = LINE ( 'NONE', #5017, #2075 ) ;
#5602 = AXIS2_PLACEMENT_3D ( 'NONE', #5376, #6530, #7898 ) ;
#5603 = EDGE_LOOP ( 'NONE', ( #7549, #6906 ) ) ;
#5604 = CARTESIAN_POINT ( 'NONE',  ( 4.499999999999997335, 18.00000000000000355, 2.000000000000000000 ) ) ;
#5605 = EDGE_LOOP ( 'NONE', ( #1138, #6913, #7742, #5130 ) ) ;
#5606 = DIRECTION ( 'NONE',  ( 1.000000000000000000, 0.000000000000000000, 0.000000000000000000 ) ) ;
#5607 = DIRECTION ( 'NONE',  ( 0.000000000000000000, -1.000000000000000000, 0.000000000000000000 ) ) ;
#5608 = ORIENTED_EDGE ( 'NONE', *, *, #6246, .T. ) ;
#5609 = CIRCLE ( 'NONE', #2503, 0.5000000000000008882 ) ;
#5610 = DIRECTION ( 'NONE',  ( 1.000000000000000000, 0.000000000000000000, 0.000000000000000000 ) ) ;
#5611 = EDGE_LOOP ( 'NONE', ( #7387, #6957 ) ) ;
#5612 = DIRECTION ( 'NONE',  ( -0.000000000000000000, 0.000000000000000000, 1.000000000000000000 ) ) ;
#5613 = DIRECTION ( 'NONE',  ( -0.000000000000000000, 0.000000000000000000, 1.000000000000000000 ) ) ;
#5614 = ADVANCED_FACE ( 'NONE', ( #3883 ), #198, .F. ) ;
#5615 = EDGE_CURVE ( 'NONE', #2105, #3119, #2845, .T. ) ;
#5616 = FACE_BOUND ( 'NONE', #3278, .T. ) ;
#5617 = DIRECTION ( 'NONE',  ( -0.000000000000000000, 0.000000000000000000, 1.000000000000000000 ) ) ;
#5618 = CARTESIAN_POINT ( 'NONE',  ( 15.00000000000000000, -26.99999999999999645, 2.000000000000000000 ) ) ;
#5619 = ORIENTED_EDGE ( 'NONE', *, *, #2089, .F. ) ;
#5620 = ORIENTED_EDGE ( 'NONE', *, *, #6167, .T. ) ;
#5621 = CARTESIAN_POINT ( 'NONE',  ( 10.50000000000000178, -22.00000000000000000, 0.000000000000000000 ) ) ;
#5622 = CYLINDRICAL_SURFACE ( 'NONE', #6574, 0.5000000000000004441 ) ;
#5623 = CARTESIAN_POINT ( 'NONE',  ( -10.00000000000000178, 8.000000000000000000, -8.000000000000000000 ) ) ;
#5624 = EDGE_LOOP ( 'NONE', ( #5450, #2754, #7574, #3555 ) ) ;
#5625 = CARTESIAN_POINT ( 'NONE',  ( -9.500000000000001776, 18.00000000000000355, -8.000000000000000000 ) ) ;
#5626 = CARTESIAN_POINT ( 'NONE',  ( -1.734723475976807094E-15, 8.000000000000000000, -8.000000000000000000 ) ) ;
#5627 = CARTESIAN_POINT ( 'NONE',  ( 9.500000000000001776, -26.99999999999999645, 2.000000000000000000 ) ) ;
#5628 = AXIS2_PLACEMENT_3D ( 'NONE', #4489, #854, #1385 ) ;
#5629 = FACE_BOUND ( 'NONE', #1992, .T. ) ;
#5630 = CARTESIAN_POINT ( 'NONE',  ( -15.00000000000000355, 18.00000000000000355, -8.000000000000000000 ) ) ;
#5631 = ORIENTED_EDGE ( 'NONE', *, *, #2349, .T. ) ;
#5632 = VECTOR ( 'NONE', #1359, 1000.000000000000000 ) ;
#5633 = EDGE_LOOP ( 'NONE', ( #3212, #2356 ) ) ;
#5634 = ORIENTED_EDGE ( 'NONE', *, *, #4793, .F. ) ;
#5635 = AXIS2_PLACEMENT_3D ( 'NONE', #1867, #3730, #7371 ) ;
#5636 = DIRECTION ( 'NONE',  ( 0.000000000000000000, -0.000000000000000000, -1.000000000000000000 ) ) ;
#5637 = ORIENTED_EDGE ( 'NONE', *, *, #1150, .T. ) ;
#5638 = DIRECTION ( 'NONE',  ( -0.000000000000000000, -0.000000000000000000, 1.000000000000000000 ) ) ;
#5639 = ORIENTED_EDGE ( 'NONE', *, *, #2882, .F. ) ;
#5640 = FACE_OUTER_BOUND ( 'NONE', #2706, .T. ) ;
#5641 = VERTEX_POINT ( 'NONE', #7694 ) ;
#5642 = CARTESIAN_POINT ( 'NONE',  ( -10.00000000000000178, -6.999999999999999112, 2.000000000000000000 ) ) ;
#5643 = ORIENTED_EDGE ( 'NONE', *, *, #4862, .T. ) ;
#5644 = EDGE_CURVE ( 'NONE', #3977, #762, #524, .T. ) ;
#5645 = LINE ( 'NONE', #207, #625 ) ;
#5646 = VERTEX_POINT ( 'NONE', #4809 ) ;
#5647 = ORIENTED_EDGE ( 'NONE', *, *, #4871, .F. ) ;
#5648 = CARTESIAN_POINT ( 'NONE',  ( -9.500000000000001776, -11.99999999999999645, -8.000000000000000000 ) ) ;
#5649 = DIRECTION ( 'NONE',  ( 1.000000000000000000, 0.000000000000000000, 0.000000000000000000 ) ) ;
#5650 = FACE_BOUND ( 'NONE', #1001, .T. ) ;
#5651 = AXIS2_PLACEMENT_3D ( 'NONE', #7063, #5807, #7744 ) ;
#5652 = LINE ( 'NONE', #1210, #1323 ) ;
#5653 = VERTEX_POINT ( 'NONE', #7322 ) ;
#5654 = EDGE_LOOP ( 'NONE', ( #3094, #2759 ) ) ;
#5655 = CARTESIAN_POINT ( 'NONE',  ( -14.50000000000000178, 23.00000000000000000, 0.000000000000000000 ) ) ;
#5656 = ADVANCED_FACE ( 'NONE', ( #5368 ), #1692, .F. ) ;
#5657 = LINE ( 'NONE', #6147, #2691 ) ;
#5658 = EDGE_CURVE ( 'NONE', #842, #3236, #5040, .T. ) ;
#5659 = DIRECTION ( 'NONE',  ( -0.000000000000000000, -0.000000000000000000, 1.000000000000000000 ) ) ;
#5660 = EDGE_LOOP ( 'NONE', ( #3347, #6071 ) ) ;
#5661 = CARTESIAN_POINT ( 'NONE',  ( -0.5000000000000026645, -6.999999999999999112, 0.000000000000000000 ) ) ;
#5662 = CARTESIAN_POINT ( 'NONE',  ( -18.99999999999999289, -41.25000000000000000, 2.000000000000000000 ) ) ;
#5663 = AXIS2_PLACEMENT_3D ( 'NONE', #6833, #681, #6091 ) ;
#5664 = CARTESIAN_POINT ( 'NONE',  ( -0.5000000000000008882, -32.00000000000000000, -8.000000000000000000 ) ) ;
#5665 = DIRECTION ( 'NONE',  ( -0.000000000000000000, -0.000000000000000000, 1.000000000000000000 ) ) ;
#5666 = CARTESIAN_POINT ( 'NONE',  ( -15.50000000000000178, -11.99999999999999645, -8.000000000000000000 ) ) ;
#5667 = ORIENTED_EDGE ( 'NONE', *, *, #4342, .T. ) ;
#5668 = ADVANCED_FACE ( 'NONE', ( #3597 ), #4723, .F. ) ;
#5669 = AXIS2_PLACEMENT_3D ( 'NONE', #7044, #3987, #2703 ) ;
#5670 = CARTESIAN_POINT ( 'NONE',  ( 14.99999999999999645, -2.000000000000001776, 0.000000000000000000 ) ) ;
#5671 = FACE_OUTER_BOUND ( 'NONE', #3437, .T. ) ;
#5672 = EDGE_LOOP ( 'NONE', ( #6899, #7560, #3484, #2946 ) ) ;
#5673 = DIRECTION ( 'NONE',  ( -0.000000000000000000, -0.000000000000000000, 1.000000000000000000 ) ) ;
#5674 = VECTOR ( 'NONE', #6274, 1000.000000000000000 ) ;
#5675 = ORIENTED_EDGE ( 'NONE', *, *, #1488, .T. ) ;
#5676 = ADVANCED_FACE ( 'NONE', ( #6063 ), #7287, .F. ) ;
#5677 = CARTESIAN_POINT ( 'NONE',  ( -2.749999999999998668, -7.550000000000000711, 0.000000000000000000 ) ) ;
#5678 = ORIENTED_EDGE ( 'NONE', *, *, #3710, .F. ) ;
#5679 = DIRECTION ( 'NONE',  ( -0.000000000000000000, 0.000000000000000000, 1.000000000000000000 ) ) ;
#5680 = DIRECTION ( 'NONE',  ( 0.000000000000000000, 0.000000000000000000, 1.000000000000000000 ) ) ;
#5681 = VERTEX_POINT ( 'NONE', #7238 ) ;
#5682 = CARTESIAN_POINT ( 'NONE',  ( 9.499999999999998224, 3.000000000000002665, 2.000000000000000000 ) ) ;
#5683 = EDGE_LOOP ( 'NONE', ( #1718, #6294 ) ) ;
#5684 = CARTESIAN_POINT ( 'NONE',  ( 15.00000000000000000, -11.99999999999999645, 2.000000000000000000 ) ) ;
#5685 = ADVANCED_FACE ( 'NONE', ( #5939 ), #3521, .F. ) ;
#5686 = CARTESIAN_POINT ( 'NONE',  ( 0.4999999999999973910, 28.00000000000000000, 0.000000000000000000 ) ) ;
#5687 = CIRCLE ( 'NONE', #7751, 1.190625000000000711 ) ;
#5688 = FACE_BOUND ( 'NONE', #2066, .T. ) ;
#5689 = CARTESIAN_POINT ( 'NONE',  ( 9.499999999999998224, 33.00000000000000000, 2.000000000000000000 ) ) ;
#5690 = ORIENTED_EDGE ( 'NONE', *, *, #3441, .T. ) ;
#5691 = AXIS2_PLACEMENT_3D ( 'NONE', #521, #371, #6116 ) ;
#5692 = ORIENTED_EDGE ( 'NONE', *, *, #4404, .F. ) ;
#5693 = EDGE_CURVE ( 'NONE', #3148, #1634, #671, .T. ) ;
#5694 = CARTESIAN_POINT ( 'NONE',  ( 5.000000000000000888, -26.99999999999999645, 2.000000000000000000 ) ) ;
#5695 = CARTESIAN_POINT ( 'NONE',  ( 19.75000000000000000, 34.50000000000000000, 2.000000000000000000 ) ) ;
#5696 = ORIENTED_EDGE ( 'NONE', *, *, #7948, .F. ) ;
#5697 = CIRCLE ( 'NONE', #2974, 0.5000000000000004441 ) ;
#5698 = AXIS2_PLACEMENT_3D ( 'NONE', #3573, #3138, #1317 ) ;
#5699 = LINE ( 'NONE', #1450, #7245 ) ;
#5700 =( GEOMETRIC_REPRESENTATION_CONTEXT ( 3 ) GLOBAL_UNCERTAINTY_ASSIGNED_CONTEXT ( ( #805 ) ) GLOBAL_UNIT_ASSIGNED_CONTEXT ( ( #149, #2626, #810 ) ) REPRESENTATION_CONTEXT ( 'NONE', 'WORKASPACE' ) );
#5702 = EDGE_CURVE ( 'NONE', #5952, #3910, #5335, .T. ) ;
#5701 = CARTESIAN_POINT ( 'NONE',  ( 15.49999999999999645, -2.000000000000001776, -8.000000000000000000 ) ) ;
#5703 = CARTESIAN_POINT ( 'NONE',  ( -5.500000000000003553, 18.00000000000000355, 0.000000000000000000 ) ) ;
#5704 = CARTESIAN_POINT ( 'NONE',  ( -10.00000000000000178, -6.999999999999999112, 0.000000000000000000 ) ) ;
#5705 = DIRECTION ( 'NONE',  ( 1.000000000000000000, 0.000000000000000000, 0.000000000000000000 ) ) ;
#5706 = VERTEX_POINT ( 'NONE', #5410 ) ;
#5707 = CIRCLE ( 'NONE', #4545, 0.5000000000000004441 ) ;
#5708 = DIRECTION ( 'NONE',  ( 1.000000000000000000, 0.000000000000000000, 0.000000000000000000 ) ) ;
#5709 = DIRECTION ( 'NONE',  ( -0.000000000000000000, 0.000000000000000000, 1.000000000000000000 ) ) ;
#5710 = ADVANCED_FACE ( 'NONE', ( #6725 ), #4688, .F. ) ;
#5712 = ADVANCED_FACE ( 'NONE', ( #2256 ), #4109, .F. ) ;
#5711 = ORIENTED_EDGE ( 'NONE', *, *, #3496, .F. ) ;
#5713 = CARTESIAN_POINT ( 'NONE',  ( 9.999999999999998224, 33.00000000000000000, -8.000000000000000000 ) ) ;
#5714 = VECTOR ( 'NONE', #6357, 1000.000000000000000 ) ;
#5715 = CIRCLE ( 'NONE', #3901, 0.5000000000000008882 ) ;
#5716 = ORIENTED_EDGE ( 'NONE', *, *, #2583, .T. ) ;
#5717 = VERTEX_POINT ( 'NONE', #1051 ) ;
#5718 = CYLINDRICAL_SURFACE ( 'NONE', #2472, 0.5000000000000004441 ) ;
#5719 = CIRCLE ( 'NONE', #280, 0.5000000000000004441 ) ;
#5720 = VERTEX_POINT ( 'NONE', #2219 ) ;
#5721 = AXIS2_PLACEMENT_3D ( 'NONE', #1262, #3121, #4445 ) ;
#5722 = AXIS2_PLACEMENT_3D ( 'NONE', #1898, #117, #707 ) ;
#5723 = DIRECTION ( 'NONE',  ( -0.000000000000000000, -0.000000000000000000, 1.000000000000000000 ) ) ;
#5724 = VERTEX_POINT ( 'NONE', #1090 ) ;
#5725 = CIRCLE ( 'NONE', #4678, 0.5000000000000004441 ) ;
#5726 = AXIS2_PLACEMENT_3D ( 'NONE', #8016, #5083, #3715 ) ;
#5727 = DIRECTION ( 'NONE',  ( 0.000000000000000000, 0.000000000000000000, 1.000000000000000000 ) ) ;
#5728 = ORIENTED_EDGE ( 'NONE', *, *, #7697, .T. ) ;
#5729 = DIRECTION ( 'NONE',  ( -0.000000000000000000, -0.000000000000000000, 1.000000000000000000 ) ) ;
#5730 = DIRECTION ( 'NONE',  ( 1.000000000000000000, 0.000000000000000000, 0.000000000000000000 ) ) ;
#5731 = PRODUCT_DEFINITION_SHAPE ( 'NONE', 'NONE',  #6499 ) ;
#5732 = LINE ( 'NONE', #175, #4865 ) ;
#5733 = VECTOR ( 'NONE', #7644, 1000.000000000000000 ) ;
#5735 = ADVANCED_FACE ( 'NONE', ( #2291 ), #4763, .F. ) ;
#5734 = DIRECTION ( 'NONE',  ( 1.000000000000000000, 0.000000000000000000, 0.000000000000000000 ) ) ;
#5736 = EDGE_CURVE ( 'NONE', #6385, #7680, #6985, .T. ) ;
#5737 = FACE_OUTER_BOUND ( 'NONE', #3498, .T. ) ;
#5738 = ORIENTED_EDGE ( 'NONE', *, *, #6049, .T. ) ;
#5739 = ORIENTED_EDGE ( 'NONE', *, *, #6878, .T. ) ;
#5740 = CARTESIAN_POINT ( 'NONE',  ( 9.999999999999998224, 13.00000000000000178, 0.000000000000000000 ) ) ;
#5741 = CYLINDRICAL_SURFACE ( 'NONE', #2092, 0.5000000000000004441 ) ;
#5742 = VERTEX_POINT ( 'NONE', #6020 ) ;
#5743 = DIRECTION ( 'NONE',  ( 1.000000000000000000, 0.000000000000000000, 0.000000000000000000 ) ) ;
#5744 = LINE ( 'NONE', #5701, #5733 ) ;
#5745 = CARTESIAN_POINT ( 'NONE',  ( -5.500000000000001776, -22.00000000000000000, 0.000000000000000000 ) ) ;
#5746 = CARTESIAN_POINT ( 'NONE',  ( -5.500000000000001776, -2.000000000000001776, 0.000000000000000000 ) ) ;
#5747 = CARTESIAN_POINT ( 'NONE',  ( 5.878785113032511397E-16, -3.049999999999999378, 0.000000000000000000 ) ) ;
#5748 = DIRECTION ( 'NONE',  ( 1.000000000000000000, 0.000000000000000000, 0.000000000000000000 ) ) ;
#5749 = EDGE_CURVE ( 'NONE', #1129, #21, #481, .T. ) ;
#5750 = EDGE_LOOP ( 'NONE', ( #2844, #4177, #7846, #7696 ) ) ;
#5751 = CARTESIAN_POINT ( 'NONE',  ( 18.99999999999998934, 41.25000000000000000, 0.000000000000000000 ) ) ;
#5752 = CARTESIAN_POINT ( 'NONE',  ( -15.50000000000000000, -32.00000000000000000, 2.000000000000000000 ) ) ;
#5753 = ORIENTED_EDGE ( 'NONE', *, *, #6391, .T. ) ;
#5754 = DIRECTION ( 'NONE',  ( -0.000000000000000000, -0.000000000000000000, 1.000000000000000000 ) ) ;
#5755 = ORIENTED_EDGE ( 'NONE', *, *, #7572, .T. ) ;
#5756 = CIRCLE ( 'NONE', #6932, 0.5000000000000004441 ) ;
#5757 = EDGE_LOOP ( 'NONE', ( #1389, #7166 ) ) ;
#5758 = CARTESIAN_POINT ( 'NONE',  ( 19.00000000000000000, -41.25000000000000000, 2.000000000000000000 ) ) ;
#5759 = EDGE_CURVE ( 'NONE', #827, #8027, #7936, .T. ) ;
#5760 = ORIENTED_EDGE ( 'NONE', *, *, #7947, .F. ) ;
#5761 = DIRECTION ( 'NONE',  ( -0.000000000000000000, -0.000000000000000000, 1.000000000000000000 ) ) ;
#5762 = ORIENTED_EDGE ( 'NONE', *, *, #5250, .F. ) ;
#5763 = FACE_OUTER_BOUND ( 'NONE', #4788, .T. ) ;
#5764 = DIRECTION ( 'NONE',  ( 1.000000000000000000, 0.000000000000000000, 0.000000000000000000 ) ) ;
#5765 = ADVANCED_FACE ( 'NONE', ( #4846 ), #2822, .F. ) ;
#5766 = VERTEX_POINT ( 'NONE', #571 ) ;
#5767 = DIRECTION ( 'NONE',  ( 0.000000000000000000, 0.000000000000000000, 1.000000000000000000 ) ) ;
#5768 = FACE_OUTER_BOUND ( 'NONE', #4642, .T. ) ;
#5769 = ADVANCED_FACE ( 'NONE', ( #6280 ), #3032, .F. ) ;
#5770 = DIRECTION ( 'NONE',  ( -0.000000000000000000, -0.000000000000000000, 1.000000000000000000 ) ) ;
#5771 = DIRECTION ( 'NONE',  ( 0.000000000000000000, 0.000000000000000000, 1.000000000000000000 ) ) ;
#5772 = DIRECTION ( 'NONE',  ( 1.000000000000000000, 0.000000000000000000, 0.000000000000000000 ) ) ;
#5773 = EDGE_LOOP ( 'NONE', ( #5738, #7582 ) ) ;
#5774 = VERTEX_POINT ( 'NONE', #737 ) ;
#5775 = AXIS2_PLACEMENT_3D ( 'NONE', #3408, #1994, #5065 ) ;
#5776 = LINE ( 'NONE', #1483, #6453 ) ;
#5777 = EDGE_CURVE ( 'NONE', #2826, #632, #6862, .T. ) ;
#5778 = DIRECTION ( 'NONE',  ( 1.000000000000000000, 0.000000000000000000, 0.000000000000000000 ) ) ;
#5779 = ORIENTED_EDGE ( 'NONE', *, *, #7474, .F. ) ;
#5780 = CIRCLE ( 'NONE', #2132, 0.5000000000000004441 ) ;
#5781 = DIRECTION ( 'NONE',  ( 1.000000000000000000, 0.000000000000000000, 0.000000000000000000 ) ) ;
#5782 = CIRCLE ( 'NONE', #7201, 0.5000000000000008882 ) ;
#5783 = CARTESIAN_POINT ( 'NONE',  ( -5.000000000000000888, -17.00000000000000000, 0.000000000000000000 ) ) ;
#5784 = DIRECTION ( 'NONE',  ( 1.000000000000000000, 0.000000000000000000, 0.000000000000000000 ) ) ;
#5785 = CARTESIAN_POINT ( 'NONE',  ( -10.00000000000000178, 28.00000000000000000, -8.000000000000000000 ) ) ;
#5786 = CARTESIAN_POINT ( 'NONE',  ( -10.00000000000000178, 13.00000000000000178, -8.000000000000000000 ) ) ;
#5787 = ORIENTED_EDGE ( 'NONE', *, *, #1965, .F. ) ;
#5788 = ADVANCED_FACE ( 'NONE', ( #6239 ), #4931, .F. ) ;
#5789 = CARTESIAN_POINT ( 'NONE',  ( -14.50000000000000000, -2.000000000000001776, 0.000000000000000000 ) ) ;
#5790 = VECTOR ( 'NONE', #5839, 1000.000000000000000 ) ;
#5791 = DIRECTION ( 'NONE',  ( 1.000000000000000000, 0.000000000000000000, 0.000000000000000000 ) ) ;
#5792 = ORIENTED_EDGE ( 'NONE', *, *, #4193, .T. ) ;
#5793 = DIRECTION ( 'NONE',  ( -0.000000000000000000, 0.000000000000000000, 1.000000000000000000 ) ) ;
#5794 = EDGE_LOOP ( 'NONE', ( #7823, #3559 ) ) ;
#5795 = VECTOR ( 'NONE', #4148, 1000.000000000000000 ) ;
#5796 = ORIENTED_EDGE ( 'NONE', *, *, #5948, .F. ) ;
#5797 = ORIENTED_EDGE ( 'NONE', *, *, #5232, .T. ) ;
#5798 = CARTESIAN_POINT ( 'NONE',  ( -15.00000000000000178, -11.99999999999999645, 0.000000000000000000 ) ) ;
#5799 = ORIENTED_EDGE ( 'NONE', *, *, #7575, .T. ) ;
#5800 = VECTOR ( 'NONE', #220, 1000.000000000000000 ) ;
#5801 = DIRECTION ( 'NONE',  ( 1.000000000000000000, 0.000000000000000000, 0.000000000000000000 ) ) ;
#5802 = EDGE_CURVE ( 'NONE', #5817, #7508, #4281, .T. ) ;
#5803 = CARTESIAN_POINT ( 'NONE',  ( 15.50000000000000000, -17.00000000000000000, 0.000000000000000000 ) ) ;
#5804 = ORIENTED_EDGE ( 'NONE', *, *, #5244, .F. ) ;
#5805 = DIRECTION ( 'NONE',  ( -0.000000000000000000, -0.000000000000000000, 1.000000000000000000 ) ) ;
#5806 = CIRCLE ( 'NONE', #2679, 0.5000000000000004441 ) ;
#5807 = DIRECTION ( 'NONE',  ( 0.000000000000000000, 0.000000000000000000, 1.000000000000000000 ) ) ;
#5808 = FACE_BOUND ( 'NONE', #5416, .T. ) ;
#5809 = DIRECTION ( 'NONE',  ( -0.000000000000000000, -0.000000000000000000, 1.000000000000000000 ) ) ;
#5810 = CARTESIAN_POINT ( 'NONE',  ( 0.4999999999999991673, -22.00000000000000000, 2.000000000000000000 ) ) ;
#5811 = EDGE_CURVE ( 'NONE', #1597, #1616, #6153, .T. ) ;
#5812 = ORIENTED_EDGE ( 'NONE', *, *, #308, .T. ) ;
#5813 = CARTESIAN_POINT ( 'NONE',  ( -15.00000000000000178, -6.999999999999999112, 2.000000000000000000 ) ) ;
#5814 = VECTOR ( 'NONE', #5006, 1000.000000000000000 ) ;
#5815 = PRODUCT_DEFINITION_CONTEXT ( 'detailed design', #7569, 'design' ) ;
#5816 = DIRECTION ( 'NONE',  ( 1.000000000000000000, 0.000000000000000000, 0.000000000000000000 ) ) ;
#5817 = VERTEX_POINT ( 'NONE', #5538 ) ;
#5818 = DIRECTION ( 'NONE',  ( 1.000000000000000000, 0.000000000000000000, 0.000000000000000000 ) ) ;
#5819 = CIRCLE ( 'NONE', #5691, 0.5000000000000004441 ) ;
#5820 = EDGE_CURVE ( 'NONE', #6164, #7543, #123, .T. ) ;
#5821 = DIRECTION ( 'NONE',  ( -0.000000000000000000, -0.000000000000000000, 1.000000000000000000 ) ) ;
#5822 = LINE ( 'NONE', #2629, #3274 ) ;
#5823 = CARTESIAN_POINT ( 'NONE',  ( 0.4999999999999973910, 23.00000000000000000, 0.000000000000000000 ) ) ;
#5824 = VERTEX_POINT ( 'NONE', #5627 ) ;
#5825 = AXIS2_PLACEMENT_3D ( 'NONE', #662, #4410, #6165 ) ;
#5826 = AXIS2_PLACEMENT_3D ( 'NONE', #7217, #420, #2886 ) ;
#5827 = LINE ( 'NONE', #277, #6803 ) ;
#5828 = ORIENTED_EDGE ( 'NONE', *, *, #7604, .F. ) ;
#5829 = DIRECTION ( 'NONE',  ( 0.000000000000000000, 0.000000000000000000, 1.000000000000000000 ) ) ;
#5830 = EDGE_CURVE ( 'NONE', #6786, #5766, #5283, .T. ) ;
#5831 = AXIS2_PLACEMENT_3D ( 'NONE', #6003, #983, #7149 ) ;
#5832 = ORIENTED_EDGE ( 'NONE', *, *, #5250, .T. ) ;
#5833 = EDGE_LOOP ( 'NONE', ( #5902, #426, #3247, #2952 ) ) ;
#5834 = ORIENTED_EDGE ( 'NONE', *, *, #859, .T. ) ;
#5835 = FACE_OUTER_BOUND ( 'NONE', #7934, .T. ) ;
#5836 = LINE ( 'NONE', #6329, #2544 ) ;
#5837 = VERTEX_POINT ( 'NONE', #41 ) ;
#5838 = LINE ( 'NONE', #4548, #4389 ) ;
#5839 = DIRECTION ( 'NONE',  ( -0.000000000000000000, -0.000000000000000000, 1.000000000000000000 ) ) ;
#5840 = AXIS2_PLACEMENT_3D ( 'NONE', #4221, #2365, #2895 ) ;
#5841 = EDGE_LOOP ( 'NONE', ( #746, #1848 ) ) ;
#5842 = CYLINDRICAL_SURFACE ( 'NONE', #664, 0.5000000000000004441 ) ;
#5843 = EDGE_CURVE ( 'NONE', #5971, #87, #782, .T. ) ;
#5844 = DIRECTION ( 'NONE',  ( 0.000000000000000000, 0.000000000000000000, 1.000000000000000000 ) ) ;
#5845 = CARTESIAN_POINT ( 'NONE',  ( -4.500000000000000888, 3.000000000000002665, -8.000000000000000000 ) ) ;
#5846 = AXIS2_PLACEMENT_3D ( 'NONE', #7406, #768, #6926 ) ;
#5847 = FACE_BOUND ( 'NONE', #1849, .T. ) ;
#5848 = VECTOR ( 'NONE', #5401, 1000.000000000000000 ) ;
#5849 = DIRECTION ( 'NONE',  ( 1.000000000000000000, 0.000000000000000000, 0.000000000000000000 ) ) ;
#5850 = VERTEX_POINT ( 'NONE', #6112 ) ;
#5851 = CARTESIAN_POINT ( 'NONE',  ( -1.734723475976807094E-15, -22.00000000000000000, -8.000000000000000000 ) ) ;
#5852 = VERTEX_POINT ( 'NONE', #1936 ) ;
#5853 = CARTESIAN_POINT ( 'NONE',  ( 15.00000000000000000, -11.99999999999999645, 0.000000000000000000 ) ) ;
#5854 = LINE ( 'NONE', #7073, #7138 ) ;
#5855 = ORIENTED_EDGE ( 'NONE', *, *, #6674, .T. ) ;
#5856 = ADVANCED_FACE ( 'NONE', ( #2420 ), #1344, .F. ) ;
#5857 = VECTOR ( 'NONE', #7348, 1000.000000000000000 ) ;
#5858 = ADVANCED_FACE ( 'NONE', ( #1261 ), #3803, .F. ) ;
#5859 = CYLINDRICAL_SURFACE ( 'NONE', #1037, 0.5000000000000004441 ) ;
#5860 = CYLINDRICAL_SURFACE ( 'NONE', #3785, 0.5000000000000004441 ) ;
#5861 = CARTESIAN_POINT ( 'NONE',  ( -15.00000000000000355, 28.00000000000000000, -8.000000000000000000 ) ) ;
#5862 = CARTESIAN_POINT ( 'NONE',  ( -15.00000000000000178, 13.00000000000000178, 2.000000000000000000 ) ) ;
#5863 = EDGE_LOOP ( 'NONE', ( #7422, #1934, #4082, #4096 ) ) ;
#5864 = CARTESIAN_POINT ( 'NONE',  ( -5.500000000000003553, 23.00000000000000000, -8.000000000000000000 ) ) ;
#5865 = VERTEX_POINT ( 'NONE', #5045 ) ;
#5866 = DIRECTION ( 'NONE',  ( 1.000000000000000000, 0.000000000000000000, 0.000000000000000000 ) ) ;
#5867 = ORIENTED_EDGE ( 'NONE', *, *, #316, .T. ) ;
#5868 = EDGE_LOOP ( 'NONE', ( #2061, #5134, #6286, #6707 ) ) ;
#5869 = ORIENTED_EDGE ( 'NONE', *, *, #2555, .T. ) ;
#5870 = LINE ( 'NONE', #4818, #3063 ) ;
#5871 = ORIENTED_EDGE ( 'NONE', *, *, #3188, .F. ) ;
#5872 = DIRECTION ( 'NONE',  ( -0.000000000000000000, -0.000000000000000000, 1.000000000000000000 ) ) ;
#5873 = FACE_OUTER_BOUND ( 'NONE', #6888, .T. ) ;
#5874 = AXIS2_PLACEMENT_3D ( 'NONE', #743, #5709, #6320 ) ;
#5875 = VERTEX_POINT ( 'NONE', #6850 ) ;
#5876 = CARTESIAN_POINT ( 'NONE',  ( 5.878785113032511397E-16, -3.049999999999999378, 0.000000000000000000 ) ) ;
#5877 = CIRCLE ( 'NONE', #6666, 0.5000000000000008882 ) ;
#5878 = CARTESIAN_POINT ( 'NONE',  ( 10.49999999999999822, 33.00000000000000000, 0.000000000000000000 ) ) ;
#5879 = EDGE_CURVE ( 'NONE', #6265, #1816, #7877, .T. ) ;
#5880 = AXIS2_PLACEMENT_3D ( 'NONE', #1268, #2515, #4292 ) ;
#5881 = FACE_OUTER_BOUND ( 'NONE', #740, .T. ) ;
#5882 = CARTESIAN_POINT ( 'NONE',  ( -15.00000000000000178, -11.99999999999999645, 0.000000000000000000 ) ) ;
#5883 = DIRECTION ( 'NONE',  ( 0.000000000000000000, 0.000000000000000000, 1.000000000000000000 ) ) ;
#5884 = ORIENTED_EDGE ( 'NONE', *, *, #3204, .T. ) ;
#5885 = CARTESIAN_POINT ( 'NONE',  ( -10.00000000000000178, 18.00000000000000355, 2.000000000000000000 ) ) ;
#5886 = DIRECTION ( 'NONE',  ( 1.000000000000000000, 0.000000000000000000, 0.000000000000000000 ) ) ;
#5887 = VERTEX_POINT ( 'NONE', #4886 ) ;
#5888 = CYLINDRICAL_SURFACE ( 'NONE', #1678, 2.000000000000001776 ) ;
#5889 = CARTESIAN_POINT ( 'NONE',  ( 14.99999999999999645, 18.00000000000000355, 2.000000000000000000 ) ) ;
#5890 = VECTOR ( 'NONE', #5761, 1000.000000000000000 ) ;
#5891 = EDGE_CURVE ( 'NONE', #7277, #5113, #2509, .T. ) ;
#5892 = CARTESIAN_POINT ( 'NONE',  ( -1.734723475976807094E-15, -6.999999999999999112, -8.000000000000000000 ) ) ;
#5893 = DIRECTION ( 'NONE',  ( 1.000000000000000000, 0.000000000000000000, 0.000000000000000000 ) ) ;
#5894 = DIRECTION ( 'NONE',  ( -0.000000000000000000, -0.000000000000000000, 1.000000000000000000 ) ) ;
#5895 = VERTEX_POINT ( 'NONE', #7978 ) ;
#5896 = DIRECTION ( 'NONE',  ( -0.000000000000000000, -0.000000000000000000, 1.000000000000000000 ) ) ;
#5897 = EDGE_LOOP ( 'NONE', ( #7429, #6601, #2875, #4447 ) ) ;
#5898 = LINE ( 'NONE', #3295, #3759 ) ;
#5899 = FACE_BOUND ( 'NONE', #70, .T. ) ;
#5900 = CARTESIAN_POINT ( 'NONE',  ( -5.500000000000001776, -2.000000000000001776, -8.000000000000000000 ) ) ;
#5901 = EDGE_CURVE ( 'NONE', #3052, #5222, #4383, .T. ) ;
#5902 = ORIENTED_EDGE ( 'NONE', *, *, #4711, .T. ) ;
#5903 = EDGE_CURVE ( 'NONE', #6164, #4307, #4444, .T. ) ;
#5904 = ORIENTED_EDGE ( 'NONE', *, *, #3311, .F. ) ;
#5905 = EDGE_LOOP ( 'NONE', ( #1154, #1890 ) ) ;
#5906 = FACE_OUTER_BOUND ( 'NONE', #4201, .T. ) ;
#5907 = CARTESIAN_POINT ( 'NONE',  ( -5.000000000000002665, 18.00000000000000355, -8.000000000000000000 ) ) ;
#5908 = ORIENTED_EDGE ( 'NONE', *, *, #5576, .T. ) ;
#5909 = LINE ( 'NONE', #3411, #6342 ) ;
#5910 = AXIS2_PLACEMENT_3D ( 'NONE', #7224, #1669, #4138 ) ;
#5911 = DIRECTION ( 'NONE',  ( 1.000000000000000000, 0.000000000000000000, 0.000000000000000000 ) ) ;
#5912 = ADVANCED_FACE ( 'NONE', ( #2167 ), #3984, .F. ) ;
#5913 = ORIENTED_EDGE ( 'NONE', *, *, #2396, .F. ) ;
#5914 = CARTESIAN_POINT ( 'NONE',  ( -6.641006692158093472, -0.4000000000000002442, 0.000000000000000000 ) ) ;
#5915 = EDGE_CURVE ( 'NONE', #3067, #951, #6436, .T. ) ;
#5916 = CIRCLE ( 'NONE', #5669, 0.5000000000000004441 ) ;
#5917 = CARTESIAN_POINT ( 'NONE',  ( -9.500000000000001776, 8.000000000000000000, 2.000000000000000000 ) ) ;
#5918 = FACE_OUTER_BOUND ( 'NONE', #1299, .T. ) ;
#5919 = EDGE_CURVE ( 'NONE', #500, #4730, #5936, .T. ) ;
#5920 = ORIENTED_EDGE ( 'NONE', *, *, #5085, .T. ) ;
#5921 = VECTOR ( 'NONE', #7832, 1000.000000000000000 ) ;
#5922 = DIRECTION ( 'NONE',  ( -0.000000000000000000, 0.000000000000000000, 1.000000000000000000 ) ) ;
#5923 = EDGE_LOOP ( 'NONE', ( #3968, #6739 ) ) ;
#5924 = DIRECTION ( 'NONE',  ( 1.000000000000000000, 0.000000000000000000, 0.000000000000000000 ) ) ;
#5925 = CARTESIAN_POINT ( 'NONE',  ( 0.4999999999999973910, 33.00000000000000000, 2.000000000000000000 ) ) ;
#5926 = ORIENTED_EDGE ( 'NONE', *, *, #3577, .T. ) ;
#5927 = DIRECTION ( 'NONE',  ( 0.000000000000000000, 0.000000000000000000, -1.000000000000000000 ) ) ;
#5928 = EDGE_CURVE ( 'NONE', #2810, #2361, #3871, .T. ) ;
#5929 = DIRECTION ( 'NONE',  ( 1.000000000000000000, 0.000000000000000000, 0.000000000000000000 ) ) ;
#5930 = VERTEX_POINT ( 'NONE', #7078 ) ;
#5931 = AXIS2_PLACEMENT_3D ( 'NONE', #4384, #3748, #5734 ) ;
#5932 = DIRECTION ( 'NONE',  ( 0.000000000000000000, 0.000000000000000000, -1.000000000000000000 ) ) ;
#5933 = PLANE ( 'NONE',  #4747 ) ;
#5934 = DIRECTION ( 'NONE',  ( -0.000000000000000000, -0.000000000000000000, 1.000000000000000000 ) ) ;
#5935 = VERTEX_POINT ( 'NONE', #3872 ) ;
#5936 = CIRCLE ( 'NONE', #8029, 0.5000000000000004441 ) ;
#5937 = DIRECTION ( 'NONE',  ( -0.000000000000000000, 0.000000000000000000, 1.000000000000000000 ) ) ;
#5938 = EDGE_LOOP ( 'NONE', ( #588, #4566, #2620, #2790 ) ) ;
#5939 = FACE_OUTER_BOUND ( 'NONE', #5285, .T. ) ;
#5940 = FACE_BOUND ( 'NONE', #5293, .T. ) ;
#5941 = CARTESIAN_POINT ( 'NONE',  ( 17.30937500000000284, -38.50000000000000000, 0.000000000000000000 ) ) ;
#5942 = VERTEX_POINT ( 'NONE', #3286 ) ;
#5943 = VECTOR ( 'NONE', #533, 1000.000000000000000 ) ;
#5944 = VECTOR ( 'NONE', #6386, 1000.000000000000000 ) ;
#5945 = VECTOR ( 'NONE', #4025, 1000.000000000000000 ) ;
#5946 = EDGE_LOOP ( 'NONE', ( #872, #710, #2633, #1013 ) ) ;
#5947 = ORIENTED_EDGE ( 'NONE', *, *, #6384, .F. ) ;
#5948 = EDGE_CURVE ( 'NONE', #6449, #895, #4643, .T. ) ;
#5949 = DIRECTION ( 'NONE',  ( -0.000000000000000000, -0.000000000000000000, 1.000000000000000000 ) ) ;
#5950 = EDGE_CURVE ( 'NONE', #5641, #7983, #2054, .T. ) ;
#5951 = DIRECTION ( 'NONE',  ( 1.000000000000000000, 0.000000000000000000, 0.000000000000000000 ) ) ;
#5952 = VERTEX_POINT ( 'NONE', #5703 ) ;
#5953 = CIRCLE ( 'NONE', #4914, 0.5000000000000004441 ) ;
#5954 = AXIS2_PLACEMENT_3D ( 'NONE', #7547, #2637, #1390 ) ;
#5955 = CARTESIAN_POINT ( 'NONE',  ( -1.734723475976807094E-15, -17.00000000000000000, 2.000000000000000000 ) ) ;
#5956 = CIRCLE ( 'NONE', #16, 0.5000000000000008882 ) ;
#5957 = AXIS2_PLACEMENT_3D ( 'NONE', #7558, #3829, #5772 ) ;
#5958 = VERTEX_POINT ( 'NONE', #5745 ) ;
#5959 = CARTESIAN_POINT ( 'NONE',  ( 14.99999999999999645, 18.00000000000000355, -8.000000000000000000 ) ) ;
#5960 = DIRECTION ( 'NONE',  ( -0.000000000000000000, -0.000000000000000000, 1.000000000000000000 ) ) ;
#5961 = AXIS2_PLACEMENT_3D ( 'NONE', #4134, #5922, #6628 ) ;
#5962 = DIRECTION ( 'NONE',  ( 1.000000000000000000, 0.000000000000000000, 0.000000000000000000 ) ) ;
#5963 = CARTESIAN_POINT ( 'NONE',  ( 14.99999999999999645, 3.000000000000002665, 0.000000000000000000 ) ) ;
#5964 = CIRCLE ( 'NONE', #2486, 0.5000000000000004441 ) ;
#5965 = CIRCLE ( 'NONE', #6368, 0.5000000000000004441 ) ;
#5966 = EDGE_LOOP ( 'NONE', ( #4364, #5908 ) ) ;
#5967 = CARTESIAN_POINT ( 'NONE',  ( 0.4999999999999991673, 13.00000000000000178, 2.000000000000000000 ) ) ;
#5968 = EDGE_LOOP ( 'NONE', ( #7992, #2297, #7464, #5995 ) ) ;
#5969 = CYLINDRICAL_SURFACE ( 'NONE', #6965, 0.5000000000000004441 ) ;
#5970 = DIRECTION ( 'NONE',  ( 1.000000000000000000, 0.000000000000000000, 0.000000000000000000 ) ) ;
#5971 = VERTEX_POINT ( 'NONE', #1452 ) ;
#5972 = CIRCLE ( 'NONE', #815, 0.5000000000000004441 ) ;
#5973 = EDGE_CURVE ( 'NONE', #4893, #1270, #2453, .T. ) ;
#5974 = CIRCLE ( 'NONE', #6900, 0.5000000000000004441 ) ;
#5975 = CARTESIAN_POINT ( 'NONE',  ( 10.49999999999999822, 3.000000000000002665, -8.000000000000000000 ) ) ;
#5976 = CARTESIAN_POINT ( 'NONE',  ( 15.00000000000000000, -22.00000000000000000, 2.000000000000000000 ) ) ;
#5977 = VECTOR ( 'NONE', #1470, 1000.000000000000000 ) ;
#5978 = ORIENTED_EDGE ( 'NONE', *, *, #5477, .F. ) ;
#5979 = DIRECTION ( 'NONE',  ( -0.000000000000000000, 0.000000000000000000, 1.000000000000000000 ) ) ;
#5980 = DIRECTION ( 'NONE',  ( 0.000000000000000000, 0.000000000000000000, 1.000000000000000000 ) ) ;
#5981 = DIRECTION ( 'NONE',  ( 0.000000000000000000, 0.000000000000000000, 1.000000000000000000 ) ) ;
#5982 = ORIENTED_EDGE ( 'NONE', *, *, #3264, .T. ) ;
#5983 = EDGE_CURVE ( 'NONE', #4769, #2275, #248, .T. ) ;
#5984 = CARTESIAN_POINT ( 'NONE',  ( -0.5000000000000026645, -17.00000000000000000, 2.000000000000000000 ) ) ;
#5985 = AXIS2_PLACEMENT_3D ( 'NONE', #2658, #4482, #736 ) ;
#5986 = VERTEX_POINT ( 'NONE', #6516 ) ;
#5987 = CARTESIAN_POINT ( 'NONE',  ( -1.734723475976807094E-15, 13.00000000000000178, -8.000000000000000000 ) ) ;
#5988 = FACE_BOUND ( 'NONE', #6059, .T. ) ;
#5989 = DIRECTION ( 'NONE',  ( 1.000000000000000000, 0.000000000000000000, 0.000000000000000000 ) ) ;
#5990 = ORIENTED_EDGE ( 'NONE', *, *, #6246, .F. ) ;
#5991 = ORIENTED_EDGE ( 'NONE', *, *, #4659, .F. ) ;
#5992 = ORIENTED_EDGE ( 'NONE', *, *, #6782, .F. ) ;
#5993 = DIRECTION ( 'NONE',  ( -0.000000000000000000, -0.000000000000000000, 1.000000000000000000 ) ) ;
#5994 = CYLINDRICAL_SURFACE ( 'NONE', #5117, 2.000000000000001776 ) ;
#5995 = ORIENTED_EDGE ( 'NONE', *, *, #4930, .F. ) ;
#5996 = DIRECTION ( 'NONE',  ( -0.000000000000000000, -0.000000000000000000, 1.000000000000000000 ) ) ;
#5997 = ADVANCED_FACE ( 'NONE', ( #5400 ), #7874, .F. ) ;
#5998 = ORIENTED_EDGE ( 'NONE', *, *, #7562, .F. ) ;
#5999 = DIRECTION ( 'NONE',  ( -0.000000000000000000, -0.000000000000000000, 1.000000000000000000 ) ) ;
#6000 = CYLINDRICAL_SURFACE ( 'NONE', #1971, 0.5000000000000004441 ) ;
#6001 = DIRECTION ( 'NONE',  ( 1.000000000000000000, 0.000000000000000000, 0.000000000000000000 ) ) ;
#6002 = AXIS2_PLACEMENT_3D ( 'NONE', #7810, #4034, #1003 ) ;
#6003 = CARTESIAN_POINT ( 'NONE',  ( -5.000000000000000888, -11.99999999999999645, -8.000000000000000000 ) ) ;
#6004 = EDGE_LOOP ( 'NONE', ( #4921, #3218, #5508, #162 ) ) ;
#6005 = CYLINDRICAL_SURFACE ( 'NONE', #5583, 0.5000000000000004441 ) ;
#6006 = ORIENTED_EDGE ( 'NONE', *, *, #516, .F. ) ;
#6007 = DIRECTION ( 'NONE',  ( -0.000000000000000000, -0.000000000000000000, 1.000000000000000000 ) ) ;
#6008 = ADVANCED_FACE ( 'NONE', ( #2207 ), #4713, .F. ) ;
#6009 = DIRECTION ( 'NONE',  ( -0.000000000000000000, 0.000000000000000000, 1.000000000000000000 ) ) ;
#6010 = ORIENTED_EDGE ( 'NONE', *, *, #2670, .F. ) ;
#6011 = LINE ( 'NONE', #4183, #6615 ) ;
#6012 = FACE_OUTER_BOUND ( 'NONE', #4784, .T. ) ;
#6013 = ORIENTED_EDGE ( 'NONE', *, *, #709, .T. ) ;
#6014 = CARTESIAN_POINT ( 'NONE',  ( 5.500000000000001776, -32.00000000000000000, 2.000000000000000000 ) ) ;
#6015 = CARTESIAN_POINT ( 'NONE',  ( 14.99999999999999645, 18.00000000000000355, 0.000000000000000000 ) ) ;
#6016 = DIRECTION ( 'NONE',  ( 1.000000000000000000, 0.000000000000000000, 0.000000000000000000 ) ) ;
#6017 = ORIENTED_EDGE ( 'NONE', *, *, #2945, .T. ) ;
#6018 = DIRECTION ( 'NONE',  ( 1.000000000000000000, 0.000000000000000000, 0.000000000000000000 ) ) ;
#6019 = VERTEX_POINT ( 'NONE', #1601 ) ;
#6020 = CARTESIAN_POINT ( 'NONE',  ( -5.500000000000001776, 3.000000000000002665, 0.000000000000000000 ) ) ;
#6021 = FACE_BOUND ( 'NONE', #5966, .T. ) ;
#6022 = DIRECTION ( 'NONE',  ( -0.000000000000000000, 0.000000000000000000, 1.000000000000000000 ) ) ;
#6023 = ORIENTED_EDGE ( 'NONE', *, *, #186, .T. ) ;
#6024 = EDGE_CURVE ( 'NONE', #4769, #7624, #7802, .T. ) ;
#6025 = ORIENTED_EDGE ( 'NONE', *, *, #5267, .T. ) ;
#6026 = AXIS2_PLACEMENT_3D ( 'NONE', #6378, #4460, #1471 ) ;
#6027 = ORIENTED_EDGE ( 'NONE', *, *, #620, .T. ) ;
#6028 = LINE ( 'NONE', #5294, #1629 ) ;
#6029 = CYLINDRICAL_SURFACE ( 'NONE', #7647, 0.5000000000000004441 ) ;
#6030 = VERTEX_POINT ( 'NONE', #642 ) ;
#6031 = FACE_BOUND ( 'NONE', #3816, .T. ) ;
#6032 = VECTOR ( 'NONE', #6441, 1000.000000000000000 ) ;
#6033 = CARTESIAN_POINT ( 'NONE',  ( 0.4999999999999991673, -11.99999999999999645, -8.000000000000000000 ) ) ;
#6034 = EDGE_CURVE ( 'NONE', #3409, #2516, #1332, .T. ) ;
#6035 = ORIENTED_EDGE ( 'NONE', *, *, #2165, .T. ) ;
#6036 = CARTESIAN_POINT ( 'NONE',  ( -20.30000000000000071, -20.54999999999999716, 0.000000000000000000 ) ) ;
#6037 = DIRECTION ( 'NONE',  ( 0.000000000000000000, 0.000000000000000000, 1.000000000000000000 ) ) ;
#6038 = LINE ( 'NONE', #3494, #1743 ) ;
#6039 = EDGE_CURVE ( 'NONE', #1940, #1728, #5157, .T. ) ;
#6040 = VECTOR ( 'NONE', #4992, 1000.000000000000000 ) ;
#6041 = DIRECTION ( 'NONE',  ( 1.000000000000000000, 0.000000000000000000, 0.000000000000000000 ) ) ;
#6042 = FACE_BOUND ( 'NONE', #6465, .T. ) ;
#6043 = VERTEX_POINT ( 'NONE', #3106 ) ;
#6044 = CARTESIAN_POINT ( 'NONE',  ( -15.00000000000000000, -32.00000000000000000, 0.000000000000000000 ) ) ;
#6045 = EDGE_LOOP ( 'NONE', ( #46, #2682, #1433, #3614 ) ) ;
#6046 = FACE_OUTER_BOUND ( 'NONE', #1377, .T. ) ;
#6047 = AXIS2_PLACEMENT_3D ( 'NONE', #4524, #5166, #1564 ) ;
#6048 = DIRECTION ( 'NONE',  ( 1.000000000000000000, 0.000000000000000000, 0.000000000000000000 ) ) ;
#6049 = EDGE_CURVE ( 'NONE', #6149, #6163, #5687, .T. ) ;
#6050 = DIRECTION ( 'NONE',  ( -0.000000000000000000, 0.000000000000000000, 1.000000000000000000 ) ) ;
#6051 = EDGE_CURVE ( 'NONE', #29, #2030, #6594, .T. ) ;
#6052 = CIRCLE ( 'NONE', #3734, 0.5000000000000004441 ) ;
#6053 = CYLINDRICAL_SURFACE ( 'NONE', #7390, 0.5000000000000004441 ) ;
#6054 = ORIENTED_EDGE ( 'NONE', *, *, #6427, .T. ) ;
#6055 = ORIENTED_EDGE ( 'NONE', *, *, #2605, .T. ) ;
#6056 = CARTESIAN_POINT ( 'NONE',  ( -15.50000000000000178, -11.99999999999999645, 2.000000000000000000 ) ) ;
#6057 = PLANE ( 'NONE',  #8004 ) ;
#6058 = DIRECTION ( 'NONE',  ( 1.000000000000000000, 0.000000000000000000, 0.000000000000000000 ) ) ;
#6059 = EDGE_LOOP ( 'NONE', ( #2303, #3997 ) ) ;
#6060 = CARTESIAN_POINT ( 'NONE',  ( -15.00000000000000178, 13.00000000000000178, 0.000000000000000000 ) ) ;
#6061 = EDGE_CURVE ( 'NONE', #2109, #5488, #3749, .T. ) ;
#6062 = EDGE_LOOP ( 'NONE', ( #4672, #6659 ) ) ;
#6063 = FACE_OUTER_BOUND ( 'NONE', #531, .T. ) ;
#6064 = FACE_BOUND ( 'NONE', #6524, .T. ) ;
#6065 = CARTESIAN_POINT ( 'NONE',  ( -0.5000000000000026645, -2.000000000000001776, 2.000000000000000000 ) ) ;
#6066 = CARTESIAN_POINT ( 'NONE',  ( -5.999999999999999112, 39.75000000000000000, -0.001000000000000132727 ) ) ;
#6067 = EDGE_CURVE ( 'NONE', #7817, #7313, #3990, .T. ) ;
#6068 = ORIENTED_EDGE ( 'NONE', *, *, #326, .T. ) ;
#6069 = ORIENTED_EDGE ( 'NONE', *, *, #2406, .F. ) ;
#6070 = VECTOR ( 'NONE', #5486, 1000.000000000000000 ) ;
#6071 = ORIENTED_EDGE ( 'NONE', *, *, #348, .F. ) ;
#6072 = LINE ( 'NONE', #580, #2778 ) ;
#6073 = VERTEX_POINT ( 'NONE', #727 ) ;
#6075 = ADVANCED_FACE ( 'NONE', ( #1885 ), #2535, .F. ) ;
#6074 = FACE_BOUND ( 'NONE', #6722, .T. ) ;
#6076 = DIRECTION ( 'NONE',  ( 0.000000000000000000, 0.000000000000000000, 1.000000000000000000 ) ) ;
#6077 = CIRCLE ( 'NONE', #2589, 0.5000000000000004441 ) ;
#6078 = VERTEX_POINT ( 'NONE', #1923 ) ;
#6079 = CARTESIAN_POINT ( 'NONE',  ( -14.49999999999999822, -26.99999999999999645, -8.000000000000000000 ) ) ;
#6080 = AXIS2_PLACEMENT_3D ( 'NONE', #7086, #237, #7576 ) ;
#6081 = CIRCLE ( 'NONE', #7121, 0.5000000000000004441 ) ;
#6082 = DIRECTION ( 'NONE',  ( 1.000000000000000000, 0.000000000000000000, 0.000000000000000000 ) ) ;
#6083 = VECTOR ( 'NONE', #6513, 1000.000000000000000 ) ;
#6084 = ORIENTED_EDGE ( 'NONE', *, *, #7976, .F. ) ;
#6085 = DIRECTION ( 'NONE',  ( 1.000000000000000000, 0.000000000000000000, 0.000000000000000000 ) ) ;
#6086 = EDGE_LOOP ( 'NONE', ( #3934, #4594, #6680, #4875 ) ) ;
#6087 = LINE ( 'NONE', #2967, #7658 ) ;
#6088 = ADVANCED_FACE ( 'NONE', ( #7478 ), #1760, .F. ) ;
#6089 = ORIENTED_EDGE ( 'NONE', *, *, #7797, .F. ) ;
#6090 = VECTOR ( 'NONE', #8010, 1000.000000000000000 ) ;
#6091 = DIRECTION ( 'NONE',  ( 1.000000000000000000, 0.000000000000000000, 0.000000000000000000 ) ) ;
#6092 = DIRECTION ( 'NONE',  ( -0.000000000000000000, 0.000000000000000000, 1.000000000000000000 ) ) ;
#6093 = DIRECTION ( 'NONE',  ( -0.000000000000000000, -0.000000000000000000, 1.000000000000000000 ) ) ;
#6094 = AXIS2_PLACEMENT_3D ( 'NONE', #4640, #6640, #1123 ) ;
#6095 = CIRCLE ( 'NONE', #1962, 0.5000000000000004441 ) ;
#6096 = DIRECTION ( 'NONE',  ( 1.000000000000000000, 0.000000000000000000, 0.000000000000000000 ) ) ;
#6097 = ORIENTED_EDGE ( 'NONE', *, *, #1965, .T. ) ;
#6098 = VERTEX_POINT ( 'NONE', #6759 ) ;
#6099 = CARTESIAN_POINT ( 'NONE',  ( -9.500000000000000000, -32.00000000000000000, 0.000000000000000000 ) ) ;
#6100 = EDGE_CURVE ( 'NONE', #2227, #4613, #6837, .T. ) ;
#6101 = CARTESIAN_POINT ( 'NONE',  ( -4.999999999999999112, -26.99999999999999645, 2.000000000000000000 ) ) ;
#6102 = ADVANCED_FACE ( 'NONE', ( #6225 ), #688, .F. ) ;
#6103 = AXIS2_PLACEMENT_3D ( 'NONE', #2090, #2042, #7038 ) ;
#6104 = CARTESIAN_POINT ( 'NONE',  ( 9.999999999999998224, 3.000000000000002665, 0.000000000000000000 ) ) ;
#6105 = ORIENTED_EDGE ( 'NONE', *, *, #6857, .T. ) ;
#6106 = AXIS2_PLACEMENT_3D ( 'NONE', #1937, #1345, #1224 ) ;
#6107 = CIRCLE ( 'NONE', #6769, 0.5000000000000004441 ) ;
#6108 = CARTESIAN_POINT ( 'NONE',  ( -0.5000000000000043299, 33.00000000000000000, 0.000000000000000000 ) ) ;
#6109 = AXIS2_PLACEMENT_3D ( 'NONE', #2354, #6578, #1108 ) ;
#6110 = CARTESIAN_POINT ( 'NONE',  ( -15.50000000000000355, 33.00000000000000000, 0.000000000000000000 ) ) ;
#6111 = CIRCLE ( 'NONE', #2350, 0.5000000000000004441 ) ;
#6112 = CARTESIAN_POINT ( 'NONE',  ( -7.249999999999999112, -4.899999999999999467, 0.000000000000000000 ) ) ;
#6113 = FACE_BOUND ( 'NONE', #4089, .T. ) ;
#6114 = CIRCLE ( 'NONE', #1580, 0.5000000000000004441 ) ;
#6115 = EDGE_CURVE ( 'NONE', #4044, #44, #1957, .T. ) ;
#6116 = DIRECTION ( 'NONE',  ( 1.000000000000000000, 0.000000000000000000, 0.000000000000000000 ) ) ;
#6117 = DIRECTION ( 'NONE',  ( -0.000000000000000000, -0.000000000000000000, 1.000000000000000000 ) ) ;
#6118 = ORIENTED_EDGE ( 'NONE', *, *, #1135, .F. ) ;
#6119 = ORIENTED_EDGE ( 'NONE', *, *, #3018, .T. ) ;
#6120 = ORIENTED_EDGE ( 'NONE', *, *, #2017, .F. ) ;
#6121 = AXIS2_PLACEMENT_3D ( 'NONE', #6279, #3207, #7566 ) ;
#6122 = CARTESIAN_POINT ( 'NONE',  ( 4.999999999999997335, 13.00000000000000178, 2.000000000000000000 ) ) ;
#6123 = DIRECTION ( 'NONE',  ( -0.000000000000000000, -0.000000000000000000, 1.000000000000000000 ) ) ;
#6124 = ORIENTED_EDGE ( 'NONE', *, *, #4296, .T. ) ;
#6125 = ORIENTED_EDGE ( 'NONE', *, *, #1789, .F. ) ;
#6126 = CARTESIAN_POINT ( 'NONE',  ( 13.25000000000000178, 20.49999999999999645, -1.000000000000000000 ) ) ;
#6127 = CIRCLE ( 'NONE', #2232, 0.5000000000000004441 ) ;
#6128 = ORIENTED_EDGE ( 'NONE', *, *, #3826, .F. ) ;
#6129 = DIRECTION ( 'NONE',  ( -0.000000000000000000, -0.000000000000000000, 1.000000000000000000 ) ) ;
#6130 = DIRECTION ( 'NONE',  ( -0.000000000000000000, -0.000000000000000000, 1.000000000000000000 ) ) ;
#6131 = ORIENTED_EDGE ( 'NONE', *, *, #7947, .T. ) ;
#6132 = FACE_OUTER_BOUND ( 'NONE', #1185, .T. ) ;
#6133 = DIRECTION ( 'NONE',  ( 0.000000000000000000, -1.000000000000000000, 0.000000000000000000 ) ) ;
#6134 = EDGE_LOOP ( 'NONE', ( #3016, #606, #2785, #1776 ) ) ;
#6135 = CYLINDRICAL_SURFACE ( 'NONE', #2426, 0.5000000000000008882 ) ;
#6136 = EDGE_CURVE ( 'NONE', #4374, #3409, #5652, .T. ) ;
#6137 = LINE ( 'NONE', #4262, #4883 ) ;
#6138 = CARTESIAN_POINT ( 'NONE',  ( -4.500000000000000888, 13.00000000000000178, 0.000000000000000000 ) ) ;
#6139 = LINE ( 'NONE', #598, #7642 ) ;
#6140 = EDGE_CURVE ( 'NONE', #3793, #7302, #4137, .T. ) ;
#6141 = DIRECTION ( 'NONE',  ( -0.000000000000000000, -0.000000000000000000, 1.000000000000000000 ) ) ;
#6142 = LINE ( 'NONE', #7479, #6360 ) ;
#6143 = ORIENTED_EDGE ( 'NONE', *, *, #2924, .F. ) ;
#6144 = EDGE_LOOP ( 'NONE', ( #402, #4288 ) ) ;
#6145 = CARTESIAN_POINT ( 'NONE',  ( 9.999999999999998224, 28.00000000000000000, 2.000000000000000000 ) ) ;
#6146 = VECTOR ( 'NONE', #4234, 1000.000000000000000 ) ;
#6147 = CARTESIAN_POINT ( 'NONE',  ( -18.99999999999999645, 41.25000000000000000, 2.000000000000000000 ) ) ;
#6148 = DIRECTION ( 'NONE',  ( 0.000000000000000000, 0.000000000000000000, 1.000000000000000000 ) ) ;
#6149 = VERTEX_POINT ( 'NONE', #7969 ) ;
#6150 = DIRECTION ( 'NONE',  ( -0.000000000000000000, -0.000000000000000000, 1.000000000000000000 ) ) ;
#6152 = EDGE_CURVE ( 'NONE', #7069, #1407, #801, .T. ) ;
#6151 = CARTESIAN_POINT ( 'NONE',  ( -15.00000000000000000, -26.99999999999999645, 0.000000000000000000 ) ) ;
#6153 = LINE ( 'NONE', #651, #5814 ) ;
#6154 = FACE_BOUND ( 'NONE', #2636, .T. ) ;
#6155 = CARTESIAN_POINT ( 'NONE',  ( 15.49999999999999645, 18.00000000000000355, 2.000000000000000000 ) ) ;
#6156 = CYLINDRICAL_SURFACE ( 'NONE', #2850, 0.5000000000000004441 ) ;
#6157 = ORIENTED_EDGE ( 'NONE', *, *, #6756, .F. ) ;
#6158 = AXIS2_PLACEMENT_3D ( 'NONE', #1588, #5475, #2307 ) ;
#6159 = VERTEX_POINT ( 'NONE', #600 ) ;
#6160 = ORIENTED_EDGE ( 'NONE', *, *, #5307, .F. ) ;
#6161 = DIRECTION ( 'NONE',  ( 0.000000000000000000, 0.000000000000000000, 1.000000000000000000 ) ) ;
#6162 = CARTESIAN_POINT ( 'NONE',  ( -10.50000000000000178, 28.00000000000000000, 2.000000000000000000 ) ) ;
#6163 = VERTEX_POINT ( 'NONE', #7350 ) ;
#6164 = VERTEX_POINT ( 'NONE', #3196 ) ;
#6165 = DIRECTION ( 'NONE',  ( 1.000000000000000000, 0.000000000000000000, 0.000000000000000000 ) ) ;
#6166 = EDGE_CURVE ( 'NONE', #500, #7418, #7312, .T. ) ;
#6167 = EDGE_CURVE ( 'NONE', #7667, #4328, #7399, .T. ) ;
#6168 = ORIENTED_EDGE ( 'NONE', *, *, #7066, .T. ) ;
#6169 = CARTESIAN_POINT ( 'NONE',  ( -10.00000000000000178, 13.00000000000000178, -8.000000000000000000 ) ) ;
#6170 = ORIENTED_EDGE ( 'NONE', *, *, #4130, .F. ) ;
#6171 = DIRECTION ( 'NONE',  ( 1.000000000000000000, 0.000000000000000000, 0.000000000000000000 ) ) ;
#6172 = AXIS2_PLACEMENT_3D ( 'NONE', #2053, #4529, #3841 ) ;
#6173 = ORIENTED_EDGE ( 'NONE', *, *, #5581, .T. ) ;
#6174 = ADVANCED_FACE ( 'NONE', ( #3380 ), #3908, .F. ) ;
#6175 = AXIS2_PLACEMENT_3D ( 'NONE', #1070, #1750, #5962 ) ;
#6176 = CARTESIAN_POINT ( 'NONE',  ( -6.299999999999995381, -14.05000000000000071, 0.000000000000000000 ) ) ;
#6177 = EDGE_CURVE ( 'NONE', #8002, #7654, #7001, .T. ) ;
#6178 = EDGE_LOOP ( 'NONE', ( #788, #2542, #3291, #2592 ) ) ;
#6179 = DIRECTION ( 'NONE',  ( 1.000000000000000000, 0.000000000000000000, 0.000000000000000000 ) ) ;
#6180 = DIRECTION ( 'NONE',  ( 1.000000000000000000, 0.000000000000000000, 0.000000000000000000 ) ) ;
#6181 = CARTESIAN_POINT ( 'NONE',  ( 5.499999999999998224, 28.00000000000000000, -8.000000000000000000 ) ) ;
#6182 = EDGE_CURVE ( 'NONE', #5717, #1542, #3275, .T. ) ;
#6183 = DIRECTION ( 'NONE',  ( 1.000000000000000000, 0.000000000000000000, 0.000000000000000000 ) ) ;
#6184 = ORIENTED_EDGE ( 'NONE', *, *, #1092, .F. ) ;
#6185 = ORIENTED_EDGE ( 'NONE', *, *, #337, .F. ) ;
#6186 = CIRCLE ( 'NONE', #3467, 0.5000000000000004441 ) ;
#6187 = CYLINDRICAL_SURFACE ( 'NONE', #6625, 0.5000000000000004441 ) ;
#6188 = CYLINDRICAL_SURFACE ( 'NONE', #2173, 0.5000000000000004441 ) ;
#6189 = DIRECTION ( 'NONE',  ( -0.000000000000000000, -0.000000000000000000, 1.000000000000000000 ) ) ;
#6190 = ORIENTED_EDGE ( 'NONE', *, *, #7687, .T. ) ;
#6191 = VECTOR ( 'NONE', #183, 1000.000000000000000 ) ;
#6192 = DIRECTION ( 'NONE',  ( 1.000000000000000000, 0.000000000000000000, 0.000000000000000000 ) ) ;
#6193 = DIRECTION ( 'NONE',  ( 1.000000000000000000, 0.000000000000000000, 0.000000000000000000 ) ) ;
#6194 = DIRECTION ( 'NONE',  ( 0.000000000000000000, 0.000000000000000000, 1.000000000000000000 ) ) ;
#6195 = FACE_BOUND ( 'NONE', #5090, .T. ) ;
#6196 = DIRECTION ( 'NONE',  ( 1.000000000000000000, 0.000000000000000000, 0.000000000000000000 ) ) ;
#6197 = VERTEX_POINT ( 'NONE', #7629 ) ;
#6198 = AXIS2_PLACEMENT_3D ( 'NONE', #4180, #3421, #988 ) ;
#6199 = EDGE_LOOP ( 'NONE', ( #5643, #1371 ) ) ;
#6200 = EDGE_LOOP ( 'NONE', ( #4749, #6429, #4353, #105 ) ) ;
#6201 = CYLINDRICAL_SURFACE ( 'NONE', #7587, 0.5000000000000004441 ) ;
#6202 = CARTESIAN_POINT ( 'NONE',  ( 19.75000000000000000, 34.50000000000000000, -1.000000000000000000 ) ) ;
#6203 = VERTEX_POINT ( 'NONE', #6303 ) ;
#6204 = VERTEX_POINT ( 'NONE', #760 ) ;
#6205 = CARTESIAN_POINT ( 'NONE',  ( 10.49999999999999822, 8.000000000000000000, 2.000000000000000000 ) ) ;
#6206 = AXIS2_PLACEMENT_3D ( 'NONE', #6603, #519, #358 ) ;
#6207 = ADVANCED_FACE ( 'NONE', ( #5032 ), #5152, .F. ) ;
#6208 = ORIENTED_EDGE ( 'NONE', *, *, #1541, .F. ) ;
#6209 = DIRECTION ( 'NONE',  ( -0.000000000000000000, -0.000000000000000000, 1.000000000000000000 ) ) ;
#6210 = EDGE_CURVE ( 'NONE', #892, #1111, #2727, .T. ) ;
#6211 = ORIENTED_EDGE ( 'NONE', *, *, #962, .T. ) ;
#6212 = CARTESIAN_POINT ( 'NONE',  ( -10.50000000000000178, 23.00000000000000000, 0.000000000000000000 ) ) ;
#6213 = DIRECTION ( 'NONE',  ( 1.000000000000000000, 0.000000000000000000, 0.000000000000000000 ) ) ;
#6214 = VERTEX_POINT ( 'NONE', #4591 ) ;
#6215 = AXIS2_PLACEMENT_3D ( 'NONE', #7176, #3043, #5381 ) ;
#6216 = CARTESIAN_POINT ( 'NONE',  ( 4.999999999999997335, 8.000000000000000000, 2.000000000000000000 ) ) ;
#6217 = ORIENTED_EDGE ( 'NONE', *, *, #7782, .F. ) ;
#6218 = DIRECTION ( 'NONE',  ( 1.000000000000000000, 0.000000000000000000, 0.000000000000000000 ) ) ;
#6219 = AXIS2_PLACEMENT_3D ( 'NONE', #2519, #4297, #6907 ) ;
#6220 = CIRCLE ( 'NONE', #3879, 0.5000000000000004441 ) ;
#6221 = FACE_OUTER_BOUND ( 'NONE', #7496, .T. ) ;
#6222 = FACE_BOUND ( 'NONE', #2085, .T. ) ;
#6223 = AXIS2_PLACEMENT_3D ( 'NONE', #5987, #1648, #403 ) ;
#6224 = AXIS2_PLACEMENT_3D ( 'NONE', #1356, #2817, #2672 ) ;
#6225 = FACE_OUTER_BOUND ( 'NONE', #4246, .T. ) ;
#6226 = CARTESIAN_POINT ( 'NONE',  ( -10.00000000000000178, 3.000000000000002665, -8.000000000000000000 ) ) ;
#6227 = AXIS2_PLACEMENT_3D ( 'NONE', #2731, #6338, #6390 ) ;
#6228 = EDGE_LOOP ( 'NONE', ( #697, #7747, #6527, #1864 ) ) ;
#6229 = CARTESIAN_POINT ( 'NONE',  ( 0.000000000000000000, -32.00000000000000000, -8.000000000000000000 ) ) ;
#6230 = DIRECTION ( 'NONE',  ( -0.000000000000000000, -0.000000000000000000, 1.000000000000000000 ) ) ;
#6231 = EDGE_CURVE ( 'NONE', #3929, #284, #4918, .T. ) ;
#6232 = CARTESIAN_POINT ( 'NONE',  ( -6.299999999999995381, -20.54999999999999716, 2.000000000000000000 ) ) ;
#6233 = ORIENTED_EDGE ( 'NONE', *, *, #6049, .F. ) ;
#6234 = ADVANCED_FACE ( 'NONE', ( #4559 ), #6463, .F. ) ;
#6235 =( GEOMETRIC_REPRESENTATION_CONTEXT ( 3 ) GLOBAL_UNCERTAINTY_ASSIGNED_CONTEXT ( ( #953 ) ) GLOBAL_UNIT_ASSIGNED_CONTEXT ( ( #7677, #3276, #1369 ) ) REPRESENTATION_CONTEXT ( 'NONE', 'WORKASPACE' ) );
#6236 = VECTOR ( 'NONE', #1153, 1000.000000000000000 ) ;
#6237 = CARTESIAN_POINT ( 'NONE',  ( 19.75000000000000000, 20.49999999999999645, 0.000000000000000000 ) ) ;
#6238 = ORIENTED_EDGE ( 'NONE', *, *, #2540, .F. ) ;
#6239 = FACE_OUTER_BOUND ( 'NONE', #6485, .T. ) ;
#6240 = DIRECTION ( 'NONE',  ( 1.000000000000000000, 0.000000000000000000, 0.000000000000000000 ) ) ;
#6241 = CIRCLE ( 'NONE', #3520, 0.5000000000000004441 ) ;
#6242 = FACE_OUTER_BOUND ( 'NONE', #7829, .T. ) ;
#6243 = CIRCLE ( 'NONE', #282, 0.5000000000000004441 ) ;
#6244 = ORIENTED_EDGE ( 'NONE', *, *, #231, .T. ) ;
#6245 = EDGE_LOOP ( 'NONE', ( #3315, #1617 ) ) ;
#6246 = EDGE_CURVE ( 'NONE', #1319, #5207, #5305, .T. ) ;
#6247 = ORIENTED_EDGE ( 'NONE', *, *, #2064, .T. ) ;
#6248 = FACE_OUTER_BOUND ( 'NONE', #5423, .T. ) ;
#6249 = AXIS2_PLACEMENT_3D ( 'NONE', #7525, #4440, #3834 ) ;
#6250 = DIRECTION ( 'NONE',  ( -0.000000000000000000, 0.000000000000000000, 1.000000000000000000 ) ) ;
#6251 = AXIS2_PLACEMENT_3D ( 'NONE', #3287, #812, #4484 ) ;
#6252 = ORIENTED_EDGE ( 'NONE', *, *, #2279, .T. ) ;
#6253 = EDGE_CURVE ( 'NONE', #5003, #527, #2603, .T. ) ;
#6254 = CARTESIAN_POINT ( 'NONE',  ( 19.00000000000000355, 41.25000000000000000, 2.000000000000000000 ) ) ;
#6255 = VECTOR ( 'NONE', #670, 1000.000000000000000 ) ;
#6256 = ORIENTED_EDGE ( 'NONE', *, *, #7510, .F. ) ;
#6257 = AXIS2_PLACEMENT_3D ( 'NONE', #4263, #5566, #6755 ) ;
#6258 = ORIENTED_EDGE ( 'NONE', *, *, #2803, .T. ) ;
#6259 = DIRECTION ( 'NONE',  ( 1.000000000000000000, 0.000000000000000000, 0.000000000000000000 ) ) ;
#6260 = ORIENTED_EDGE ( 'NONE', *, *, #2107, .F. ) ;
#6261 = CARTESIAN_POINT ( 'NONE',  ( -7.249999999999999112, -4.899999999999999467, 2.000000000000000000 ) ) ;
#6262 = DIRECTION ( 'NONE',  ( -0.000000000000000000, 0.000000000000000000, 1.000000000000000000 ) ) ;
#6263 = EDGE_LOOP ( 'NONE', ( #1549, #2022, #4669, #7857 ) ) ;
#6264 = EDGE_CURVE ( 'NONE', #466, #7717, #6425, .T. ) ;
#6265 = VERTEX_POINT ( 'NONE', #5689 ) ;
#6266 = CARTESIAN_POINT ( 'NONE',  ( 9.499999999999998224, 18.00000000000000355, 0.000000000000000000 ) ) ;
#6267 = CARTESIAN_POINT ( 'NONE',  ( -10.00000000000000178, -6.999999999999999112, 0.000000000000000000 ) ) ;
#6268 = FACE_BOUND ( 'NONE', #675, .T. ) ;
#6269 = DIRECTION ( 'NONE',  ( 0.000000000000000000, 0.000000000000000000, 1.000000000000000000 ) ) ;
#6270 = ORIENTED_EDGE ( 'NONE', *, *, #240, .T. ) ;
#6271 = ADVANCED_FACE ( 'NONE', ( #139 ), #3976, .F. ) ;
#6272 = EDGE_LOOP ( 'NONE', ( #407, #884 ) ) ;
#6273 = DIRECTION ( 'NONE',  ( 1.000000000000000000, 0.000000000000000000, 0.000000000000000000 ) ) ;
#6274 = DIRECTION ( 'NONE',  ( -0.000000000000000000, -0.000000000000000000, 1.000000000000000000 ) ) ;
#6275 = CARTESIAN_POINT ( 'NONE',  ( -17.30937500000000284, 38.50000000000000000, 2.000000000000000000 ) ) ;
#6276 = EDGE_LOOP ( 'NONE', ( #6256, #734, #7925, #1134 ) ) ;
#6277 = EDGE_CURVE ( 'NONE', #5958, #1029, #3896, .T. ) ;
#6278 = CARTESIAN_POINT ( 'NONE',  ( 21.00000000000000355, 39.25000000000000000, 2.000000000000000000 ) ) ;
#6279 = CARTESIAN_POINT ( 'NONE',  ( -15.00000000000000000, -32.00000000000000000, 2.000000000000000000 ) ) ;
#6280 = FACE_OUTER_BOUND ( 'NONE', #502, .T. ) ;
#6281 = CIRCLE ( 'NONE', #2383, 0.5000000000000008882 ) ;
#6282 = FACE_BOUND ( 'NONE', #6562, .T. ) ;
#6283 = DIRECTION ( 'NONE',  ( -0.000000000000000000, 0.000000000000000000, 1.000000000000000000 ) ) ;
#6284 = EDGE_LOOP ( 'NONE', ( #1647, #3593 ) ) ;
#6285 = AXIS2_PLACEMENT_3D ( 'NONE', #3538, #7952, #7144 ) ;
#6286 = ORIENTED_EDGE ( 'NONE', *, *, #5615, .T. ) ;
#6287 = VECTOR ( 'NONE', #3957, 1000.000000000000000 ) ;
#6288 = CARTESIAN_POINT ( 'NONE',  ( 4.500000000000000888, -6.999999999999999112, 0.000000000000000000 ) ) ;
#6289 = ORIENTED_EDGE ( 'NONE', *, *, #4122, .T. ) ;
#6290 = CARTESIAN_POINT ( 'NONE',  ( -0.5000000000000026645, -11.99999999999999645, -8.000000000000000000 ) ) ;
#6291 = ADVANCED_FACE ( 'NONE', ( #2618 ), #7067, .F. ) ;
#6292 = EDGE_LOOP ( 'NONE', ( #6371, #7094 ) ) ;
#6293 = DIRECTION ( 'NONE',  ( -0.000000000000000000, -0.000000000000000000, 1.000000000000000000 ) ) ;
#6294 = ORIENTED_EDGE ( 'NONE', *, *, #6792, .F. ) ;
#6295 = DIRECTION ( 'NONE',  ( 1.000000000000000000, 0.000000000000000000, 0.000000000000000000 ) ) ;
#6296 = ORIENTED_EDGE ( 'NONE', *, *, #5367, .T. ) ;
#6297 = LINE ( 'NONE', #3338, #1398 ) ;
#6298 = ORIENTED_EDGE ( 'NONE', *, *, #3903, .F. ) ;
#6299 = CARTESIAN_POINT ( 'NONE',  ( 5.999999999999998224, 41.25000000000000000, 2.000000000000000000 ) ) ;
#6300 = LINE ( 'NONE', #7436, #706 ) ;
#6301 = ADVANCED_FACE ( 'NONE', ( #5737 ), #2002, .F. ) ;
#6302 = FACE_BOUND ( 'NONE', #7785, .T. ) ;
#6303 = CARTESIAN_POINT ( 'NONE',  ( -10.50000000000000000, -26.99999999999999645, 0.000000000000000000 ) ) ;
#6304 = ORIENTED_EDGE ( 'NONE', *, *, #1019, .T. ) ;
#6305 = ORIENTED_EDGE ( 'NONE', *, *, #6924, .T. ) ;
#6306 = CYLINDRICAL_SURFACE ( 'NONE', #4751, 0.5000000000000004441 ) ;
#6307 = CARTESIAN_POINT ( 'NONE',  ( 5.499999999999998224, 13.00000000000000178, 0.000000000000000000 ) ) ;
#6308 = ORIENTED_EDGE ( 'NONE', *, *, #838, .T. ) ;
#6309 = EDGE_CURVE ( 'NONE', #1788, #118, #1968, .T. ) ;
#6310 = EDGE_CURVE ( 'NONE', #5720, #1348, #1688, .T. ) ;
#6311 = DIRECTION ( 'NONE',  ( -0.000000000000000000, -0.000000000000000000, 1.000000000000000000 ) ) ;
#6312 = CIRCLE ( 'NONE', #6835, 0.5000000000000004441 ) ;
#6313 = DIRECTION ( 'NONE',  ( -0.000000000000000000, -0.000000000000000000, 1.000000000000000000 ) ) ;
#6314 = DIRECTION ( 'NONE',  ( 1.000000000000000000, 0.000000000000000000, 0.000000000000000000 ) ) ;
#6315 = DIRECTION ( 'NONE',  ( -0.000000000000000000, -0.000000000000000000, 1.000000000000000000 ) ) ;
#6316 = ORIENTED_EDGE ( 'NONE', *, *, #1895, .F. ) ;
#6317 = AXIS2_PLACEMENT_3D ( 'NONE', #4717, #474, #1641 ) ;
#6318 = EDGE_CURVE ( 'NONE', #7838, #1778, #4278, .T. ) ;
#6319 = DIRECTION ( 'NONE',  ( -0.000000000000000000, -0.000000000000000000, 1.000000000000000000 ) ) ;
#6320 = DIRECTION ( 'NONE',  ( 1.000000000000000000, 0.000000000000000000, 0.000000000000000000 ) ) ;
#6321 = ORIENTED_EDGE ( 'NONE', *, *, #7423, .T. ) ;
#6322 = CARTESIAN_POINT ( 'NONE',  ( 10.00000000000000178, -32.00000000000000000, 2.000000000000000000 ) ) ;
#6323 = CIRCLE ( 'NONE', #7739, 0.5000000000000004441 ) ;
#6324 = EDGE_LOOP ( 'NONE', ( #1735, #265, #2662, #1012 ) ) ;
#6325 = FACE_OUTER_BOUND ( 'NONE', #2920, .T. ) ;
#6326 = ADVANCED_FACE ( 'NONE', ( #5918 ), #7866, .F. ) ;
#6327 = EDGE_LOOP ( 'NONE', ( #2575, #4684 ) ) ;
#6328 = EDGE_CURVE ( 'NONE', #7504, #5272, #3539, .T. ) ;
#6329 = CARTESIAN_POINT ( 'NONE',  ( 6.000000000000001776, 39.75000000000000000, -0.001000000000000132727 ) ) ;
#6330 = VERTEX_POINT ( 'NONE', #1665 ) ;
#6331 = VECTOR ( 'NONE', #5525, 1000.000000000000000 ) ;
#6332 = FACE_OUTER_BOUND ( 'NONE', #5868, .T. ) ;
#6333 = VERTEX_POINT ( 'NONE', #948 ) ;
#6334 = CARTESIAN_POINT ( 'NONE',  ( 10.00000000000000178, -26.99999999999999645, 0.000000000000000000 ) ) ;
#6335 = AXIS2_PLACEMENT_3D ( 'NONE', #2048, #3393, #2777 ) ;
#6336 = DIRECTION ( 'NONE',  ( 2.312964634635741083E-15, -1.000000000000000000, 0.000000000000000000 ) ) ;
#6337 = DIRECTION ( 'NONE',  ( -0.000000000000000000, 0.000000000000000000, 1.000000000000000000 ) ) ;
#6338 = DIRECTION ( 'NONE',  ( -0.000000000000000000, 0.000000000000000000, 1.000000000000000000 ) ) ;
#6339 = ADVANCED_FACE ( 'NONE', ( #5309 ), #7792, .F. ) ;
#6340 = CARTESIAN_POINT ( 'NONE',  ( 9.499999999999998224, 28.00000000000000000, 2.000000000000000000 ) ) ;
#6341 = ORIENTED_EDGE ( 'NONE', *, *, #910, .T. ) ;
#6342 = VECTOR ( 'NONE', #1430, 1000.000000000000000 ) ;
#6343 = EDGE_LOOP ( 'NONE', ( #955, #6247 ) ) ;
#6344 = VECTOR ( 'NONE', #756, 1000.000000000000000 ) ;
#6345 = CIRCLE ( 'NONE', #4911, 2.000000000000001776 ) ;
#6346 = DIRECTION ( 'NONE',  ( 1.000000000000000000, 0.000000000000000000, 0.000000000000000000 ) ) ;
#6347 = CARTESIAN_POINT ( 'NONE',  ( 10.50000000000000178, -26.99999999999999645, 0.000000000000000000 ) ) ;
#6348 = ORIENTED_EDGE ( 'NONE', *, *, #4306, .F. ) ;
#6349 = VECTOR ( 'NONE', #4950, 1000.000000000000000 ) ;
#6350 = CARTESIAN_POINT ( 'NONE',  ( 4.500000000000000888, -32.00000000000000000, 0.000000000000000000 ) ) ;
#6351 = VECTOR ( 'NONE', #7718, 1000.000000000000000 ) ;
#6352 = VECTOR ( 'NONE', #2511, 1000.000000000000000 ) ;
#6353 = LINE ( 'NONE', #2582, #826 ) ;
#6354 = CARTESIAN_POINT ( 'NONE',  ( 14.99999999999999645, 13.00000000000000178, 0.000000000000000000 ) ) ;
#6355 = LINE ( 'NONE', #1413, #3396 ) ;
#6356 = EDGE_CURVE ( 'NONE', #1308, #6476, #1438, .T. ) ;
#6357 = DIRECTION ( 'NONE',  ( 0.000000000000000000, -1.000000000000000000, 0.000000000000000000 ) ) ;
#6358 = DIRECTION ( 'NONE',  ( 0.000000000000000000, 0.000000000000000000, 1.000000000000000000 ) ) ;
#6359 = ORIENTED_EDGE ( 'NONE', *, *, #868, .F. ) ;
#6360 = VECTOR ( 'NONE', #4271, 1000.000000000000000 ) ;
#6361 = AXIS2_PLACEMENT_3D ( 'NONE', #4088, #1627, #7220 ) ;
#6362 = CARTESIAN_POINT ( 'NONE',  ( -5.000000000000000888, -22.00000000000000000, 2.000000000000000000 ) ) ;
#6363 = DIRECTION ( 'NONE',  ( 0.000000000000000000, 0.000000000000000000, 1.000000000000000000 ) ) ;
#6364 = VERTEX_POINT ( 'NONE', #4050 ) ;
#6365 = EDGE_CURVE ( 'NONE', #7425, #5930, #2985, .T. ) ;
#6366 = DIRECTION ( 'NONE',  ( 0.000000000000000000, 0.000000000000000000, 1.000000000000000000 ) ) ;
#6367 = AXIS2_PLACEMENT_3D ( 'NONE', #2249, #4716, #5403 ) ;
#6368 = AXIS2_PLACEMENT_3D ( 'NONE', #4744, #4018, #2847 ) ;
#6369 = ORIENTED_EDGE ( 'NONE', *, *, #4615, .T. ) ;
#6370 = EDGE_CURVE ( 'NONE', #4895, #4728, #3262, .T. ) ;
#6371 = ORIENTED_EDGE ( 'NONE', *, *, #3114, .T. ) ;
#6372 = DIRECTION ( 'NONE',  ( 1.000000000000000000, 0.000000000000000000, 0.000000000000000000 ) ) ;
#6373 = CIRCLE ( 'NONE', #417, 0.5000000000000008882 ) ;
#6374 = EDGE_LOOP ( 'NONE', ( #2960, #6951 ) ) ;
#6375 = DIRECTION ( 'NONE',  ( 1.000000000000000000, 0.000000000000000000, 0.000000000000000000 ) ) ;
#6376 = AXIS2_PLACEMENT_3D ( 'NONE', #1894, #5665, #5007 ) ;
#6377 = AXIS2_PLACEMENT_3D ( 'NONE', #7493, #8026, #2468 ) ;
#6378 = CARTESIAN_POINT ( 'NONE',  ( 9.999999999999998224, 13.00000000000000178, -8.000000000000000000 ) ) ;
#6379 = ORIENTED_EDGE ( 'NONE', *, *, #3364, .F. ) ;
#6380 = DIRECTION ( 'NONE',  ( 1.000000000000000000, 0.000000000000000000, 0.000000000000000000 ) ) ;
#6381 = AXIS2_PLACEMENT_3D ( 'NONE', #3455, #7906, #1712 ) ;
#6382 = EDGE_CURVE ( 'NONE', #1445, #2245, #3377, .T. ) ;
#6383 = CARTESIAN_POINT ( 'NONE',  ( -4.500000000000000888, 8.000000000000000000, 0.000000000000000000 ) ) ;
#6384 = EDGE_CURVE ( 'NONE', #4937, #1784, #1715, .T. ) ;
#6385 = VERTEX_POINT ( 'NONE', #4129 ) ;
#6386 = DIRECTION ( 'NONE',  ( -0.000000000000000000, -0.000000000000000000, 1.000000000000000000 ) ) ;
#6387 = CARTESIAN_POINT ( 'NONE',  ( -5.000000000000000888, -17.00000000000000000, 2.000000000000000000 ) ) ;
#6388 = AXIS2_PLACEMENT_3D ( 'NONE', #772, #2012, #1978 ) ;
#6389 = CARTESIAN_POINT ( 'NONE',  ( 0.000000000000000000, -26.99999999999999645, 0.000000000000000000 ) ) ;
#6390 = DIRECTION ( 'NONE',  ( 1.000000000000000000, 0.000000000000000000, 0.000000000000000000 ) ) ;
#6391 = EDGE_CURVE ( 'NONE', #7124, #2635, #1548, .T. ) ;
#6392 = ORIENTED_EDGE ( 'NONE', *, *, #4333, .F. ) ;
#6393 = ORIENTED_EDGE ( 'NONE', *, *, #5479, .F. ) ;
#6394 = FACE_BOUND ( 'NONE', #4053, .T. ) ;
#6395 = DIRECTION ( 'NONE',  ( 1.000000000000000000, 0.000000000000000000, 0.000000000000000000 ) ) ;
#6396 = CARTESIAN_POINT ( 'NONE',  ( -18.50000000000000355, 38.50000000000000000, 2.000000000000000000 ) ) ;
#6397 = ORIENTED_EDGE ( 'NONE', *, *, #1019, .F. ) ;
#6398 = SURFACE_STYLE_USAGE ( .BOTH. , #5118 ) ;
#6399 = FACE_OUTER_BOUND ( 'NONE', #6228, .T. ) ;
#6400 = EDGE_CURVE ( 'NONE', #3119, #2105, #1047, .T. ) ;
#6401 = DIRECTION ( 'NONE',  ( -0.000000000000000000, 0.000000000000000000, 1.000000000000000000 ) ) ;
#6402 = CYLINDRICAL_SURFACE ( 'NONE', #3780, 1.190625000000000711 ) ;
#6403 = DIRECTION ( 'NONE',  ( 1.000000000000000000, 0.000000000000000000, 0.000000000000000000 ) ) ;
#6404 = ORIENTED_EDGE ( 'NONE', *, *, #6869, .F. ) ;
#6405 = DIRECTION ( 'NONE',  ( 0.000000000000000000, 0.000000000000000000, 1.000000000000000000 ) ) ;
#6406 = ADVANCED_FACE ( 'NONE', ( #378 ), #3418, .F. ) ;
#6407 = CARTESIAN_POINT ( 'NONE',  ( -15.50000000000000000, -26.99999999999999645, -8.000000000000000000 ) ) ;
#6408 = EDGE_LOOP ( 'NONE', ( #1902, #6612 ) ) ;
#6409 = CARTESIAN_POINT ( 'NONE',  ( 9.999999999999998224, 8.000000000000000000, 2.000000000000000000 ) ) ;
#6410 = AXIS2_PLACEMENT_3D ( 'NONE', #3557, #319, #6018 ) ;
#6411 = VERTEX_POINT ( 'NONE', #1025 ) ;
#6412 = DIRECTION ( 'NONE',  ( 0.000000000000000000, 0.000000000000000000, 1.000000000000000000 ) ) ;
#6413 = EDGE_LOOP ( 'NONE', ( #4704, #2402, #7818, #4348 ) ) ;
#6414 = CARTESIAN_POINT ( 'NONE',  ( 15.50000000000000000, -22.00000000000000000, 2.000000000000000000 ) ) ;
#6415 = EDGE_LOOP ( 'NONE', ( #7246, #7269, #4976, #3469 ) ) ;
#6416 = EDGE_CURVE ( 'NONE', #2393, #1901, #7643, .T. ) ;
#6417 = DIRECTION ( 'NONE',  ( 0.000000000000000000, 0.000000000000000000, 1.000000000000000000 ) ) ;
#6418 = LINE ( 'NONE', #4549, #5524 ) ;
#6419 = ORIENTED_EDGE ( 'NONE', *, *, #3951, .F. ) ;
#6420 = DIRECTION ( 'NONE',  ( -0.000000000000000000, -0.000000000000000000, 1.000000000000000000 ) ) ;
#6421 = FACE_OUTER_BOUND ( 'NONE', #2521, .T. ) ;
#6422 = DIRECTION ( 'NONE',  ( 1.000000000000000000, 0.000000000000000000, 0.000000000000000000 ) ) ;
#6423 = ADVANCED_FACE ( 'NONE', ( #3497 ), #4629, .F. ) ;
#6424 = FACE_BOUND ( 'NONE', #1534, .T. ) ;
#6425 = LINE ( 'NONE', #871, #3635 ) ;
#6426 = EDGE_CURVE ( 'NONE', #7313, #7817, #5435, .T. ) ;
#6427 = EDGE_CURVE ( 'NONE', #1778, #1347, #4015, .T. ) ;
#6428 = ORIENTED_EDGE ( 'NONE', *, *, #6434, .T. ) ;
#6429 = ORIENTED_EDGE ( 'NONE', *, *, #3145, .F. ) ;
#6430 = LINE ( 'NONE', #3980, #2951 ) ;
#6431 = DIRECTION ( 'NONE',  ( 1.000000000000000000, 0.000000000000000000, 0.000000000000000000 ) ) ;
#6432 = VERTEX_POINT ( 'NONE', #2193 ) ;
#6433 = CIRCLE ( 'NONE', #3331, 0.5000000000000004441 ) ;
#6434 = EDGE_CURVE ( 'NONE', #69, #1167, #2610, .T. ) ;
#6435 = CARTESIAN_POINT ( 'NONE',  ( 5.500000000000001776, -11.99999999999999645, 2.000000000000000000 ) ) ;
#6436 = LINE ( 'NONE', #189, #1664 ) ;
#6437 = CARTESIAN_POINT ( 'NONE',  ( -3.469446951953614189E-15, 23.00000000000000000, 0.000000000000000000 ) ) ;
#6438 = FACE_OUTER_BOUND ( 'NONE', #2368, .T. ) ;
#6439 = CARTESIAN_POINT ( 'NONE',  ( -9.500000000000001776, 8.000000000000000000, 0.000000000000000000 ) ) ;
#6440 = ORIENTED_EDGE ( 'NONE', *, *, #4240, .T. ) ;
#6441 = DIRECTION ( 'NONE',  ( -0.000000000000000000, -0.000000000000000000, 1.000000000000000000 ) ) ;
#6442 = CIRCLE ( 'NONE', #7476, 0.5000000000000008882 ) ;
#6443 = DIRECTION ( 'NONE',  ( -0.000000000000000000, -0.000000000000000000, 1.000000000000000000 ) ) ;
#6444 = ORIENTED_EDGE ( 'NONE', *, *, #6949, .T. ) ;
#6445 = DIRECTION ( 'NONE',  ( 1.000000000000000000, 0.000000000000000000, 0.000000000000000000 ) ) ;
#6446 = EDGE_CURVE ( 'NONE', #632, #2826, #3645, .T. ) ;
#6447 = CIRCLE ( 'NONE', #4233, 0.5000000000000004441 ) ;
#6448 = EDGE_LOOP ( 'NONE', ( #2273, #5345, #7127, #6531 ) ) ;
#6449 = VERTEX_POINT ( 'NONE', #6746 ) ;
#6450 = CARTESIAN_POINT ( 'NONE',  ( -0.5000000000000043299, 18.00000000000000355, -8.000000000000000000 ) ) ;
#6451 = FACE_OUTER_BOUND ( 'NONE', #6086, .T. ) ;
#6452 = ORIENTED_EDGE ( 'NONE', *, *, #4577, .T. ) ;
#6453 = VECTOR ( 'NONE', #2623, 1000.000000000000000 ) ;
#6454 = CARTESIAN_POINT ( 'NONE',  ( 15.50000000000000000, -17.00000000000000000, 2.000000000000000000 ) ) ;
#6455 = DIRECTION ( 'NONE',  ( 1.000000000000000000, 0.000000000000000000, 0.000000000000000000 ) ) ;
#6456 = EDGE_CURVE ( 'NONE', #6829, #8027, #4666, .T. ) ;
#6457 = EDGE_CURVE ( 'NONE', #364, #7427, #5056, .T. ) ;
#6458 = ORIENTED_EDGE ( 'NONE', *, *, #7700, .T. ) ;
#6459 = DIRECTION ( 'NONE',  ( 0.000000000000000000, 0.000000000000000000, 1.000000000000000000 ) ) ;
#6460 = DIRECTION ( 'NONE',  ( 1.000000000000000000, 0.000000000000000000, 0.000000000000000000 ) ) ;
#6461 = CYLINDRICAL_SURFACE ( 'NONE', #2414, 0.5000000000000004441 ) ;
#6462 = FACE_BOUND ( 'NONE', #7194, .T. ) ;
#6463 = CYLINDRICAL_SURFACE ( 'NONE', #5176, 0.5000000000000004441 ) ;
#6464 = ORIENTED_EDGE ( 'NONE', *, *, #700, .T. ) ;
#6465 = EDGE_LOOP ( 'NONE', ( #4141, #3806 ) ) ;
#6466 = DIRECTION ( 'NONE',  ( -0.000000000000000000, -0.000000000000000000, 1.000000000000000000 ) ) ;
#6467 = CARTESIAN_POINT ( 'NONE',  ( 0.4999999999999991673, 13.00000000000000178, -8.000000000000000000 ) ) ;
#6468 = EDGE_LOOP ( 'NONE', ( #6938, #2580 ) ) ;
#6469 = FACE_OUTER_BOUND ( 'NONE', #6901, .T. ) ;
#6470 = AXIS2_PLACEMENT_3D ( 'NONE', #1018, #7821, #3487 ) ;
#6471 = DIRECTION ( 'NONE',  ( 1.000000000000000000, 0.000000000000000000, 0.000000000000000000 ) ) ;
#6472 = FACE_OUTER_BOUND ( 'NONE', #657, .T. ) ;
#6473 = EDGE_CURVE ( 'NONE', #5724, #829, #7651, .T. ) ;
#6474 = CARTESIAN_POINT ( 'NONE',  ( -0.5000000000000026645, -11.99999999999999645, 2.000000000000000000 ) ) ;
#6475 = CARTESIAN_POINT ( 'NONE',  ( 15.00000000000000000, -6.999999999999999112, 0.000000000000000000 ) ) ;
#6476 = VERTEX_POINT ( 'NONE', #3615 ) ;
#6477 = AXIS2_PLACEMENT_3D ( 'NONE', #6973, #1420, #2753 ) ;
#6478 = AXIS2_PLACEMENT_3D ( 'NONE', #5346, #1067, #3453 ) ;
#6479 = DIRECTION ( 'NONE',  ( -1.000000000000000000, -9.637352644315594010E-17, 0.000000000000000000 ) ) ;
#6480 = VERTEX_POINT ( 'NONE', #7431 ) ;
#6481 = DIRECTION ( 'NONE',  ( 1.000000000000000000, 0.000000000000000000, 0.000000000000000000 ) ) ;
#6482 = AXIS2_PLACEMENT_3D ( 'NONE', #3345, #7676, #5849 ) ;
#6483 = EDGE_LOOP ( 'NONE', ( #2158, #7546 ) ) ;
#6484 = ADVANCED_FACE ( 'NONE', ( #6132 ), #1198, .F. ) ;
#6485 = EDGE_LOOP ( 'NONE', ( #514, #7208, #2255, #744 ) ) ;
#6486 = CYLINDRICAL_SURFACE ( 'NONE', #3707, 0.5000000000000004441 ) ;
#6487 = AXIS2_PLACEMENT_3D ( 'NONE', #814, #2781, #5124 ) ;
#6488 = AXIS2_PLACEMENT_3D ( 'NONE', #4178, #2769, #6667 ) ;
#6489 = ORIENTED_EDGE ( 'NONE', *, *, #2306, .F. ) ;
#6490 = CARTESIAN_POINT ( 'NONE',  ( 9.999999999999998224, 23.00000000000000000, 0.000000000000000000 ) ) ;
#6491 = DIRECTION ( 'NONE',  ( 1.000000000000000000, 0.000000000000000000, 0.000000000000000000 ) ) ;
#6492 = AXIS2_PLACEMENT_3D ( 'NONE', #504, #4791, #1757 ) ;
#6493 = ORIENTED_EDGE ( 'NONE', *, *, #7014, .T. ) ;
#6494 = AXIS2_PLACEMENT_3D ( 'NONE', #959, #7875, #4145 ) ;
#6495 = CARTESIAN_POINT ( 'NONE',  ( 10.00000000000000178, -32.00000000000000000, -8.000000000000000000 ) ) ;
#6496 = CIRCLE ( 'NONE', #2222, 0.5000000000000004441 ) ;
#6497 = CYLINDRICAL_SURFACE ( 'NONE', #564, 0.5000000000000004441 ) ;
#6498 = DIRECTION ( 'NONE',  ( 1.000000000000000000, 0.000000000000000000, 0.000000000000000000 ) ) ;
#6499 = PRODUCT_DEFINITION ( 'UNKNOWN', '', #534, #5815 ) ;
#6500 = VECTOR ( 'NONE', #2524, 1000.000000000000000 ) ;
#6501 = EDGE_CURVE ( 'NONE', #284, #2393, #677, .T. ) ;
#6502 = AXIS2_PLACEMENT_3D ( 'NONE', #2541, #7446, #4352 ) ;
#6503 = FACE_BOUND ( 'NONE', #5794, .T. ) ;
#6504 = AXIS2_PLACEMENT_3D ( 'NONE', #2247, #4714, #5929 ) ;
#6505 = DIRECTION ( 'NONE',  ( -0.000000000000000000, 0.000000000000000000, 1.000000000000000000 ) ) ;
#6506 = ORIENTED_EDGE ( 'NONE', *, *, #1989, .T. ) ;
#6507 = LINE ( 'NONE', #3419, #4016 ) ;
#6508 = ORIENTED_EDGE ( 'NONE', *, *, #1183, .F. ) ;
#6509 = DIRECTION ( 'NONE',  ( -0.000000000000000000, 0.000000000000000000, 1.000000000000000000 ) ) ;
#6510 = DIRECTION ( 'NONE',  ( -0.000000000000000000, 0.000000000000000000, 1.000000000000000000 ) ) ;
#6511 = EDGE_LOOP ( 'NONE', ( #6991, #7884 ) ) ;
#6512 = CIRCLE ( 'NONE', #555, 0.5000000000000008882 ) ;
#6513 = DIRECTION ( 'NONE',  ( 1.000000000000000000, -1.204669080539449405E-17, 0.000000000000000000 ) ) ;
#6514 = ADVANCED_FACE ( 'NONE', ( #2400 ), #6870, .F. ) ;
#6515 = EDGE_CURVE ( 'NONE', #2229, #5646, #2993, .T. ) ;
#6516 = CARTESIAN_POINT ( 'NONE',  ( -14.49999999999999822, -26.99999999999999645, 2.000000000000000000 ) ) ;
#6517 = DIRECTION ( 'NONE',  ( -0.000000000000000000, 0.000000000000000000, 1.000000000000000000 ) ) ;
#6518 = AXIS2_PLACEMENT_3D ( 'NONE', #1892, #1857, #6808 ) ;
#6519 = CARTESIAN_POINT ( 'NONE',  ( -0.5000000000000026645, 8.000000000000000000, 0.000000000000000000 ) ) ;
#6520 = DIRECTION ( 'NONE',  ( 1.000000000000000000, 0.000000000000000000, 0.000000000000000000 ) ) ;
#6521 = ORIENTED_EDGE ( 'NONE', *, *, #4987, .T. ) ;
#6522 = LINE ( 'NONE', #355, #65 ) ;
#6523 = EDGE_CURVE ( 'NONE', #7809, #4796, #1566, .T. ) ;
#6524 = EDGE_LOOP ( 'NONE', ( #1716, #7304 ) ) ;
#6525 = CARTESIAN_POINT ( 'NONE',  ( -0.5000000000000026645, 13.00000000000000178, 2.000000000000000000 ) ) ;
#6526 = EDGE_CURVE ( 'NONE', #966, #239, #5715, .T. ) ;
#6527 = ORIENTED_EDGE ( 'NONE', *, *, #4711, .F. ) ;
#6528 = VERTEX_POINT ( 'NONE', #5429 ) ;
#6529 = VERTEX_POINT ( 'NONE', #6830 ) ;
#6530 = DIRECTION ( 'NONE',  ( 0.000000000000000000, 0.000000000000000000, 1.000000000000000000 ) ) ;
#6531 = ORIENTED_EDGE ( 'NONE', *, *, #4168, .T. ) ;
#6532 = ADVANCED_FACE ( 'NONE', ( #1151 ), #5478, .T. ) ;
#6533 = DIRECTION ( 'NONE',  ( 1.000000000000000000, 0.000000000000000000, 0.000000000000000000 ) ) ;
#6534 = CARTESIAN_POINT ( 'NONE',  ( 17.30937500000000284, 38.50000000000000000, 0.000000000000000000 ) ) ;
#6535 = VECTOR ( 'NONE', #4530, 1000.000000000000000 ) ;
#6536 = EDGE_LOOP ( 'NONE', ( #7702, #6489, #7867, #356 ) ) ;
#6537 = DIRECTION ( 'NONE',  ( 1.927470528863118802E-16, -1.000000000000000000, 0.000000000000000000 ) ) ;
#6538 = CYLINDRICAL_SURFACE ( 'NONE', #6381, 0.5000000000000004441 ) ;
#6540 = EDGE_CURVE ( 'NONE', #205, #2853, #1244, .T. ) ;
#6539 = CARTESIAN_POINT ( 'NONE',  ( -0.5000000000000026645, 13.00000000000000178, 0.000000000000000000 ) ) ;
#6541 = CIRCLE ( 'NONE', #3558, 0.5000000000000004441 ) ;
#6542 = DIRECTION ( 'NONE',  ( 1.000000000000000000, 0.000000000000000000, 0.000000000000000000 ) ) ;
#6543 = EDGE_LOOP ( 'NONE', ( #3333, #3695, #2150, #5799 ) ) ;
#6544 = AXIS2_PLACEMENT_3D ( 'NONE', #7101, #1399, #6422 ) ;
#6545 = DIRECTION ( 'NONE',  ( 1.000000000000000000, 0.000000000000000000, 0.000000000000000000 ) ) ;
#6546 = ORIENTED_EDGE ( 'NONE', *, *, #7841, .T. ) ;
#6547 = LINE ( 'NONE', #1719, #5921 ) ;
#6548 = CARTESIAN_POINT ( 'NONE',  ( 9.499999999999998224, 28.00000000000000000, -8.000000000000000000 ) ) ;
#6549 = ORIENTED_EDGE ( 'NONE', *, *, #5306, .T. ) ;
#6550 = CARTESIAN_POINT ( 'NONE',  ( 15.49999999999999645, 8.000000000000000000, 2.000000000000000000 ) ) ;
#6551 = CARTESIAN_POINT ( 'NONE',  ( 14.99999999999999645, -2.000000000000001776, 0.000000000000000000 ) ) ;
#6552 = DIRECTION ( 'NONE',  ( 1.000000000000000000, -1.204669080539449405E-17, 0.000000000000000000 ) ) ;
#6553 = EDGE_LOOP ( 'NONE', ( #3892, #6814, #6779, #1082 ) ) ;
#6554 = PLANE ( 'NONE',  #7907 ) ;
#6555 = EDGE_CURVE ( 'NONE', #6163, #6149, #4546, .T. ) ;
#6556 = CARTESIAN_POINT ( 'NONE',  ( -4.500000000000002665, 33.00000000000000000, 2.000000000000000000 ) ) ;
#6557 = ADVANCED_FACE ( 'NONE', ( #3099 ), #3147, .F. ) ;
#6558 = CARTESIAN_POINT ( 'NONE',  ( 15.50000000000000000, -32.00000000000000000, 2.000000000000000000 ) ) ;
#6559 = ORIENTED_EDGE ( 'NONE', *, *, #956, .F. ) ;
#6560 = CIRCLE ( 'NONE', #6828, 0.5000000000000004441 ) ;
#6561 = LINE ( 'NONE', #5864, #4454 ) ;
#6562 = EDGE_LOOP ( 'NONE', ( #7130, #7036 ) ) ;
#6563 = CIRCLE ( 'NONE', #6175, 0.5000000000000004441 ) ;
#6564 = DIRECTION ( 'NONE',  ( 1.000000000000000000, 0.000000000000000000, 0.000000000000000000 ) ) ;
#6565 = FACE_BOUND ( 'NONE', #4403, .T. ) ;
#6566 = DIRECTION ( 'NONE',  ( 1.000000000000000000, 0.000000000000000000, 0.000000000000000000 ) ) ;
#6567 = ORIENTED_EDGE ( 'NONE', *, *, #4659, .T. ) ;
#6568 = EDGE_LOOP ( 'NONE', ( #3317, #5692 ) ) ;
#6569 = AXIS2_PLACEMENT_3D ( 'NONE', #5187, #7670, #2606 ) ;
#6570 = ORIENTED_EDGE ( 'NONE', *, *, #973, .F. ) ;
#6571 = DIRECTION ( 'NONE',  ( -0.000000000000000000, -0.000000000000000000, 1.000000000000000000 ) ) ;
#6572 = ORIENTED_EDGE ( 'NONE', *, *, #6434, .F. ) ;
#6573 = LINE ( 'NONE', #3571, #5943 ) ;
#6574 = AXIS2_PLACEMENT_3D ( 'NONE', #2578, #4879, #4924 ) ;
#6575 = ORIENTED_EDGE ( 'NONE', *, *, #6696, .F. ) ;
#6576 = PLANE ( 'NONE',  #5427 ) ;
#6577 = EDGE_CURVE ( 'NONE', #2916, #4948, #7263, .T. ) ;
#6578 = DIRECTION ( 'NONE',  ( -0.000000000000000000, 0.000000000000000000, 1.000000000000000000 ) ) ;
#6579 = CIRCLE ( 'NONE', #4500, 1.190625000000000711 ) ;
#6580 = DIRECTION ( 'NONE',  ( 0.000000000000000000, 0.000000000000000000, 1.000000000000000000 ) ) ;
#6581 = CARTESIAN_POINT ( 'NONE',  ( 4.999999999999997335, 33.00000000000000000, -8.000000000000000000 ) ) ;
#6582 = ORIENTED_EDGE ( 'NONE', *, *, #1610, .F. ) ;
#6583 = AXIS2_PLACEMENT_3D ( 'NONE', #5694, #144, #2159 ) ;
#6584 = CYLINDRICAL_SURFACE ( 'NONE', #1834, 1.999999999999998224 ) ;
#6585 = EDGE_LOOP ( 'NONE', ( #1515, #5998, #3703, #1340 ) ) ;
#6586 = DIRECTION ( 'NONE',  ( 0.000000000000000000, -1.000000000000000000, 0.000000000000000000 ) ) ;
#6587 = EDGE_CURVE ( 'NONE', #2735, #3067, #4215, .T. ) ;
#6588 = CYLINDRICAL_SURFACE ( 'NONE', #4800, 0.5000000000000004441 ) ;
#6589 = ORIENTED_EDGE ( 'NONE', *, *, #7583, .T. ) ;
#6590 = CARTESIAN_POINT ( 'NONE',  ( 5.499999999999998224, -2.000000000000001776, 2.000000000000000000 ) ) ;
#6591 = ADVANCED_FACE ( 'NONE', ( #1717 ), #3500, .F. ) ;
#6592 = DIRECTION ( 'NONE',  ( 0.000000000000000000, 0.000000000000000000, 1.000000000000000000 ) ) ;
#6593 = EDGE_LOOP ( 'NONE', ( #4466, #1233 ) ) ;
#6594 = CIRCLE ( 'NONE', #3104, 0.5000000000000004441 ) ;
#6595 = DIRECTION ( 'NONE',  ( 1.000000000000000000, 0.000000000000000000, 0.000000000000000000 ) ) ;
#6596 = CARTESIAN_POINT ( 'NONE',  ( 13.25000000000000178, 34.50000000000000000, -1.000000000000000000 ) ) ;
#6597 = DIRECTION ( 'NONE',  ( -0.000000000000000000, -0.000000000000000000, 1.000000000000000000 ) ) ;
#6598 = EDGE_LOOP ( 'NONE', ( #5136, #5545, #4501, #6860 ) ) ;
#6599 = VECTOR ( 'NONE', #7023, 1000.000000000000000 ) ;
#6600 = DIRECTION ( 'NONE',  ( -0.000000000000000000, -0.000000000000000000, 1.000000000000000000 ) ) ;
#6602 = EDGE_CURVE ( 'NONE', #7593, #7508, #276, .T. ) ;
#6601 = ORIENTED_EDGE ( 'NONE', *, *, #2739, .F. ) ;
#6603 = CARTESIAN_POINT ( 'NONE',  ( -3.469446951953614189E-15, 18.00000000000000355, -8.000000000000000000 ) ) ;
#6604 = FACE_BOUND ( 'NONE', #7241, .T. ) ;
#6605 = DIRECTION ( 'NONE',  ( -0.000000000000000000, -0.000000000000000000, 1.000000000000000000 ) ) ;
#6606 = ORIENTED_EDGE ( 'NONE', *, *, #5879, .T. ) ;
#6607 = AXIS2_PLACEMENT_3D ( 'NONE', #5094, #2021, #5218 ) ;
#6608 = AXIS2_PLACEMENT_3D ( 'NONE', #2961, #5384, #7905 ) ;
#6609 = VERTEX_POINT ( 'NONE', #2805 ) ;
#6610 = ORIENTED_EDGE ( 'NONE', *, *, #2470, .T. ) ;
#6611 = CARTESIAN_POINT ( 'NONE',  ( -10.00000000000000000, -22.00000000000000000, 2.000000000000000000 ) ) ;
#6612 = ORIENTED_EDGE ( 'NONE', *, *, #5267, .F. ) ;
#6613 = CIRCLE ( 'NONE', #3115, 0.5000000000000004441 ) ;
#6614 = DIRECTION ( 'NONE',  ( 0.000000000000000000, 0.000000000000000000, 1.000000000000000000 ) ) ;
#6615 = VECTOR ( 'NONE', #4222, 1000.000000000000000 ) ;
#6616 = EDGE_CURVE ( 'NONE', #4814, #5081, #342, .T. ) ;
#6617 = ORIENTED_EDGE ( 'NONE', *, *, #1562, .T. ) ;
#6618 = CARTESIAN_POINT ( 'NONE',  ( -14.50000000000000000, 13.00000000000000178, 2.000000000000000000 ) ) ;
#6619 = LINE ( 'NONE', #338, #7411 ) ;
#6620 = AXIS2_PLACEMENT_3D ( 'NONE', #3784, #5559, #5610 ) ;
#6621 = CARTESIAN_POINT ( 'NONE',  ( 9.500000000000001776, -32.00000000000000000, 2.000000000000000000 ) ) ;
#6622 = ADVANCED_FACE ( 'NONE', ( #1112 ), #4090, .F. ) ;
#6623 = AXIS2_PLACEMENT_3D ( 'NONE', #1406, #3868, #1633 ) ;
#6624 = DIRECTION ( 'NONE',  ( -0.000000000000000000, 0.000000000000000000, 1.000000000000000000 ) ) ;
#6625 = AXIS2_PLACEMENT_3D ( 'NONE', #4922, #730, #4391 ) ;
#6626 = AXIS2_PLACEMENT_3D ( 'NONE', #3015, #3617, #4257 ) ;
#6627 = ORIENTED_EDGE ( 'NONE', *, *, #7736, .F. ) ;
#6628 = DIRECTION ( 'NONE',  ( 1.000000000000000000, 0.000000000000000000, 0.000000000000000000 ) ) ;
#6629 = ORIENTED_EDGE ( 'NONE', *, *, #6034, .F. ) ;
#6630 = FACE_OUTER_BOUND ( 'NONE', #1283, .T. ) ;
#6631 = CARTESIAN_POINT ( 'NONE',  ( 19.75000000000000000, 0.000000000000000000, 0.000000000000000000 ) ) ;
#6632 = ORIENTED_EDGE ( 'NONE', *, *, #6210, .T. ) ;
#6633 = AXIS2_PLACEMENT_3D ( 'NONE', #5206, #915, #3387 ) ;
#6634 = AXIS2_PLACEMENT_3D ( 'NONE', #6810, #3722, #5499 ) ;
#6635 = AXIS2_PLACEMENT_3D ( 'NONE', #4111, #1007, #4849 ) ;
#6636 = DIRECTION ( 'NONE',  ( -0.000000000000000000, -0.000000000000000000, 1.000000000000000000 ) ) ;
#6637 = ADVANCED_FACE ( 'NONE', ( #7868 ), #6584, .T. ) ;
#6638 = DIRECTION ( 'NONE',  ( -0.000000000000000000, -0.000000000000000000, 1.000000000000000000 ) ) ;
#6639 = ORIENTED_EDGE ( 'NONE', *, *, #2740, .T. ) ;
#6640 = DIRECTION ( 'NONE',  ( 0.000000000000000000, 0.000000000000000000, 1.000000000000000000 ) ) ;
#6641 = AXIS2_PLACEMENT_3D ( 'NONE', #7029, #3939, #3970 ) ;
#6642 = CARTESIAN_POINT ( 'NONE',  ( -9.500000000000000000, -26.99999999999999645, 2.000000000000000000 ) ) ;
#6643 = FACE_OUTER_BOUND ( 'NONE', #3962, .T. ) ;
#6644 = ORIENTED_EDGE ( 'NONE', *, *, #5132, .F. ) ;
#6645 = DIRECTION ( 'NONE',  ( 1.000000000000000000, 0.000000000000000000, 0.000000000000000000 ) ) ;
#6646 = AXIS2_PLACEMENT_3D ( 'NONE', #24, #3705, #6180 ) ;
#6647 = EDGE_LOOP ( 'NONE', ( #5312, #7171, #6440, #2479 ) ) ;
#6648 = CARTESIAN_POINT ( 'NONE',  ( 19.00000000000000355, 39.25000000000000000, 2.000000000000000000 ) ) ;
#6649 = FACE_BOUND ( 'NONE', #5923, .T. ) ;
#6650 = LINE ( 'NONE', #5900, #1061 ) ;
#6651 = VERTEX_POINT ( 'NONE', #2311 ) ;
#6652 = ORIENTED_EDGE ( 'NONE', *, *, #2803, .F. ) ;
#6653 = EDGE_CURVE ( 'NONE', #4612, #7961, #4935, .T. ) ;
#6654 = ORIENTED_EDGE ( 'NONE', *, *, #3894, .F. ) ;
#6655 = DIRECTION ( 'NONE',  ( 0.000000000000000000, 0.000000000000000000, 1.000000000000000000 ) ) ;
#6656 = ORIENTED_EDGE ( 'NONE', *, *, #4518, .F. ) ;
#6657 = FACE_BOUND ( 'NONE', #341, .T. ) ;
#6658 = DIRECTION ( 'NONE',  ( 1.000000000000000000, 0.000000000000000000, 0.000000000000000000 ) ) ;
#6659 = ORIENTED_EDGE ( 'NONE', *, *, #4125, .T. ) ;
#6660 = DIRECTION ( 'NONE',  ( 1.000000000000000000, 0.000000000000000000, 0.000000000000000000 ) ) ;
#6661 = EDGE_CURVE ( 'NONE', #1918, #2635, #2337, .T. ) ;
#6662 = DIRECTION ( 'NONE',  ( -0.000000000000000000, -0.000000000000000000, 1.000000000000000000 ) ) ;
#6663 = AXIS2_PLACEMENT_3D ( 'NONE', #4968, #4884, #6192 ) ;
#6664 = CARTESIAN_POINT ( 'NONE',  ( 15.00000000000000000, -32.00000000000000000, 2.000000000000000000 ) ) ;
#6665 = VERTEX_POINT ( 'NONE', #1028 ) ;
#6666 = AXIS2_PLACEMENT_3D ( 'NONE', #2488, #6262, #2439 ) ;
#6667 = DIRECTION ( 'NONE',  ( 1.000000000000000000, 0.000000000000000000, 0.000000000000000000 ) ) ;
#6668 = ORIENTED_EDGE ( 'NONE', *, *, #2934, .T. ) ;
#6669 = DIRECTION ( 'NONE',  ( -0.000000000000000000, -0.000000000000000000, 1.000000000000000000 ) ) ;
#6670 = CARTESIAN_POINT ( 'NONE',  ( -14.50000000000000178, 18.00000000000000355, 0.000000000000000000 ) ) ;
#6671 = VECTOR ( 'NONE', #2057, 1000.000000000000000 ) ;
#6672 = ADVANCED_FACE ( 'NONE', ( #2241 ), #305, .F. ) ;
#6673 = CARTESIAN_POINT ( 'NONE',  ( 9.500000000000001776, -32.00000000000000000, -8.000000000000000000 ) ) ;
#6674 = EDGE_CURVE ( 'NONE', #4516, #5942, #7270, .T. ) ;
#6675 = CARTESIAN_POINT ( 'NONE',  ( -15.00000000000000178, -6.999999999999999112, 2.000000000000000000 ) ) ;
#6676 = VERTEX_POINT ( 'NONE', #4632 ) ;
#6677 = LINE ( 'NONE', #2324, #2609 ) ;
#6678 = CARTESIAN_POINT ( 'NONE',  ( 10.50000000000000178, -32.00000000000000000, -8.000000000000000000 ) ) ;
#6679 = CARTESIAN_POINT ( 'NONE',  ( -10.00000000000000178, 23.00000000000000000, 0.000000000000000000 ) ) ;
#6680 = ORIENTED_EDGE ( 'NONE', *, *, #4472, .T. ) ;
#6681 = EDGE_CURVE ( 'NONE', #6651, #7318, #7106, .T. ) ;
#6682 = FACE_OUTER_BOUND ( 'NONE', #4743, .T. ) ;
#6683 = ORIENTED_EDGE ( 'NONE', *, *, #4540, .T. ) ;
#6684 = CARTESIAN_POINT ( 'NONE',  ( -15.50000000000000178, 3.000000000000002665, -8.000000000000000000 ) ) ;
#6685 = FACE_BOUND ( 'NONE', #7578, .T. ) ;
#6686 = CYLINDRICAL_SURFACE ( 'NONE', #3720, 0.5000000000000004441 ) ;
#6687 = DIRECTION ( 'NONE',  ( 1.000000000000000000, 0.000000000000000000, 0.000000000000000000 ) ) ;
#6688 = EDGE_LOOP ( 'NONE', ( #5518, #2890, #2625, #7402 ) ) ;
#6689 = ORIENTED_EDGE ( 'NONE', *, *, #7474, .T. ) ;
#6690 = AXIS2_PLACEMENT_3D ( 'NONE', #787, #830, #4000 ) ;
#6691 = ORIENTED_EDGE ( 'NONE', *, *, #2406, .T. ) ;
#6692 = DIRECTION ( 'NONE',  ( 1.000000000000000000, 0.000000000000000000, 0.000000000000000000 ) ) ;
#6693 = ORIENTED_EDGE ( 'NONE', *, *, #723, .T. ) ;
#6694 = FACE_BOUND ( 'NONE', #6284, .T. ) ;
#6695 = AXIS2_PLACEMENT_3D ( 'NONE', #6387, #2765, #2647 ) ;
#6696 = EDGE_CURVE ( 'NONE', #1259, #5431, #5965, .T. ) ;
#6697 = DIRECTION ( 'NONE',  ( -0.000000000000000000, -0.000000000000000000, 1.000000000000000000 ) ) ;
#6698 = VERTEX_POINT ( 'NONE', #5967 ) ;
#6699 = CARTESIAN_POINT ( 'NONE',  ( -20.99999999999999645, 41.25000000000000000, 0.000000000000000000 ) ) ;
#6700 = CARTESIAN_POINT ( 'NONE',  ( -19.69062500000000426, 38.50000000000000000, 0.000000000000000000 ) ) ;
#6701 = LINE ( 'NONE', #2841, #4736 ) ;
#6702 = VERTEX_POINT ( 'NONE', #2197 ) ;
#6703 = AXIS2_PLACEMENT_3D ( 'NONE', #3967, #4621, #6455 ) ;
#6704 = EDGE_CURVE ( 'NONE', #1475, #7331, #6507, .T. ) ;
#6705 = EDGE_CURVE ( 'NONE', #6676, #7357, #6095, .T. ) ;
#6706 = DIRECTION ( 'NONE',  ( -0.000000000000000000, 0.000000000000000000, 1.000000000000000000 ) ) ;
#6707 = ORIENTED_EDGE ( 'NONE', *, *, #5457, .F. ) ;
#6708 = DIRECTION ( 'NONE',  ( 1.000000000000000000, 0.000000000000000000, 0.000000000000000000 ) ) ;
#6709 = ORIENTED_EDGE ( 'NONE', *, *, #5091, .T. ) ;
#6710 = CARTESIAN_POINT ( 'NONE',  ( -9.500000000000000000, -22.00000000000000000, -8.000000000000000000 ) ) ;
#6711 = CIRCLE ( 'NONE', #2943, 0.5000000000000004441 ) ;
#6712 = DIRECTION ( 'NONE',  ( 1.000000000000000000, 0.000000000000000000, 0.000000000000000000 ) ) ;
#6713 = DIRECTION ( 'NONE',  ( -0.000000000000000000, -0.000000000000000000, 1.000000000000000000 ) ) ;
#6714 = VECTOR ( 'NONE', #7972, 1000.000000000000000 ) ;
#6715 = CARTESIAN_POINT ( 'NONE',  ( 4.999999999999997335, 28.00000000000000000, -8.000000000000000000 ) ) ;
#6716 = CARTESIAN_POINT ( 'NONE',  ( 0.000000000000000000, -26.99999999999999645, 2.000000000000000000 ) ) ;
#6717 = ORIENTED_EDGE ( 'NONE', *, *, #4125, .F. ) ;
#6718 = VERTEX_POINT ( 'NONE', #4668 ) ;
#6719 = CARTESIAN_POINT ( 'NONE',  ( -5.000000000000002665, 23.00000000000000000, -8.000000000000000000 ) ) ;
#6720 = CARTESIAN_POINT ( 'NONE',  ( 10.49999999999999822, 23.00000000000000000, 2.000000000000000000 ) ) ;
#6721 = CYLINDRICAL_SURFACE ( 'NONE', #2328, 0.5000000000000004441 ) ;
#6722 = EDGE_LOOP ( 'NONE', ( #6575, #2181 ) ) ;
#6723 = DIRECTION ( 'NONE',  ( -0.000000000000000000, -0.000000000000000000, 1.000000000000000000 ) ) ;
#6724 = DIRECTION ( 'NONE',  ( 1.000000000000000000, 0.000000000000000000, 0.000000000000000000 ) ) ;
#6725 = FACE_OUTER_BOUND ( 'NONE', #7526, .T. ) ;
#6726 = FACE_BOUND ( 'NONE', #1334, .T. ) ;
#6727 = EDGE_CURVE ( 'NONE', #6480, #1486, #2487, .T. ) ;
#6728 = DIRECTION ( 'NONE',  ( -0.000000000000000000, -0.000000000000000000, 1.000000000000000000 ) ) ;
#6729 = DIRECTION ( 'NONE',  ( -0.000000000000000000, 0.000000000000000000, 1.000000000000000000 ) ) ;
#6730 = EDGE_LOOP ( 'NONE', ( #7017, #6298, #7026, #6788 ) ) ;
#6731 = ORIENTED_EDGE ( 'NONE', *, *, #1361, .T. ) ;
#6732 = ORIENTED_EDGE ( 'NONE', *, *, #7783, .T. ) ;
#6733 = LINE ( 'NONE', #4366, #7053 ) ;
#6734 = ORIENTED_EDGE ( 'NONE', *, *, #5950, .T. ) ;
#6735 = ORIENTED_EDGE ( 'NONE', *, *, #5385, .T. ) ;
#6736 = LINE ( 'NONE', #5510, #1307 ) ;
#6737 = EDGE_CURVE ( 'NONE', #1475, #2109, #22, .T. ) ;
#6738 = AXIS2_PLACEMENT_3D ( 'NONE', #6490, #896, #977 ) ;
#6739 = ORIENTED_EDGE ( 'NONE', *, *, #1079, .T. ) ;
#6740 = LINE ( 'NONE', #6864, #3625 ) ;
#6741 = FACE_OUTER_BOUND ( 'NONE', #7237, .T. ) ;
#6742 = AXIS2_PLACEMENT_3D ( 'NONE', #1497, #1531, #5866 ) ;
#6743 = CARTESIAN_POINT ( 'NONE',  ( 9.499999999999998224, -2.000000000000001776, -8.000000000000000000 ) ) ;
#6744 = CIRCLE ( 'NONE', #5043, 0.5000000000000004441 ) ;
#6745 = ORIENTED_EDGE ( 'NONE', *, *, #1989, .F. ) ;
#6746 = CARTESIAN_POINT ( 'NONE',  ( 4.499999999999997335, 13.00000000000000178, 2.000000000000000000 ) ) ;
#6747 = ORIENTED_EDGE ( 'NONE', *, *, #590, .F. ) ;
#6748 = DIRECTION ( 'NONE',  ( 1.000000000000000000, 0.000000000000000000, 0.000000000000000000 ) ) ;
#6749 = EDGE_LOOP ( 'NONE', ( #6668, #7015, #4301, #763 ) ) ;
#6750 = AXIS2_PLACEMENT_3D ( 'NONE', #5111, #907, #4592 ) ;
#6751 = VECTOR ( 'NONE', #5526, 1000.000000000000000 ) ;
#6752 = DIRECTION ( 'NONE',  ( 1.000000000000000000, 0.000000000000000000, 0.000000000000000000 ) ) ;
#6753 = DIRECTION ( 'NONE',  ( -0.000000000000000000, 0.000000000000000000, 1.000000000000000000 ) ) ;
#6754 = ADVANCED_FACE ( 'NONE', ( #1074 ), #6005, .F. ) ;
#6755 = DIRECTION ( 'NONE',  ( 1.000000000000000000, 0.000000000000000000, 0.000000000000000000 ) ) ;
#6756 = EDGE_CURVE ( 'NONE', #218, #3052, #3055, .T. ) ;
#6757 = LINE ( 'NONE', #3671, #2077 ) ;
#6758 = AXIS2_PLACEMENT_3D ( 'NONE', #1083, #1563, #3429 ) ;
#6759 = CARTESIAN_POINT ( 'NONE',  ( 9.499999999999998224, 23.00000000000000000, 0.000000000000000000 ) ) ;
#6760 = DIRECTION ( 'NONE',  ( 0.000000000000000000, 0.000000000000000000, 1.000000000000000000 ) ) ;
#6761 = ORIENTED_EDGE ( 'NONE', *, *, #1932, .F. ) ;
#6762 = ORIENTED_EDGE ( 'NONE', *, *, #1157, .T. ) ;
#6763 = LINE ( 'NONE', #1294, #2992 ) ;
#6764 = CARTESIAN_POINT ( 'NONE',  ( 9.999999999999998224, 28.00000000000000000, 2.000000000000000000 ) ) ;
#6765 = CIRCLE ( 'NONE', #4291, 0.5000000000000004441 ) ;
#6766 = CARTESIAN_POINT ( 'NONE',  ( 10.50000000000000178, -32.00000000000000000, 0.000000000000000000 ) ) ;
#6767 = VERTEX_POINT ( 'NONE', #2401 ) ;
#6768 = AXIS2_PLACEMENT_3D ( 'NONE', #6437, #4639, #7686 ) ;
#6769 = AXIS2_PLACEMENT_3D ( 'NONE', #229, #7606, #882 ) ;
#6770 = ADVANCED_FACE ( 'NONE', ( #5432 ), #3581, .F. ) ;
#6771 = EDGE_CURVE ( 'NONE', #1230, #4937, #3142, .T. ) ;
#6772 = CARTESIAN_POINT ( 'NONE',  ( -5.000000000000000888, 3.000000000000002665, 0.000000000000000000 ) ) ;
#6773 = VECTOR ( 'NONE', #1993, 1000.000000000000000 ) ;
#6774 = DIRECTION ( 'NONE',  ( -0.000000000000000000, 0.000000000000000000, 1.000000000000000000 ) ) ;
#6775 = DIRECTION ( 'NONE',  ( -0.000000000000000000, -0.000000000000000000, 1.000000000000000000 ) ) ;
#6776 = DIRECTION ( 'NONE',  ( -0.000000000000000000, -0.000000000000000000, 1.000000000000000000 ) ) ;
#6777 = LINE ( 'NONE', #3685, #129 ) ;
#6778 = CARTESIAN_POINT ( 'NONE',  ( 9.499999999999998224, 8.000000000000000000, 2.000000000000000000 ) ) ;
#6779 = ORIENTED_EDGE ( 'NONE', *, *, #2298, .T. ) ;
#6780 = ORIENTED_EDGE ( 'NONE', *, *, #3548, .F. ) ;
#6781 = EDGE_LOOP ( 'NONE', ( #6853, #2179, #5014, #3150 ) ) ;
#6782 = EDGE_CURVE ( 'NONE', #3579, #4948, #6087, .T. ) ;
#6783 = AXIS2_PLACEMENT_3D ( 'NONE', #4443, #2698, #7530 ) ;
#6784 = LINE ( 'NONE', #621, #1374 ) ;
#6785 = ORIENTED_EDGE ( 'NONE', *, *, #231, .F. ) ;
#6786 = VERTEX_POINT ( 'NONE', #7341 ) ;
#6787 = CARTESIAN_POINT ( 'NONE',  ( 9.499999999999998224, 3.000000000000002665, -8.000000000000000000 ) ) ;
#6788 = ORIENTED_EDGE ( 'NONE', *, *, #3878, .T. ) ;
#6789 = CARTESIAN_POINT ( 'NONE',  ( 5.000000000000000888, -26.99999999999999645, -8.000000000000000000 ) ) ;
#6790 = EDGE_LOOP ( 'NONE', ( #6296, #7878 ) ) ;
#6791 = DIRECTION ( 'NONE',  ( 1.000000000000000000, 0.000000000000000000, 0.000000000000000000 ) ) ;
#6792 = EDGE_CURVE ( 'NONE', #4737, #3506, #687, .T. ) ;
#6793 = DIRECTION ( 'NONE',  ( 1.000000000000000000, 0.000000000000000000, 0.000000000000000000 ) ) ;
#6794 = ORIENTED_EDGE ( 'NONE', *, *, #6696, .T. ) ;
#6795 = CARTESIAN_POINT ( 'NONE',  ( -4.999999999999999112, -32.00000000000000000, 2.000000000000000000 ) ) ;
#6796 = ORIENTED_EDGE ( 'NONE', *, *, #180, .T. ) ;
#6797 = CARTESIAN_POINT ( 'NONE',  ( -15.50000000000000355, 18.00000000000000355, 0.000000000000000000 ) ) ;
#6798 = DIRECTION ( 'NONE',  ( 1.000000000000000000, 0.000000000000000000, 0.000000000000000000 ) ) ;
#6799 = LINE ( 'NONE', #2499, #2448 ) ;
#6800 = CARTESIAN_POINT ( 'NONE',  ( -1.734723475976807094E-15, 8.000000000000000000, 0.000000000000000000 ) ) ;
#6801 = ORIENTED_EDGE ( 'NONE', *, *, #767, .F. ) ;
#6802 = LINE ( 'NONE', #563, #540 ) ;
#6803 = VECTOR ( 'NONE', #3809, 1000.000000000000000 ) ;
#6804 = DIRECTION ( 'NONE',  ( -0.000000000000000000, -0.000000000000000000, 1.000000000000000000 ) ) ;
#6805 = LINE ( 'NONE', #2009, #1577 ) ;
#6806 = ORIENTED_EDGE ( 'NONE', *, *, #3301, .T. ) ;
#6807 = CYLINDRICAL_SURFACE ( 'NONE', #1097, 0.5000000000000004441 ) ;
#6808 = DIRECTION ( 'NONE',  ( 1.000000000000000000, 0.000000000000000000, 0.000000000000000000 ) ) ;
#6809 = DIRECTION ( 'NONE',  ( -0.000000000000000000, -0.000000000000000000, 1.000000000000000000 ) ) ;
#6810 = CARTESIAN_POINT ( 'NONE',  ( -1.734723475976807094E-15, -11.99999999999999645, 2.000000000000000000 ) ) ;
#6811 = EDGE_CURVE ( 'NONE', #6163, #7427, #550, .T. ) ;
#6812 = ADVANCED_FACE ( 'NONE', ( #5480 ), #5519, .F. ) ;
#6813 = FACE_OUTER_BOUND ( 'NONE', #6553, .T. ) ;
#6814 = ORIENTED_EDGE ( 'NONE', *, *, #6616, .T. ) ;
#6815 = ORIENTED_EDGE ( 'NONE', *, *, #278, .F. ) ;
#6816 = ORIENTED_EDGE ( 'NONE', *, *, #85, .F. ) ;
#6817 = DIRECTION ( 'NONE',  ( -0.000000000000000000, 0.000000000000000000, 1.000000000000000000 ) ) ;
#6818 = CARTESIAN_POINT ( 'NONE',  ( 19.69062500000000426, -38.50000000000000000, 2.000000000000000000 ) ) ;
#6819 = ORIENTED_EDGE ( 'NONE', *, *, #7218, .T. ) ;
#6820 = EDGE_LOOP ( 'NONE', ( #4330, #6629, #1086, #2063 ) ) ;
#6821 = FACE_OUTER_BOUND ( 'NONE', #1200, .T. ) ;
#6822 = ORIENTED_EDGE ( 'NONE', *, *, #2813, .T. ) ;
#6823 = ORIENTED_EDGE ( 'NONE', *, *, #5195, .F. ) ;
#6824 = LINE ( 'NONE', #6079, #3116 ) ;
#6825 = ORIENTED_EDGE ( 'NONE', *, *, #6540, .F. ) ;
#6826 = CARTESIAN_POINT ( 'NONE',  ( 0.4999999999999991673, -22.00000000000000000, -8.000000000000000000 ) ) ;
#6827 = CARTESIAN_POINT ( 'NONE',  ( -9.500000000000001776, -11.99999999999999645, 0.000000000000000000 ) ) ;
#6828 = AXIS2_PLACEMENT_3D ( 'NONE', #658, #4854, #1182 ) ;
#6829 = VERTEX_POINT ( 'NONE', #4907 ) ;
#6830 = CARTESIAN_POINT ( 'NONE',  ( -0.5000000000000026645, -22.00000000000000000, 0.000000000000000000 ) ) ;
#6831 = ADVANCED_FACE ( 'NONE', ( #4830 ), #7306, .F. ) ;
#6832 = VERTEX_POINT ( 'NONE', #1133 ) ;
#6833 = CARTESIAN_POINT ( 'NONE',  ( -1.734723475976807094E-15, 3.000000000000002665, -8.000000000000000000 ) ) ;
#6834 = DIRECTION ( 'NONE',  ( -0.000000000000000000, 0.000000000000000000, 1.000000000000000000 ) ) ;
#6835 = AXIS2_PLACEMENT_3D ( 'NONE', #3102, #4909, #3151 ) ;
#6836 = CARTESIAN_POINT ( 'NONE',  ( 4.500000000000000888, -17.00000000000000000, -8.000000000000000000 ) ) ;
#6837 = LINE ( 'NONE', #4874, #6070 ) ;
#6838 = EDGE_CURVE ( 'NONE', #7654, #328, #6650, .T. ) ;
#6839 = ORIENTED_EDGE ( 'NONE', *, *, #3194, .T. ) ;
#6840 = ORIENTED_EDGE ( 'NONE', *, *, #2191, .F. ) ;
#6841 = VECTOR ( 'NONE', #4032, 1000.000000000000000 ) ;
#6842 = CYLINDRICAL_SURFACE ( 'NONE', #7527, 0.5000000000000004441 ) ;
#6843 = CARTESIAN_POINT ( 'NONE',  ( 9.999999999999998224, -2.000000000000001776, -8.000000000000000000 ) ) ;
#6844 = LINE ( 'NONE', #6275, #7920 ) ;
#6845 = ORIENTED_EDGE ( 'NONE', *, *, #4790, .T. ) ;
#6846 = EDGE_CURVE ( 'NONE', #5774, #3263, #2094, .T. ) ;
#6847 = CIRCLE ( 'NONE', #233, 0.5000000000000004441 ) ;
#6848 = FACE_OUTER_BOUND ( 'NONE', #6263, .T. ) ;
#6849 = DIRECTION ( 'NONE',  ( -0.000000000000000000, -0.000000000000000000, 1.000000000000000000 ) ) ;
#6850 = CARTESIAN_POINT ( 'NONE',  ( -0.5000000000000026645, -2.000000000000001776, 0.000000000000000000 ) ) ;
#6851 = LINE ( 'NONE', #7363, #3651 ) ;
#6852 = DIRECTION ( 'NONE',  ( -1.000000000000000000, -0.000000000000000000, -0.000000000000000000 ) ) ;
#6853 = ORIENTED_EDGE ( 'NONE', *, *, #6277, .F. ) ;
#6854 = ORIENTED_EDGE ( 'NONE', *, *, #1008, .F. ) ;
#6855 = VERTEX_POINT ( 'NONE', #7289 ) ;
#6856 = DIRECTION ( 'NONE',  ( 1.000000000000000000, 0.000000000000000000, 0.000000000000000000 ) ) ;
#6857 = EDGE_CURVE ( 'NONE', #343, #173, #421, .T. ) ;
#6858 = CARTESIAN_POINT ( 'NONE',  ( 10.49999999999999822, -2.000000000000001776, 2.000000000000000000 ) ) ;
#6859 = EDGE_LOOP ( 'NONE', ( #6069, #6570, #5487, #2576 ) ) ;
#6860 = ORIENTED_EDGE ( 'NONE', *, *, #6523, .T. ) ;
#6861 = CARTESIAN_POINT ( 'NONE',  ( -1.734723475976807094E-15, -6.999999999999999112, 2.000000000000000000 ) ) ;
#6862 = CIRCLE ( 'NONE', #5551, 0.5000000000000008882 ) ;
#6863 = VERTEX_POINT ( 'NONE', #5941 ) ;
#6864 = CARTESIAN_POINT ( 'NONE',  ( -11.14100669215809347, 0.000000000000000000, 2.000000000000000000 ) ) ;
#6865 = ORIENTED_EDGE ( 'NONE', *, *, #2044, .T. ) ;
#6866 = CARTESIAN_POINT ( 'NONE',  ( 19.69062500000000426, 38.50000000000000000, 2.000000000000000000 ) ) ;
#6867 = CARTESIAN_POINT ( 'NONE',  ( -5.500000000000003553, 28.00000000000000000, -8.000000000000000000 ) ) ;
#6868 = EDGE_LOOP ( 'NONE', ( #1460, #4313, #7659, #6160 ) ) ;
#6869 = EDGE_CURVE ( 'NONE', #173, #343, #5600, .T. ) ;
#6870 = CYLINDRICAL_SURFACE ( 'NONE', #4144, 0.5000000000000004441 ) ;
#6871 = ADVANCED_FACE ( 'NONE', ( #3480 ), #3562, .F. ) ;
#6872 = ORIENTED_EDGE ( 'NONE', *, *, #4014, .F. ) ;
#6873 = CARTESIAN_POINT ( 'NONE',  ( -3.469446951953614189E-15, 18.00000000000000355, 0.000000000000000000 ) ) ;
#6874 = AXIS2_PLACEMENT_3D ( 'NONE', #7214, #6614, #7902 ) ;
#6875 = CIRCLE ( 'NONE', #6478, 0.5000000000000004441 ) ;
#6876 = CIRCLE ( 'NONE', #2597, 0.5000000000000004441 ) ;
#6877 = CARTESIAN_POINT ( 'NONE',  ( -4.500000000000000888, 3.000000000000002665, 0.000000000000000000 ) ) ;
#6878 = EDGE_CURVE ( 'NONE', #1533, #1822, #7665, .T. ) ;
#6879 = FACE_BOUND ( 'NONE', #667, .T. ) ;
#6880 = VECTOR ( 'NONE', #4841, 1000.000000000000000 ) ;
#6881 = DIRECTION ( 'NONE',  ( 1.000000000000000000, 0.000000000000000000, 0.000000000000000000 ) ) ;
#6882 = AXIS2_PLACEMENT_3D ( 'NONE', #1512, #798, #7032 ) ;
#6883 = ORIENTED_EDGE ( 'NONE', *, *, #6936, .F. ) ;
#6884 = ORIENTED_EDGE ( 'NONE', *, *, #5879, .F. ) ;
#6885 = DIRECTION ( 'NONE',  ( 1.000000000000000000, 0.000000000000000000, 0.000000000000000000 ) ) ;
#6886 = LINE ( 'NONE', #1375, #5674 ) ;
#6887 = DIRECTION ( 'NONE',  ( -0.000000000000000000, -0.000000000000000000, 1.000000000000000000 ) ) ;
#6888 = EDGE_LOOP ( 'NONE', ( #7432, #6118, #6689, #4819 ) ) ;
#6889 = AXIS2_PLACEMENT_3D ( 'NONE', #4184, #5278, #1038 ) ;
#6890 = AXIS2_PLACEMENT_3D ( 'NONE', #5238, #5271, #7185 ) ;
#6891 = EDGE_CURVE ( 'NONE', #2278, #1424, #5974, .T. ) ;
#6892 = DIRECTION ( 'NONE',  ( -0.000000000000000000, -0.000000000000000000, 1.000000000000000000 ) ) ;
#6893 = EDGE_LOOP ( 'NONE', ( #2394, #7283, #843, #5832 ) ) ;
#6894 = DIRECTION ( 'NONE',  ( 1.000000000000000000, 0.000000000000000000, 0.000000000000000000 ) ) ;
#6895 = CARTESIAN_POINT ( 'NONE',  ( -15.50000000000000355, 28.00000000000000000, 2.000000000000000000 ) ) ;
#6896 = CIRCLE ( 'NONE', #6492, 0.5000000000000004441 ) ;
#6897 = FACE_OUTER_BOUND ( 'NONE', #2240, .T. ) ;
#6898 = CIRCLE ( 'NONE', #3266, 0.5000000000000004441 ) ;
#6899 = ORIENTED_EDGE ( 'NONE', *, *, #5513, .F. ) ;
#6900 = AXIS2_PLACEMENT_3D ( 'NONE', #2874, #5337, #484 ) ;
#6901 = EDGE_LOOP ( 'NONE', ( #1637, #4295, #2912, #4899 ) ) ;
#6902 = EDGE_CURVE ( 'NONE', #5875, #1264, #2492, .T. ) ;
#6903 = EDGE_CURVE ( 'NONE', #50, #4983, #2872, .T. ) ;
#6904 = AXIS2_PLACEMENT_3D ( 'NONE', #5038, #605, #4318 ) ;
#6905 = DIRECTION ( 'NONE',  ( 0.000000000000000000, 0.000000000000000000, 1.000000000000000000 ) ) ;
#6906 = ORIENTED_EDGE ( 'NONE', *, *, #7089, .T. ) ;
#6907 = DIRECTION ( 'NONE',  ( -2.312964634635741083E-15, 1.000000000000000000, 0.000000000000000000 ) ) ;
#6908 = EDGE_CURVE ( 'NONE', #5144, #5395, #7814, .T. ) ;
#6909 = ORIENTED_EDGE ( 'NONE', *, *, #957, .F. ) ;
#6910 = CARTESIAN_POINT ( 'NONE',  ( 4.499999999999997335, 13.00000000000000178, -8.000000000000000000 ) ) ;
#6911 = ORIENTED_EDGE ( 'NONE', *, *, #3252, .F. ) ;
#6912 = FACE_OUTER_BOUND ( 'NONE', #544, .T. ) ;
#6913 = ORIENTED_EDGE ( 'NONE', *, *, #5471, .T. ) ;
#6914 = ADVANCED_FACE ( 'NONE', ( #4199 ), #1053, .T. ) ;
#6915 = EDGE_CURVE ( 'NONE', #7331, #5488, #699, .T. ) ;
#6916 = VERTEX_POINT ( 'NONE', #7240 ) ;
#6917 = DIRECTION ( 'NONE',  ( 1.000000000000000000, 0.000000000000000000, 0.000000000000000000 ) ) ;
#6918 = DIRECTION ( 'NONE',  ( -0.000000000000000000, -0.000000000000000000, 1.000000000000000000 ) ) ;
#6919 = CARTESIAN_POINT ( 'NONE',  ( 10.00000000000000178, -32.00000000000000000, 0.000000000000000000 ) ) ;
#6920 = DIRECTION ( 'NONE',  ( -0.000000000000000000, -0.000000000000000000, 1.000000000000000000 ) ) ;
#6921 = CARTESIAN_POINT ( 'NONE',  ( 9.500000000000001776, -17.00000000000000000, 2.000000000000000000 ) ) ;
#6922 = VERTEX_POINT ( 'NONE', #3600 ) ;
#6923 = ORIENTED_EDGE ( 'NONE', *, *, #7994, .F. ) ;
#6924 = EDGE_CURVE ( 'NONE', #479, #4815, #4024, .T. ) ;
#6925 = FACE_OUTER_BOUND ( 'NONE', #3352, .T. ) ;
#6926 = DIRECTION ( 'NONE',  ( 1.000000000000000000, 0.000000000000000000, 0.000000000000000000 ) ) ;
#6927 = ORIENTED_EDGE ( 'NONE', *, *, #7639, .F. ) ;
#6928 = EDGE_CURVE ( 'NONE', #6432, #916, #7890, .T. ) ;
#6929 = SURFACE_STYLE_FILL_AREA ( #2697 ) ;
#6930 = DIRECTION ( 'NONE',  ( 1.000000000000000000, 0.000000000000000000, 0.000000000000000000 ) ) ;
#6931 = DIRECTION ( 'NONE',  ( 1.000000000000000000, 0.000000000000000000, 0.000000000000000000 ) ) ;
#6932 = AXIS2_PLACEMENT_3D ( 'NONE', #4720, #2174, #2289 ) ;
#6933 = DIRECTION ( 'NONE',  ( 0.000000000000000000, 0.000000000000000000, 1.000000000000000000 ) ) ;
#6934 = EDGE_CURVE ( 'NONE', #7944, #7061, #522, .T. ) ;
#6935 = DIRECTION ( 'NONE',  ( 1.000000000000000000, 0.000000000000000000, 0.000000000000000000 ) ) ;
#6936 = EDGE_CURVE ( 'NONE', #6098, #1239, #5064, .T. ) ;
#6937 = CIRCLE ( 'NONE', #1102, 0.5000000000000004441 ) ;
#6938 = ORIENTED_EDGE ( 'NONE', *, *, #3570, .T. ) ;
#6939 = VECTOR ( 'NONE', #3, 1000.000000000000000 ) ;
#6940 = CYLINDRICAL_SURFACE ( 'NONE', #3189, 0.5000000000000004441 ) ;
#6941 = ORIENTED_EDGE ( 'NONE', *, *, #3548, .T. ) ;
#6942 = CARTESIAN_POINT ( 'NONE',  ( 21.00000000000000355, -39.25000000000000000, 0.000000000000000000 ) ) ;
#6943 = AXIS2_PLACEMENT_3D ( 'NONE', #4213, #5428, #1023 ) ;
#6944 = ORIENTED_EDGE ( 'NONE', *, *, #2882, .T. ) ;
#6945 = ORIENTED_EDGE ( 'NONE', *, *, #2911, .F. ) ;
#6946 = DIRECTION ( 'NONE',  ( -0.000000000000000000, -0.000000000000000000, 1.000000000000000000 ) ) ;
#6947 = ORIENTED_EDGE ( 'NONE', *, *, #4692, .T. ) ;
#6948 = DIRECTION ( 'NONE',  ( 1.000000000000000000, 0.000000000000000000, 0.000000000000000000 ) ) ;
#6949 = EDGE_CURVE ( 'NONE', #3171, #5248, #1459, .T. ) ;
#6950 = ORIENTED_EDGE ( 'NONE', *, *, #4317, .T. ) ;
#6951 = ORIENTED_EDGE ( 'NONE', *, *, #5693, .F. ) ;
#6952 = CYLINDRICAL_SURFACE ( 'NONE', #3255, 1.190625000000000711 ) ;
#6953 = DIRECTION ( 'NONE',  ( 0.000000000000000000, 0.000000000000000000, 1.000000000000000000 ) ) ;
#6954 = EDGE_CURVE ( 'NONE', #2043, #1594, #37, .T. ) ;
#6955 = FACE_BOUND ( 'NONE', #2312, .T. ) ;
#6956 = CARTESIAN_POINT ( 'NONE',  ( -5.000000000000002665, 28.00000000000000000, 2.000000000000000000 ) ) ;
#6957 = ORIENTED_EDGE ( 'NONE', *, *, #7841, .F. ) ;
#6958 = ORIENTED_EDGE ( 'NONE', *, *, #5385, .F. ) ;
#6959 = DIRECTION ( 'NONE',  ( 0.000000000000000000, 0.000000000000000000, 1.000000000000000000 ) ) ;
#6960 = CARTESIAN_POINT ( 'NONE',  ( -1.734723475976807094E-15, 13.00000000000000178, 2.000000000000000000 ) ) ;
#6961 = ORIENTED_EDGE ( 'NONE', *, *, #6936, .T. ) ;
#6962 = EDGE_CURVE ( 'NONE', #5706, #518, #3078, .T. ) ;
#6963 = LINE ( 'NONE', #7040, #912 ) ;
#6964 = DIRECTION ( 'NONE',  ( -0.000000000000000000, 0.000000000000000000, 1.000000000000000000 ) ) ;
#6965 = AXIS2_PLACEMENT_3D ( 'NONE', #2893, #5354, #4746 ) ;
#6966 = CARTESIAN_POINT ( 'NONE',  ( -14.50000000000000000, 3.000000000000002665, 0.000000000000000000 ) ) ;
#6967 = DIRECTION ( 'NONE',  ( 1.000000000000000000, 0.000000000000000000, 0.000000000000000000 ) ) ;
#6968 = CARTESIAN_POINT ( 'NONE',  ( 0.5000000000000008882, -26.99999999999999645, 0.000000000000000000 ) ) ;
#6969 = VERTEX_POINT ( 'NONE', #3765 ) ;
#6970 = DIRECTION ( 'NONE',  ( 1.000000000000000000, 0.000000000000000000, 0.000000000000000000 ) ) ;
#6971 = CARTESIAN_POINT ( 'NONE',  ( -9.500000000000001776, 33.00000000000000000, 0.000000000000000000 ) ) ;
#6972 = ORIENTED_EDGE ( 'NONE', *, *, #2446, .T. ) ;
#6973 = CARTESIAN_POINT ( 'NONE',  ( 4.999999999999997335, 23.00000000000000000, 2.000000000000000000 ) ) ;
#6974 = ORIENTED_EDGE ( 'NONE', *, *, #2919, .F. ) ;
#6975 = ORIENTED_EDGE ( 'NONE', *, *, #4448, .F. ) ;
#6976 = CARTESIAN_POINT ( 'NONE',  ( 18.50000000000000355, -38.50000000000000000, 0.000000000000000000 ) ) ;
#6977 = ORIENTED_EDGE ( 'NONE', *, *, #1790, .T. ) ;
#6978 = FACE_OUTER_BOUND ( 'NONE', #5968, .T. ) ;
#6979 = ORIENTED_EDGE ( 'NONE', *, *, #2434, .T. ) ;
#6980 = EDGE_CURVE ( 'NONE', #7418, #6702, #931, .T. ) ;
#6981 = CIRCLE ( 'NONE', #3483, 0.5000000000000004441 ) ;
#6982 = DIRECTION ( 'NONE',  ( -0.000000000000000000, -0.000000000000000000, 1.000000000000000000 ) ) ;
#6983 = EDGE_LOOP ( 'NONE', ( #2004, #7351, #1136, #2996 ) ) ;
#6984 = CARTESIAN_POINT ( 'NONE',  ( -9.500000000000000000, -26.99999999999999645, -8.000000000000000000 ) ) ;
#6985 = CIRCLE ( 'NONE', #1935, 2.000000000000001776 ) ;
#6986 = CARTESIAN_POINT ( 'NONE',  ( -2.749999999999998668, -7.550000000000000711, 2.000000000000000000 ) ) ;
#6987 = FACE_BOUND ( 'NONE', #5660, .T. ) ;
#6988 = DIRECTION ( 'NONE',  ( -0.000000000000000000, -0.000000000000000000, 1.000000000000000000 ) ) ;
#6989 = ORIENTED_EDGE ( 'NONE', *, *, #4577, .F. ) ;
#6990 = CIRCLE ( 'NONE', #7756, 0.5000000000000004441 ) ;
#6991 = ORIENTED_EDGE ( 'NONE', *, *, #1378, .T. ) ;
#6992 = VECTOR ( 'NONE', #2234, 1000.000000000000000 ) ;
#6993 = DIRECTION ( 'NONE',  ( 1.000000000000000000, 0.000000000000000000, 0.000000000000000000 ) ) ;
#6994 = CIRCLE ( 'NONE', #3256, 1.190625000000000711 ) ;
#6995 = CYLINDRICAL_SURFACE ( 'NONE', #3978, 0.5000000000000004441 ) ;
#6996 = EDGE_CURVE ( 'NONE', #842, #5431, #43, .T. ) ;
#6997 = DIRECTION ( 'NONE',  ( -0.000000000000000000, 0.000000000000000000, 1.000000000000000000 ) ) ;
#6998 = ORIENTED_EDGE ( 'NONE', *, *, #1026, .T. ) ;
#6999 = DIRECTION ( 'NONE',  ( -0.000000000000000000, -0.000000000000000000, 1.000000000000000000 ) ) ;
#7000 = AXIS2_PLACEMENT_3D ( 'NONE', #4266, #7922, #1287 ) ;
#7001 = CIRCLE ( 'NONE', #5957, 0.5000000000000004441 ) ;
#7002 = DIRECTION ( 'NONE',  ( 1.000000000000000000, 0.000000000000000000, 0.000000000000000000 ) ) ;
#7003 = DIRECTION ( 'NONE',  ( -0.000000000000000000, -0.000000000000000000, 1.000000000000000000 ) ) ;
#7004 = DIRECTION ( 'NONE',  ( -0.000000000000000000, -0.000000000000000000, 1.000000000000000000 ) ) ;
#7005 = DIRECTION ( 'NONE',  ( 1.000000000000000000, 0.000000000000000000, 0.000000000000000000 ) ) ;
#7006 = ORIENTED_EDGE ( 'NONE', *, *, #7827, .F. ) ;
#7007 = AXIS2_PLACEMENT_3D ( 'NONE', #1924, #4224, #4917 ) ;
#7008 = EDGE_CURVE ( 'NONE', #2177, #708, #3805, .T. ) ;
#7009 = FACE_OUTER_BOUND ( 'NONE', #2147, .T. ) ;
#7010 = CARTESIAN_POINT ( 'NONE',  ( -6.299999999999995381, -14.05000000000000071, 0.000000000000000000 ) ) ;
#7011 = ORIENTED_EDGE ( 'NONE', *, *, #376, .F. ) ;
#7012 = DIRECTION ( 'NONE',  ( -0.000000000000000000, -0.000000000000000000, 1.000000000000000000 ) ) ;
#7013 = AXIS2_PLACEMENT_3D ( 'NONE', #6044, #1792, #6748 ) ;
#7014 = EDGE_CURVE ( 'NONE', #755, #3527, #7142, .T. ) ;
#7015 = ORIENTED_EDGE ( 'NONE', *, *, #4153, .F. ) ;
#7016 = FACE_OUTER_BOUND ( 'NONE', #3341, .T. ) ;
#7017 = ORIENTED_EDGE ( 'NONE', *, *, #1087, .F. ) ;
#7018 = CARTESIAN_POINT ( 'NONE',  ( 4.499999999999997335, 23.00000000000000000, 2.000000000000000000 ) ) ;
#7019 = VECTOR ( 'NONE', #507, 1000.000000000000000 ) ;
#7020 = AXIS2_PLACEMENT_3D ( 'NONE', #2991, #2379, #7325 ) ;
#7021 = DIRECTION ( 'NONE',  ( -0.000000000000000000, 0.000000000000000000, 1.000000000000000000 ) ) ;
#7022 = ORIENTED_EDGE ( 'NONE', *, *, #5139, .F. ) ;
#7023 = DIRECTION ( 'NONE',  ( -0.000000000000000000, -0.000000000000000000, 1.000000000000000000 ) ) ;
#7024 = AXIS2_PLACEMENT_3D ( 'NONE', #1875, #1320, #7996 ) ;
#7025 = DIRECTION ( 'NONE',  ( -0.000000000000000000, -0.000000000000000000, 1.000000000000000000 ) ) ;
#7026 = ORIENTED_EDGE ( 'NONE', *, *, #1372, .T. ) ;
#7027 = CARTESIAN_POINT ( 'NONE',  ( -10.00000000000000178, 13.00000000000000178, 2.000000000000000000 ) ) ;
#7028 = ADVANCED_FACE ( 'NONE', ( #6813 ), #2423, .F. ) ;
#7029 = CARTESIAN_POINT ( 'NONE',  ( -15.00000000000000178, -2.000000000000001776, 2.000000000000000000 ) ) ;
#7030 = CARTESIAN_POINT ( 'NONE',  ( 5.999999999999998224, 41.25000000000000000, 0.000000000000000000 ) ) ;
#7031 = FACE_BOUND ( 'NONE', #1840, .T. ) ;
#7032 = DIRECTION ( 'NONE',  ( 0.000000000000000000, 0.000000000000000000, -1.000000000000000000 ) ) ;
#7033 = DIRECTION ( 'NONE',  ( 1.000000000000000000, 0.000000000000000000, 0.000000000000000000 ) ) ;
#7034 = ORIENTED_EDGE ( 'NONE', *, *, #4182, .T. ) ;
#7035 = FACE_BOUND ( 'NONE', #6511, .T. ) ;
#7036 = ORIENTED_EDGE ( 'NONE', *, *, #821, .T. ) ;
#7037 = DIRECTION ( 'NONE',  ( -0.000000000000000000, -0.000000000000000000, 1.000000000000000000 ) ) ;
#7038 = DIRECTION ( 'NONE',  ( 1.000000000000000000, 0.000000000000000000, 0.000000000000000000 ) ) ;
#7039 = ORIENTED_EDGE ( 'NONE', *, *, #2739, .T. ) ;
#7040 = CARTESIAN_POINT ( 'NONE',  ( -10.50000000000000178, 33.00000000000000000, -8.000000000000000000 ) ) ;
#7041 = CARTESIAN_POINT ( 'NONE',  ( 10.00000000000000178, -26.99999999999999645, -8.000000000000000000 ) ) ;
#7042 = CARTESIAN_POINT ( 'NONE',  ( 15.00000000000000000, -17.00000000000000000, 2.000000000000000000 ) ) ;
#7043 = DIRECTION ( 'NONE',  ( -0.000000000000000000, -0.000000000000000000, 1.000000000000000000 ) ) ;
#7044 = CARTESIAN_POINT ( 'NONE',  ( -5.000000000000000888, -2.000000000000001776, 2.000000000000000000 ) ) ;
#7045 = EDGE_LOOP ( 'NONE', ( #1954, #1056, #7595, #368 ) ) ;
#7046 = CARTESIAN_POINT ( 'NONE',  ( 9.499999999999998224, 33.00000000000000000, -8.000000000000000000 ) ) ;
#7047 = CARTESIAN_POINT ( 'NONE',  ( -15.00000000000000000, -32.00000000000000000, 2.000000000000000000 ) ) ;
#7048 = CIRCLE ( 'NONE', #5356, 0.5000000000000004441 ) ;
#7049 = EDGE_CURVE ( 'NONE', #6364, #1854, #4422, .T. ) ;
#7051 = EDGE_CURVE ( 'NONE', #2245, #7357, #653, .T. ) ;
#7050 = EDGE_LOOP ( 'NONE', ( #4007, #3198 ) ) ;
#7052 = CARTESIAN_POINT ( 'NONE',  ( 15.00000000000000000, -32.00000000000000000, 2.000000000000000000 ) ) ;
#7053 = VECTOR ( 'NONE', #659, 1000.000000000000000 ) ;
#7054 = ORIENTED_EDGE ( 'NONE', *, *, #3971, .F. ) ;
#7055 = EDGE_LOOP ( 'NONE', ( #2537, #4572, #7342, #1499 ) ) ;
#7056 = DIRECTION ( 'NONE',  ( 1.000000000000000000, 0.000000000000000000, 0.000000000000000000 ) ) ;
#7057 = CARTESIAN_POINT ( 'NONE',  ( 10.49999999999999822, 28.00000000000000000, 2.000000000000000000 ) ) ;
#7058 = ORIENTED_EDGE ( 'NONE', *, *, #316, .F. ) ;
#7059 = DIRECTION ( 'NONE',  ( 1.000000000000000000, 0.000000000000000000, 0.000000000000000000 ) ) ;
#7060 = FACE_OUTER_BOUND ( 'NONE', #3629, .T. ) ;
#7061 = VERTEX_POINT ( 'NONE', #6778 ) ;
#7062 = CARTESIAN_POINT ( 'NONE',  ( -11.14100669215809347, -0.4000000000000001887, 0.000000000000000000 ) ) ;
#7063 = CARTESIAN_POINT ( 'NONE',  ( -10.00000000000000178, 33.00000000000000000, 2.000000000000000000 ) ) ;
#7065 = ADVANCED_FACE ( 'NONE', ( #6897 ), #6156, .F. ) ;
#7064 = FACE_BOUND ( 'NONE', #2156, .T. ) ;
#7066 = EDGE_CURVE ( 'NONE', #5144, #7944, #7386, .T. ) ;
#7067 = CYLINDRICAL_SURFACE ( 'NONE', #1443, 0.5000000000000008882 ) ;
#7068 = APPLICATION_PROTOCOL_DEFINITION ( 'draft international standard', 'automotive_design', 1998, #4923 ) ;
#7069 = VERTEX_POINT ( 'NONE', #3170 ) ;
#7070 = ORIENTED_EDGE ( 'NONE', *, *, #1749, .F. ) ;
#7071 = AXIS2_PLACEMENT_3D ( 'NONE', #2640, #2601, #6948 ) ;
#7072 = DIRECTION ( 'NONE',  ( 0.000000000000000000, 0.000000000000000000, 1.000000000000000000 ) ) ;
#7073 = CARTESIAN_POINT ( 'NONE',  ( 5.499999999999998224, 33.00000000000000000, -8.000000000000000000 ) ) ;
#7074 = ORIENTED_EDGE ( 'NONE', *, *, #3031, .T. ) ;
#7075 = CARTESIAN_POINT ( 'NONE',  ( 17.30937500000000284, -38.50000000000000000, 2.000000000000000000 ) ) ;
#7076 = AXIS2_PLACEMENT_3D ( 'NONE', #5466, #6161, #2385 ) ;
#7077 = EDGE_CURVE ( 'NONE', #5930, #7466, #1226, .T. ) ;
#7078 = CARTESIAN_POINT ( 'NONE',  ( -10.50000000000000000, -32.00000000000000000, 0.000000000000000000 ) ) ;
#7079 = CARTESIAN_POINT ( 'NONE',  ( 9.999999999999998224, 23.00000000000000000, -8.000000000000000000 ) ) ;
#7080 = DIRECTION ( 'NONE',  ( 1.000000000000000000, 0.000000000000000000, 0.000000000000000000 ) ) ;
#7081 = DIRECTION ( 'NONE',  ( 1.000000000000000000, 0.000000000000000000, 0.000000000000000000 ) ) ;
#7082 = ORIENTED_EDGE ( 'NONE', *, *, #4182, .F. ) ;
#7083 = CIRCLE ( 'NONE', #7854, 0.5000000000000004441 ) ;
#7084 = DIRECTION ( 'NONE',  ( 0.000000000000000000, 0.000000000000000000, 1.000000000000000000 ) ) ;
#7085 = EDGE_LOOP ( 'NONE', ( #1357, #4277, #2517, #2878 ) ) ;
#7086 = CARTESIAN_POINT ( 'NONE',  ( 14.99999999999999645, 18.00000000000000355, 2.000000000000000000 ) ) ;
#7087 = ORIENTED_EDGE ( 'NONE', *, *, #7736, .T. ) ;
#7088 = CIRCLE ( 'NONE', #6047, 0.5000000000000004441 ) ;
#7089 = EDGE_CURVE ( 'NONE', #1708, #5357, #5452, .T. ) ;
#7090 = EDGE_LOOP ( 'NONE', ( #691, #4361 ) ) ;
#7091 = ADVANCED_FACE ( 'NONE', ( #3035 ), #739, .F. ) ;
#7092 = ORIENTED_EDGE ( 'NONE', *, *, #2924, .T. ) ;
#7093 = CARTESIAN_POINT ( 'NONE',  ( 15.50000000000000000, -26.99999999999999645, 2.000000000000000000 ) ) ;
#7094 = ORIENTED_EDGE ( 'NONE', *, *, #6253, .T. ) ;
#7095 = AXIS2_PLACEMENT_3D ( 'NONE', #5813, #263, #2736 ) ;
#7096 = CARTESIAN_POINT ( 'NONE',  ( 4.999999999999997335, -2.000000000000001776, -8.000000000000000000 ) ) ;
#7097 = LINE ( 'NONE', #7364, #5790 ) ;
#7098 = ORIENTED_EDGE ( 'NONE', *, *, #1058, .T. ) ;
#7099 = CYLINDRICAL_SURFACE ( 'NONE', #1429, 0.5000000000000008882 ) ;
#7100 = ADVANCED_FACE ( 'NONE', ( #6242 ), #576, .F. ) ;
#7101 = CARTESIAN_POINT ( 'NONE',  ( 9.999999999999998224, -2.000000000000001776, -8.000000000000000000 ) ) ;
#7102 = FACE_BOUND ( 'NONE', #5095, .T. ) ;
#7103 = ADVANCED_FACE ( 'NONE', ( #5588 ), #2587, .F. ) ;
#7104 = DIRECTION ( 'NONE',  ( 1.000000000000000000, 0.000000000000000000, 0.000000000000000000 ) ) ;
#7105 = EDGE_LOOP ( 'NONE', ( #6785, #1622 ) ) ;
#7106 = LINE ( 'NONE', #3541, #680 ) ;
#7107 = ORIENTED_EDGE ( 'NONE', *, *, #5891, .F. ) ;
#7108 = DIRECTION ( 'NONE',  ( -0.000000000000000000, 0.000000000000000000, 1.000000000000000000 ) ) ;
#7109 = VECTOR ( 'NONE', #3640, 1000.000000000000000 ) ;
#7110 = DIRECTION ( 'NONE',  ( -0.000000000000000000, -0.000000000000000000, 1.000000000000000000 ) ) ;
#7111 = EDGE_CURVE ( 'NONE', #2551, #3302, #6496, .T. ) ;
#7112 = ORIENTED_EDGE ( 'NONE', *, *, #3660, .F. ) ;
#7113 = DIRECTION ( 'NONE',  ( 1.000000000000000000, 0.000000000000000000, 0.000000000000000000 ) ) ;
#7114 = VECTOR ( 'NONE', #7740, 1000.000000000000000 ) ;
#7115 = LINE ( 'NONE', #1636, #7019 ) ;
#7116 = CARTESIAN_POINT ( 'NONE',  ( 10.49999999999999822, 13.00000000000000178, -8.000000000000000000 ) ) ;
#7117 = CARTESIAN_POINT ( 'NONE',  ( 5.000000000000000888, -6.999999999999999112, 0.000000000000000000 ) ) ;
#7118 = ORIENTED_EDGE ( 'NONE', *, *, #492, .T. ) ;
#7119 = EDGE_CURVE ( 'NONE', #6019, #3434, #81, .T. ) ;
#7120 = VECTOR ( 'NONE', #5421, 1000.000000000000000 ) ;
#7121 = AXIS2_PLACEMENT_3D ( 'NONE', #7379, #7950, #5512 ) ;
#7122 = AXIS2_PLACEMENT_3D ( 'NONE', #5798, #7666, #5138 ) ;
#7123 = CARTESIAN_POINT ( 'NONE',  ( -5.999999999999999112, 39.75000000000000000, -0.001000000000000132727 ) ) ;
#7124 = VERTEX_POINT ( 'NONE', #3874 ) ;
#7125 = LINE ( 'NONE', #3438, #2471 ) ;
#7126 = AXIS2_PLACEMENT_3D ( 'NONE', #1479, #5809, #1368 ) ;
#7127 = ORIENTED_EDGE ( 'NONE', *, *, #2171, .T. ) ;
#7128 = EDGE_CURVE ( 'NONE', #3263, #5774, #6107, .T. ) ;
#7129 = ORIENTED_EDGE ( 'NONE', *, *, #3758, .T. ) ;
#7130 = ORIENTED_EDGE ( 'NONE', *, *, #7601, .T. ) ;
#7131 = DIRECTION ( 'NONE',  ( 1.000000000000000000, 0.000000000000000000, 0.000000000000000000 ) ) ;
#7132 = CARTESIAN_POINT ( 'NONE',  ( -1.734723475976807094E-15, -17.00000000000000000, -8.000000000000000000 ) ) ;
#7133 = AXIS2_PLACEMENT_3D ( 'NONE', #7470, #5517, #4955 ) ;
#7134 = EDGE_LOOP ( 'NONE', ( #2966, #2836, #5637, #5468 ) ) ;
#7135 = CARTESIAN_POINT ( 'NONE',  ( -20.30000000000000071, -14.05000000000000071, 2.000000000000000000 ) ) ;
#7136 = ADVANCED_FACE ( 'NONE', ( #3839 ), #3355, .F. ) ;
#7137 = CARTESIAN_POINT ( 'NONE',  ( 15.00000000000000000, -32.00000000000000000, -8.000000000000000000 ) ) ;
#7138 = VECTOR ( 'NONE', #877, 1000.000000000000000 ) ;
#7139 = ORIENTED_EDGE ( 'NONE', *, *, #553, .F. ) ;
#7140 = VECTOR ( 'NONE', #4282, 1000.000000000000000 ) ;
#7141 = DIRECTION ( 'NONE',  ( -0.000000000000000000, -0.000000000000000000, 1.000000000000000000 ) ) ;
#7142 = CIRCLE ( 'NONE', #3887, 0.5000000000000004441 ) ;
#7143 = DIRECTION ( 'NONE',  ( 1.000000000000000000, 0.000000000000000000, 0.000000000000000000 ) ) ;
#7144 = DIRECTION ( 'NONE',  ( 1.000000000000000000, 0.000000000000000000, 0.000000000000000000 ) ) ;
#7145 = AXIS2_PLACEMENT_3D ( 'NONE', #374, #4212, #2922 ) ;
#7146 = CIRCLE ( 'NONE', #6904, 0.5000000000000004441 ) ;
#7147 = EDGE_CURVE ( 'NONE', #5003, #7226, #5822, .T. ) ;
#7148 = ADVANCED_FACE ( 'NONE', ( #6438 ), #774, .F. ) ;
#7149 = DIRECTION ( 'NONE',  ( 1.000000000000000000, 0.000000000000000000, 0.000000000000000000 ) ) ;
#7150 = ORIENTED_EDGE ( 'NONE', *, *, #5759, .T. ) ;
#7151 = CARTESIAN_POINT ( 'NONE',  ( 9.999999999999998224, -2.000000000000001776, 0.000000000000000000 ) ) ;
#7152 = ORIENTED_EDGE ( 'NONE', *, *, #5292, .T. ) ;
#7153 = DIRECTION ( 'NONE',  ( -0.000000000000000000, 0.000000000000000000, 1.000000000000000000 ) ) ;
#7154 = CARTESIAN_POINT ( 'NONE',  ( 0.000000000000000000, -32.00000000000000000, 0.000000000000000000 ) ) ;
#7155 = ORIENTED_EDGE ( 'NONE', *, *, #2140, .F. ) ;
#7156 = AXIS2_PLACEMENT_3D ( 'NONE', #7475, #6918, #3825 ) ;
#7157 = CYLINDRICAL_SURFACE ( 'NONE', #2071, 0.5000000000000004441 ) ;
#7158 = DIRECTION ( 'NONE',  ( -0.000000000000000000, 0.000000000000000000, 1.000000000000000000 ) ) ;
#7159 = EDGE_CURVE ( 'NONE', #2863, #6767, #2742, .T. ) ;
#7160 = DIRECTION ( 'NONE',  ( -0.000000000000000000, -0.000000000000000000, 1.000000000000000000 ) ) ;
#7161 = DIRECTION ( 'NONE',  ( 0.000000000000000000, 0.000000000000000000, 1.000000000000000000 ) ) ;
#7162 = CARTESIAN_POINT ( 'NONE',  ( 14.49999999999999467, 13.00000000000000178, -8.000000000000000000 ) ) ;
#7163 = DIRECTION ( 'NONE',  ( 1.000000000000000000, 0.000000000000000000, 0.000000000000000000 ) ) ;
#7164 = ORIENTED_EDGE ( 'NONE', *, *, #1022, .F. ) ;
#7165 = CARTESIAN_POINT ( 'NONE',  ( -14.50000000000000000, -11.99999999999999645, -8.000000000000000000 ) ) ;
#7166 = ORIENTED_EDGE ( 'NONE', *, *, #1280, .T. ) ;
#7167 = CARTESIAN_POINT ( 'NONE',  ( -10.00000000000000000, -32.00000000000000000, -8.000000000000000000 ) ) ;
#7168 = FACE_BOUND ( 'NONE', #35, .T. ) ;
#7169 = ADVANCED_FACE ( 'NONE', ( #4485 ), #2702, .F. ) ;
#7170 = DIRECTION ( 'NONE',  ( 1.000000000000000000, 0.000000000000000000, 0.000000000000000000 ) ) ;
#7171 = ORIENTED_EDGE ( 'NONE', *, *, #7394, .F. ) ;
#7172 = EDGE_LOOP ( 'NONE', ( #7139, #7650, #5594, #5178 ) ) ;
#7173 = VERTEX_POINT ( 'NONE', #7722 ) ;
#7174 = CARTESIAN_POINT ( 'NONE',  ( -18.99999999999999645, 39.25000000000000000, 2.000000000000000000 ) ) ;
#7175 = VERTEX_POINT ( 'NONE', #2050 ) ;
#7176 = CARTESIAN_POINT ( 'NONE',  ( -18.99999999999999645, 39.25000000000000000, 0.000000000000000000 ) ) ;
#7177 = CARTESIAN_POINT ( 'NONE',  ( -5.000000000000002665, 33.00000000000000000, 0.000000000000000000 ) ) ;
#7178 = VECTOR ( 'NONE', #2507, 1000.000000000000000 ) ;
#7179 = EDGE_LOOP ( 'NONE', ( #3876, #3800, #1862, #1293 ) ) ;
#7180 = DIRECTION ( 'NONE',  ( 1.000000000000000000, 0.000000000000000000, 0.000000000000000000 ) ) ;
#7181 = ADVANCED_FACE ( 'NONE', ( #3246 ), #6402, .F. ) ;
#7182 = LINE ( 'NONE', #497, #2674 ) ;
#7183 = DIRECTION ( 'NONE',  ( 1.000000000000000000, 0.000000000000000000, 0.000000000000000000 ) ) ;
#7184 = VERTEX_POINT ( 'NONE', #2660 ) ;
#7185 = DIRECTION ( 'NONE',  ( 1.000000000000000000, 0.000000000000000000, 0.000000000000000000 ) ) ;
#7186 = EDGE_LOOP ( 'NONE', ( #1736, #3482, #6796, #5913 ) ) ;
#7187 = DIRECTION ( 'NONE',  ( 1.000000000000000000, 0.000000000000000000, 0.000000000000000000 ) ) ;
#7188 = CARTESIAN_POINT ( 'NONE',  ( -4.499999999999999112, -26.99999999999999645, 2.000000000000000000 ) ) ;
#7189 = ORIENTED_EDGE ( 'NONE', *, *, #1944, .F. ) ;
#7190 = ADVANCED_FACE ( 'NONE', ( #1414 ), #1525, .F. ) ;
#7191 = ADVANCED_FACE ( 'NONE', ( #2746 ), #4523, .F. ) ;
#7192 = DIRECTION ( 'NONE',  ( 0.000000000000000000, 0.000000000000000000, 1.000000000000000000 ) ) ;
#7193 = DIRECTION ( 'NONE',  ( 1.000000000000000000, 0.000000000000000000, 0.000000000000000000 ) ) ;
#7194 = EDGE_LOOP ( 'NONE', ( #1582, #6816 ) ) ;
#7195 = CARTESIAN_POINT ( 'NONE',  ( 9.999999999999998224, 3.000000000000002665, 0.000000000000000000 ) ) ;
#7196 = DIRECTION ( 'NONE',  ( -0.000000000000000000, -0.000000000000000000, 1.000000000000000000 ) ) ;
#7197 = EDGE_CURVE ( 'NONE', #327, #3848, #2344, .T. ) ;
#7198 = CIRCLE ( 'NONE', #5377, 0.5000000000000004441 ) ;
#7199 = CARTESIAN_POINT ( 'NONE',  ( 5.000000000000000888, -11.99999999999999645, -8.000000000000000000 ) ) ;
#7200 = ORIENTED_EDGE ( 'NONE', *, *, #4627, .T. ) ;
#7201 = AXIS2_PLACEMENT_3D ( 'NONE', #1985, #1943, #6970 ) ;
#7202 = EDGE_CURVE ( 'NONE', #1863, #5058, #3289, .T. ) ;
#7203 = CYLINDRICAL_SURFACE ( 'NONE', #7437, 0.5000000000000008882 ) ;
#7204 = ORIENTED_EDGE ( 'NONE', *, *, #6704, .F. ) ;
#7205 = DIRECTION ( 'NONE',  ( 1.000000000000000000, 0.000000000000000000, 0.000000000000000000 ) ) ;
#7206 = FACE_BOUND ( 'NONE', #415, .T. ) ;
#7207 = DIRECTION ( 'NONE',  ( 1.000000000000000000, 0.000000000000000000, 0.000000000000000000 ) ) ;
#7208 = ORIENTED_EDGE ( 'NONE', *, *, #5382, .T. ) ;
#7209 = ORIENTED_EDGE ( 'NONE', *, *, #6996, .T. ) ;
#7210 = CIRCLE ( 'NONE', #2938, 0.5000000000000008882 ) ;
#7211 = ORIENTED_EDGE ( 'NONE', *, *, #7807, .F. ) ;
#7212 = DIRECTION ( 'NONE',  ( -0.000000000000000000, 0.000000000000000000, 1.000000000000000000 ) ) ;
#7213 = ORIENTED_EDGE ( 'NONE', *, *, #4987, .F. ) ;
#7214 = CARTESIAN_POINT ( 'NONE',  ( 9.999999999999998224, 23.00000000000000000, 2.000000000000000000 ) ) ;
#7215 = CIRCLE ( 'NONE', #7346, 0.5000000000000004441 ) ;
#7216 = ORIENTED_EDGE ( 'NONE', *, *, #1790, .F. ) ;
#7217 = CARTESIAN_POINT ( 'NONE',  ( 10.00000000000000178, -11.99999999999999645, 2.000000000000000000 ) ) ;
#7218 = EDGE_CURVE ( 'NONE', #3327, #984, #5439, .T. ) ;
#7219 = CARTESIAN_POINT ( 'NONE',  ( 5.000000000000000888, -22.00000000000000000, -8.000000000000000000 ) ) ;
#7220 = DIRECTION ( 'NONE',  ( 1.000000000000000000, 0.000000000000000000, 0.000000000000000000 ) ) ;
#7221 = ORIENTED_EDGE ( 'NONE', *, *, #6446, .T. ) ;
#7222 = DIRECTION ( 'NONE',  ( -0.000000000000000000, -0.000000000000000000, 1.000000000000000000 ) ) ;
#7223 = EDGE_LOOP ( 'NONE', ( #4162, #7416, #6998, #250 ) ) ;
#7224 = CARTESIAN_POINT ( 'NONE',  ( 19.00000000000000355, -39.25000000000000000, 0.000000000000000000 ) ) ;
#7225 = DIRECTION ( 'NONE',  ( 1.000000000000000000, 0.000000000000000000, 0.000000000000000000 ) ) ;
#7226 = VERTEX_POINT ( 'NONE', #5165 ) ;
#7227 = CYLINDRICAL_SURFACE ( 'NONE', #2848, 0.5000000000000004441 ) ;
#7228 = LINE ( 'NONE', #5325, #5848 ) ;
#7229 = EDGE_CURVE ( 'NONE', #3409, #2735, #7648, .T. ) ;
#7230 = ORIENTED_EDGE ( 'NONE', *, *, #574, .F. ) ;
#7231 = VECTOR ( 'NONE', #3709, 1000.000000000000000 ) ;
#7232 = FACE_OUTER_BOUND ( 'NONE', #1946, .T. ) ;
#7233 = DIRECTION ( 'NONE',  ( -0.000000000000000000, -0.000000000000000000, 1.000000000000000000 ) ) ;
#7234 = EDGE_LOOP ( 'NONE', ( #4824, #4041, #4409, #3692 ) ) ;
#7235 = AXIS2_PLACEMENT_3D ( 'NONE', #6126, #455, #4773 ) ;
#7236 = DIRECTION ( 'NONE',  ( -0.000000000000000000, -0.000000000000000000, 1.000000000000000000 ) ) ;
#7237 = EDGE_LOOP ( 'NONE', ( #2545, #7472, #4200, #4101 ) ) ;
#7238 = CARTESIAN_POINT ( 'NONE',  ( -5.500000000000001776, -11.99999999999999645, 0.000000000000000000 ) ) ;
#7239 = FACE_BOUND ( 'NONE', #5654, .T. ) ;
#7240 = CARTESIAN_POINT ( 'NONE',  ( -15.50000000000000178, 13.00000000000000178, 0.000000000000000000 ) ) ;
#7241 = EDGE_LOOP ( 'NONE', ( #1751, #6308 ) ) ;
#7242 = AXIS2_PLACEMENT_3D ( 'NONE', #2059, #928, #1130 ) ;
#7243 = EDGE_CURVE ( 'NONE', #1230, #7638, #2098, .T. ) ;
#7244 = AXIS2_PLACEMENT_3D ( 'NONE', #7556, #5146, #5192 ) ;
#7245 = VECTOR ( 'NONE', #5160, 1000.000000000000000 ) ;
#7246 = ORIENTED_EDGE ( 'NONE', *, *, #5008, .T. ) ;
#7247 = VERTEX_POINT ( 'NONE', #3953 ) ;
#7248 = DIRECTION ( 'NONE',  ( 0.000000000000000000, 0.000000000000000000, 1.000000000000000000 ) ) ;
#7249 = DIRECTION ( 'NONE',  ( 1.000000000000000000, 0.000000000000000000, 0.000000000000000000 ) ) ;
#7250 = VERTEX_POINT ( 'NONE', #6474 ) ;
#7251 = FACE_BOUND ( 'NONE', #7683, .T. ) ;
#7252 = AXIS2_PLACEMENT_3D ( 'NONE', #1005, #7847, #2869 ) ;
#7253 = AXIS2_PLACEMENT_3D ( 'NONE', #2371, #5934, #6058 ) ;
#7254 = DIRECTION ( 'NONE',  ( 1.000000000000000000, 0.000000000000000000, 0.000000000000000000 ) ) ;
#7255 = CIRCLE ( 'NONE', #1325, 0.5000000000000004441 ) ;
#7256 = EDGE_CURVE ( 'NONE', #7779, #7434, #192, .T. ) ;
#7257 = ORIENTED_EDGE ( 'NONE', *, *, #6264, .F. ) ;
#7258 = CARTESIAN_POINT ( 'NONE',  ( -1.734723475976807094E-15, -17.00000000000000000, 0.000000000000000000 ) ) ;
#7259 = ADVANCED_FACE ( 'NONE', ( #2939 ), #6554, .F. ) ;
#7260 = ADVANCED_FACE ( 'NONE', ( #7232 ), #350, .F. ) ;
#7261 = CARTESIAN_POINT ( 'NONE',  ( 4.500000000000000888, -22.00000000000000000, 2.000000000000000000 ) ) ;
#7262 = AXIS2_PLACEMENT_3D ( 'NONE', #258, #140, #7033 ) ;
#7263 = CIRCLE ( 'NONE', #5440, 0.5000000000000004441 ) ;
#7264 = DIRECTION ( 'NONE',  ( 1.000000000000000000, 0.000000000000000000, 0.000000000000000000 ) ) ;
#7265 = AXIS2_PLACEMENT_3D ( 'NONE', #5115, #3423, #2161 ) ;
#7266 = DIRECTION ( 'NONE',  ( 0.000000000000000000, 0.000000000000000000, 1.000000000000000000 ) ) ;
#7267 = AXIS2_PLACEMENT_3D ( 'NONE', #5892, #7839, #4102 ) ;
#7268 = EDGE_CURVE ( 'NONE', #4075, #1355, #5310, .T. ) ;
#7269 = ORIENTED_EDGE ( 'NONE', *, *, #5163, .F. ) ;
#7270 = LINE ( 'NONE', #7748, #924 ) ;
#7271 = ORIENTED_EDGE ( 'NONE', *, *, #5185, .F. ) ;
#7272 = DIRECTION ( 'NONE',  ( 1.000000000000000000, 0.000000000000000000, 0.000000000000000000 ) ) ;
#7273 = DIRECTION ( 'NONE',  ( -0.000000000000000000, 0.000000000000000000, 1.000000000000000000 ) ) ;
#7274 = CIRCLE ( 'NONE', #3907, 0.5000000000000004441 ) ;
#7275 = CARTESIAN_POINT ( 'NONE',  ( 4.500000000000000888, -11.99999999999999645, -8.000000000000000000 ) ) ;
#7276 = CARTESIAN_POINT ( 'NONE',  ( -10.50000000000000178, 28.00000000000000000, 0.000000000000000000 ) ) ;
#7277 = VERTEX_POINT ( 'NONE', #4062 ) ;
#7278 = VERTEX_POINT ( 'NONE', #393 ) ;
#7279 = CYLINDRICAL_SURFACE ( 'NONE', #1449, 0.5000000000000004441 ) ;
#7280 = CIRCLE ( 'NONE', #6646, 0.5000000000000004441 ) ;
#7281 = DIRECTION ( 'NONE',  ( -0.000000000000000000, -0.000000000000000000, 1.000000000000000000 ) ) ;
#7282 = CARTESIAN_POINT ( 'NONE',  ( -3.469446951953614189E-15, 33.00000000000000000, -8.000000000000000000 ) ) ;
#7283 = ORIENTED_EDGE ( 'NONE', *, *, #2339, .F. ) ;
#7284 = EDGE_CURVE ( 'NONE', #6078, #951, #6677, .T. ) ;
#7285 = DIRECTION ( 'NONE',  ( -0.000000000000000000, -0.000000000000000000, 1.000000000000000000 ) ) ;
#7286 = EDGE_LOOP ( 'NONE', ( #6806, #6321 ) ) ;
#7287 = CYLINDRICAL_SURFACE ( 'NONE', #7252, 0.5000000000000004441 ) ;
#7288 = FACE_BOUND ( 'NONE', #6245, .T. ) ;
#7289 = CARTESIAN_POINT ( 'NONE',  ( -5.500000000000003553, 28.00000000000000000, 0.000000000000000000 ) ) ;
#7290 = ORIENTED_EDGE ( 'NONE', *, *, #1996, .F. ) ;
#7291 = VERTEX_POINT ( 'NONE', #4147 ) ;
#7292 = ORIENTED_EDGE ( 'NONE', *, *, #6136, .F. ) ;
#7293 = EDGE_CURVE ( 'NONE', #7314, #5520, #2815, .T. ) ;
#7294 = EDGE_CURVE ( 'NONE', #5481, #2248, #3644, .T. ) ;
#7295 = DIRECTION ( 'NONE',  ( 1.000000000000000000, 0.000000000000000000, 0.000000000000000000 ) ) ;
#7296 = ORIENTED_EDGE ( 'NONE', *, *, #2740, .F. ) ;
#7297 = DIRECTION ( 'NONE',  ( -0.000000000000000000, 0.000000000000000000, 1.000000000000000000 ) ) ;
#7298 = DIRECTION ( 'NONE',  ( 1.000000000000000000, 0.000000000000000000, 0.000000000000000000 ) ) ;
#7299 = ORIENTED_EDGE ( 'NONE', *, *, #7850, .T. ) ;
#7300 = DIRECTION ( 'NONE',  ( -0.000000000000000000, -0.000000000000000000, 1.000000000000000000 ) ) ;
#7301 = CARTESIAN_POINT ( 'NONE',  ( 5.499999999999998224, 3.000000000000002665, -8.000000000000000000 ) ) ;
#7302 = VERTEX_POINT ( 'NONE', #4030 ) ;
#7303 = DIRECTION ( 'NONE',  ( -0.000000000000000000, -0.000000000000000000, 1.000000000000000000 ) ) ;
#7304 = ORIENTED_EDGE ( 'NONE', *, *, #2107, .T. ) ;
#7305 = AXIS2_PLACEMENT_3D ( 'NONE', #7219, #460, #2923 ) ;
#7306 = CYLINDRICAL_SURFACE ( 'NONE', #5590, 0.5000000000000004441 ) ;
#7307 = ORIENTED_EDGE ( 'NONE', *, *, #6924, .F. ) ;
#7308 = DIRECTION ( 'NONE',  ( -0.000000000000000000, -0.000000000000000000, 1.000000000000000000 ) ) ;
#7309 = DIRECTION ( 'NONE',  ( 0.000000000000000000, 1.000000000000000000, -0.000000000000000000 ) ) ;
#7310 = EDGE_CURVE ( 'NONE', #3869, #5865, #6898, .T. ) ;
#7311 = DIRECTION ( 'NONE',  ( 1.000000000000000000, 0.000000000000000000, 0.000000000000000000 ) ) ;
#7312 = LINE ( 'NONE', #3065, #6751 ) ;
#7313 = VERTEX_POINT ( 'NONE', #6519 ) ;
#7314 = VERTEX_POINT ( 'NONE', #1681 ) ;
#7315 = DIRECTION ( 'NONE',  ( -0.000000000000000000, -0.000000000000000000, 1.000000000000000000 ) ) ;
#7316 = CARTESIAN_POINT ( 'NONE',  ( -6.641006692158093472, 0.000000000000000000, 0.000000000000000000 ) ) ;
#7317 = DIRECTION ( 'NONE',  ( 1.000000000000000000, 0.000000000000000000, 0.000000000000000000 ) ) ;
#7318 = VERTEX_POINT ( 'NONE', #1639 ) ;
#7319 = ADVANCED_FACE ( 'NONE', ( #2209 ), #3551, .F. ) ;
#7320 = CARTESIAN_POINT ( 'NONE',  ( -18.50000000000000355, -38.50000000000000000, 2.000000000000000000 ) ) ;
#7321 = ORIENTED_EDGE ( 'NONE', *, *, #2298, .F. ) ;
#7322 = CARTESIAN_POINT ( 'NONE',  ( -9.500000000000000000, -26.99999999999999645, 0.000000000000000000 ) ) ;
#7323 = FACE_BOUND ( 'NONE', #1926, .T. ) ;
#7324 = FACE_OUTER_BOUND ( 'NONE', #3239, .T. ) ;
#7325 = DIRECTION ( 'NONE',  ( 1.000000000000000000, 0.000000000000000000, 0.000000000000000000 ) ) ;
#7326 = ORIENTED_EDGE ( 'NONE', *, *, #4207, .T. ) ;
#7327 = VERTEX_POINT ( 'NONE', #3590 ) ;
#7328 = EDGE_LOOP ( 'NONE', ( #5203, #2713, #3530, #444 ) ) ;
#7329 = DIRECTION ( 'NONE',  ( -0.000000000000000000, -0.000000000000000000, 1.000000000000000000 ) ) ;
#7330 = ORIENTED_EDGE ( 'NONE', *, *, #6140, .F. ) ;
#7331 = VERTEX_POINT ( 'NONE', #6014 ) ;
#7332 = DIRECTION ( 'NONE',  ( 0.000000000000000000, 0.000000000000000000, 1.000000000000000000 ) ) ;
#7333 = EDGE_CURVE ( 'NONE', #3091, #410, #147, .T. ) ;
#7334 = ORIENTED_EDGE ( 'NONE', *, *, #6456, .T. ) ;
#7335 = CARTESIAN_POINT ( 'NONE',  ( 4.499999999999997335, 8.000000000000000000, 2.000000000000000000 ) ) ;
#7336 = FACE_OUTER_BOUND ( 'NONE', #7537, .T. ) ;
#7337 = DIRECTION ( 'NONE',  ( 0.000000000000000000, 0.000000000000000000, 1.000000000000000000 ) ) ;
#7338 = ORIENTED_EDGE ( 'NONE', *, *, #1514, .T. ) ;
#7339 = AXIS2_PLACEMENT_3D ( 'NONE', #1076, #2313, #7187 ) ;
#7340 = DIRECTION ( 'NONE',  ( 0.000000000000000000, 0.000000000000000000, 1.000000000000000000 ) ) ;
#7341 = CARTESIAN_POINT ( 'NONE',  ( 0.4999999999999991673, 3.000000000000002665, 2.000000000000000000 ) ) ;
#7342 = ORIENTED_EDGE ( 'NONE', *, *, #5323, .T. ) ;
#7343 = CYLINDRICAL_SURFACE ( 'NONE', #5387, 0.5000000000000008882 ) ;
#7344 = EDGE_CURVE ( 'NONE', #197, #7318, #7657, .T. ) ;
#7345 = ADVANCED_FACE ( 'NONE', ( #473 ), #3512, .F. ) ;
#7346 = AXIS2_PLACEMENT_3D ( 'NONE', #4486, #1526, #7005 ) ;
#7347 = DIRECTION ( 'NONE',  ( 0.000000000000000000, 0.000000000000000000, 1.000000000000000000 ) ) ;
#7348 = DIRECTION ( 'NONE',  ( -0.000000000000000000, -0.000000000000000000, 1.000000000000000000 ) ) ;
#7349 = DIRECTION ( 'NONE',  ( -0.000000000000000000, 0.000000000000000000, 1.000000000000000000 ) ) ;
#7350 = CARTESIAN_POINT ( 'NONE',  ( -19.69062500000000426, -38.50000000000000000, 0.000000000000000000 ) ) ;
#7351 = ORIENTED_EDGE ( 'NONE', *, *, #5195, .T. ) ;
#7352 = ORIENTED_EDGE ( 'NONE', *, *, #6771, .F. ) ;
#7353 = CYLINDRICAL_SURFACE ( 'NONE', #2093, 0.5000000000000004441 ) ;
#7354 = EDGE_CURVE ( 'NONE', #1498, #4081, #3390, .T. ) ;
#7355 = DIRECTION ( 'NONE',  ( 0.000000000000000000, 0.000000000000000000, 1.000000000000000000 ) ) ;
#7356 = FACE_OUTER_BOUND ( 'NONE', #5672, .T. ) ;
#7357 = VERTEX_POINT ( 'NONE', #6056 ) ;
#7358 = EDGE_CURVE ( 'NONE', #4709, #4051, #438, .T. ) ;
#7359 = DIRECTION ( 'NONE',  ( -0.000000000000000000, 0.000000000000000000, 1.000000000000000000 ) ) ;
#7360 = CARTESIAN_POINT ( 'NONE',  ( -4.999999999999999112, -32.00000000000000000, 0.000000000000000000 ) ) ;
#7361 = CIRCLE ( 'NONE', #3867, 0.5000000000000004441 ) ;
#7362 = DIRECTION ( 'NONE',  ( 0.000000000000000000, 0.000000000000000000, 1.000000000000000000 ) ) ;
#7363 = CARTESIAN_POINT ( 'NONE',  ( 9.499999999999998224, 18.00000000000000355, -8.000000000000000000 ) ) ;
#7364 = CARTESIAN_POINT ( 'NONE',  ( 5.500000000000001776, -22.00000000000000000, -8.000000000000000000 ) ) ;
#7365 = CARTESIAN_POINT ( 'NONE',  ( -18.99999999999999289, -39.25000000000000000, 2.000000000000000000 ) ) ;
#7366 = ORIENTED_EDGE ( 'NONE', *, *, #7049, .F. ) ;
#7367 = ADVANCED_FACE ( 'NONE', ( #5361 ), #7279, .F. ) ;
#7368 = ORIENTED_EDGE ( 'NONE', *, *, #1510, .T. ) ;
#7369 = ORIENTED_EDGE ( 'NONE', *, *, #4959, .T. ) ;
#7370 = DIRECTION ( 'NONE',  ( 1.000000000000000000, 0.000000000000000000, 0.000000000000000000 ) ) ;
#7371 = DIRECTION ( 'NONE',  ( 1.000000000000000000, 0.000000000000000000, 0.000000000000000000 ) ) ;
#7372 = ORIENTED_EDGE ( 'NONE', *, *, #868, .T. ) ;
#7373 = ORIENTED_EDGE ( 'NONE', *, *, #7423, .F. ) ;
#7374 = DIRECTION ( 'NONE',  ( 1.000000000000000000, 0.000000000000000000, 0.000000000000000000 ) ) ;
#7375 = VECTOR ( 'NONE', #3533, 1000.000000000000000 ) ;
#7376 = MECHANICAL_DESIGN_GEOMETRIC_PRESENTATION_REPRESENTATION (  '', ( #3761 ), #5700 ) ;
#7377 = ORIENTED_EDGE ( 'NONE', *, *, #5323, .F. ) ;
#7378 = ORIENTED_EDGE ( 'NONE', *, *, #2552, .F. ) ;
#7379 = CARTESIAN_POINT ( 'NONE',  ( -10.00000000000000178, 3.000000000000002665, 0.000000000000000000 ) ) ;
#7380 = ORIENTED_EDGE ( 'NONE', *, *, #3410, .T. ) ;
#7381 = CARTESIAN_POINT ( 'NONE',  ( 19.69062500000000426, -38.50000000000000000, 2.000000000000000000 ) ) ;
#7382 = CIRCLE ( 'NONE', #6874, 0.5000000000000004441 ) ;
#7383 = AXIS2_PLACEMENT_3D ( 'NONE', #3221, #2599, #5059 ) ;
#7384 = CARTESIAN_POINT ( 'NONE',  ( 9.999999999999998224, 13.00000000000000178, -8.000000000000000000 ) ) ;
#7385 = CIRCLE ( 'NONE', #5931, 0.5000000000000004441 ) ;
#7386 = CIRCLE ( 'NONE', #400, 0.5000000000000004441 ) ;
#7387 = ORIENTED_EDGE ( 'NONE', *, *, #4385, .F. ) ;
#7388 = DIRECTION ( 'NONE',  ( 1.000000000000000000, 0.000000000000000000, 0.000000000000000000 ) ) ;
#7389 = ORIENTED_EDGE ( 'NONE', *, *, #6231, .T. ) ;
#7390 = AXIS2_PLACEMENT_3D ( 'NONE', #5442, #7924, #2367 ) ;
#7391 = VECTOR ( 'NONE', #5236, 1000.000000000000000 ) ;
#7392 = DIRECTION ( 'NONE',  ( -0.000000000000000000, -0.000000000000000000, 1.000000000000000000 ) ) ;
#7393 = DIRECTION ( 'NONE',  ( 1.000000000000000000, 0.000000000000000000, 0.000000000000000000 ) ) ;
#7394 = EDGE_CURVE ( 'NONE', #4136, #4596, #5964, .T. ) ;
#7395 = ADVANCED_FACE ( 'NONE', ( #603 ), #5530, .F. ) ;
#7396 = DIRECTION ( 'NONE',  ( -0.000000000000000000, -0.000000000000000000, 1.000000000000000000 ) ) ;
#7397 = VECTOR ( 'NONE', #7004, 1000.000000000000000 ) ;
#7398 = AXIS2_PLACEMENT_3D ( 'NONE', #20, #4866, #3701 ) ;
#7399 = LINE ( 'NONE', #1250, #674 ) ;
#7400 = CARTESIAN_POINT ( 'NONE',  ( -15.50000000000000000, -26.99999999999999645, 0.000000000000000000 ) ) ;
#7401 = EDGE_LOOP ( 'NONE', ( #353, #6693, #6822, #1557 ) ) ;
#7402 = ORIENTED_EDGE ( 'NONE', *, *, #3971, .T. ) ;
#7403 = CARTESIAN_POINT ( 'NONE',  ( 4.499999999999997335, -2.000000000000001776, 2.000000000000000000 ) ) ;
#7404 = DIRECTION ( 'NONE',  ( -0.000000000000000000, 0.000000000000000000, 1.000000000000000000 ) ) ;
#7405 = AXIS2_PLACEMENT_3D ( 'NONE', #3319, #5241, #1447 ) ;
#7406 = CARTESIAN_POINT ( 'NONE',  ( -15.00000000000000178, -2.000000000000001776, 0.000000000000000000 ) ) ;
#7407 = EDGE_LOOP ( 'NONE', ( #3336, #1212 ) ) ;
#7408 = AXIS2_PLACEMENT_3D ( 'NONE', #7042, #3985, #2744 ) ;
#7409 = AXIS2_PLACEMENT_3D ( 'NONE', #2259, #1650, #1694 ) ;
#7410 = CARTESIAN_POINT ( 'NONE',  ( -15.00000000000000178, 3.000000000000002665, 2.000000000000000000 ) ) ;
#7411 = VECTOR ( 'NONE', #2305, 1000.000000000000000 ) ;
#7412 = DIRECTION ( 'NONE',  ( 1.000000000000000000, 0.000000000000000000, 0.000000000000000000 ) ) ;
#7413 = DIRECTION ( 'NONE',  ( -0.000000000000000000, 0.000000000000000000, 1.000000000000000000 ) ) ;
#7414 = FACE_BOUND ( 'NONE', #4654, .T. ) ;
#7415 = DIRECTION ( 'NONE',  ( 1.000000000000000000, 0.000000000000000000, 0.000000000000000000 ) ) ;
#7416 = ORIENTED_EDGE ( 'NONE', *, *, #5903, .T. ) ;
#7417 = ORIENTED_EDGE ( 'NONE', *, *, #1599, .F. ) ;
#7418 = VERTEX_POINT ( 'NONE', #2412 ) ;
#7419 = CIRCLE ( 'NONE', #5077, 1.190625000000000711 ) ;
#7420 = CARTESIAN_POINT ( 'NONE',  ( 10.00000000000000178, -32.00000000000000000, -8.000000000000000000 ) ) ;
#7421 = EDGE_LOOP ( 'NONE', ( #7616, #2536, #200, #567 ) ) ;
#7423 = EDGE_CURVE ( 'NONE', #1755, #827, #3141, .T. ) ;
#7422 = ORIENTED_EDGE ( 'NONE', *, *, #2945, .F. ) ;
#7424 = DIRECTION ( 'NONE',  ( 1.000000000000000000, 0.000000000000000000, 0.000000000000000000 ) ) ;
#7425 = VERTEX_POINT ( 'NONE', #6099 ) ;
#7426 = CARTESIAN_POINT ( 'NONE',  ( -15.00000000000000000, -26.99999999999999645, -8.000000000000000000 ) ) ;
#7427 = VERTEX_POINT ( 'NONE', #1887 ) ;
#7428 = CARTESIAN_POINT ( 'NONE',  ( -15.00000000000000355, 33.00000000000000000, 0.000000000000000000 ) ) ;
#7429 = ORIENTED_EDGE ( 'NONE', *, *, #1183, .T. ) ;
#7430 = EDGE_CURVE ( 'NONE', #4575, #4737, #3160, .T. ) ;
#7431 = CARTESIAN_POINT ( 'NONE',  ( 9.499999999999998224, -2.000000000000001776, 0.000000000000000000 ) ) ;
#7432 = ORIENTED_EDGE ( 'NONE', *, *, #2663, .F. ) ;
#7433 = ADVANCED_FACE ( 'NONE', ( #3110 ), #7353, .F. ) ;
#7434 = VERTEX_POINT ( 'NONE', #7403 ) ;
#7435 = CARTESIAN_POINT ( 'NONE',  ( -5.999999999999998224, 41.25000000000000000, -0.001000000000000132727 ) ) ;
#7436 = CARTESIAN_POINT ( 'NONE',  ( -4.499999999999999112, -26.99999999999999645, -8.000000000000000000 ) ) ;
#7437 = AXIS2_PLACEMENT_3D ( 'NONE', #2904, #7844, #7727 ) ;
#7438 = DIRECTION ( 'NONE',  ( 1.000000000000000000, 0.000000000000000000, 0.000000000000000000 ) ) ;
#7439 = CARTESIAN_POINT ( 'NONE',  ( 5.000000000000000888, -17.00000000000000000, -8.000000000000000000 ) ) ;
#7440 = CARTESIAN_POINT ( 'NONE',  ( 9.499999999999998224, 8.000000000000000000, 0.000000000000000000 ) ) ;
#7441 = EDGE_LOOP ( 'NONE', ( #562, #5812 ) ) ;
#7442 = LINE ( 'NONE', #4838, #4411 ) ;
#7443 = CIRCLE ( 'NONE', #6663, 0.5000000000000004441 ) ;
#7444 = LINE ( 'NONE', #7524, #6714 ) ;
#7445 = ADVANCED_FACE ( 'NONE', ( #4878 ), #6187, .F. ) ;
#7446 = DIRECTION ( 'NONE',  ( -0.000000000000000000, -0.000000000000000000, 1.000000000000000000 ) ) ;
#7447 = ORIENTED_EDGE ( 'NONE', *, *, #314, .F. ) ;
#7448 = CYLINDRICAL_SURFACE ( 'NONE', #3118, 0.5000000000000004441 ) ;
#7449 = CARTESIAN_POINT ( 'NONE',  ( 15.50000000000000000, -6.999999999999999112, 2.000000000000000000 ) ) ;
#7450 = DIRECTION ( 'NONE',  ( -1.000000000000000000, 0.000000000000000000, 0.000000000000000000 ) ) ;
#7451 = FACE_OUTER_BOUND ( 'NONE', #4216, .T. ) ;
#7452 = CARTESIAN_POINT ( 'NONE',  ( -15.00000000000000178, 8.000000000000000000, 0.000000000000000000 ) ) ;
#7453 = ORIENTED_EDGE ( 'NONE', *, *, #7880, .F. ) ;
#7454 = EDGE_LOOP ( 'NONE', ( #7690, #2294 ) ) ;
#7455 = EDGE_CURVE ( 'NONE', #1310, #7995, #1060, .T. ) ;
#7456 = EDGE_LOOP ( 'NONE', ( #7200, #1055 ) ) ;
#7457 = CARTESIAN_POINT ( 'NONE',  ( -5.000000000000000888, -22.00000000000000000, -8.000000000000000000 ) ) ;
#7458 = DIRECTION ( 'NONE',  ( -0.000000000000000000, 0.000000000000000000, 1.000000000000000000 ) ) ;
#7459 = ORIENTED_EDGE ( 'NONE', *, *, #2266, .T. ) ;
#7460 = ORIENTED_EDGE ( 'NONE', *, *, #7594, .F. ) ;
#7461 = DIRECTION ( 'NONE',  ( 1.000000000000000000, 0.000000000000000000, 0.000000000000000000 ) ) ;
#7462 = ORIENTED_EDGE ( 'NONE', *, *, #7008, .F. ) ;
#7463 = EDGE_CURVE ( 'NONE', #4163, #8028, #6243, .T. ) ;
#7464 = ORIENTED_EDGE ( 'NONE', *, *, #3788, .T. ) ;
#7465 = DIRECTION ( 'NONE',  ( 0.000000000000000000, 0.000000000000000000, 1.000000000000000000 ) ) ;
#7466 = VERTEX_POINT ( 'NONE', #5575 ) ;
#7467 = CARTESIAN_POINT ( 'NONE',  ( -9.500000000000001776, 13.00000000000000178, -8.000000000000000000 ) ) ;
#7468 = CIRCLE ( 'NONE', #7076, 0.5000000000000004441 ) ;
#7469 = ORIENTED_EDGE ( 'NONE', *, *, #3264, .F. ) ;
#7470 = CARTESIAN_POINT ( 'NONE',  ( 4.999999999999997335, 3.000000000000002665, 0.000000000000000000 ) ) ;
#7471 = EDGE_LOOP ( 'NONE', ( #3712, #1360, #1644, #5867 ) ) ;
#7472 = ORIENTED_EDGE ( 'NONE', *, *, #3955, .T. ) ;
#7473 = CARTESIAN_POINT ( 'NONE',  ( -7.249999999999999112, 0.000000000000000000, 0.000000000000000000 ) ) ;
#7474 = EDGE_CURVE ( 'NONE', #2030, #1176, #7442, .T. ) ;
#7475 = CARTESIAN_POINT ( 'NONE',  ( -10.00000000000000000, -22.00000000000000000, -8.000000000000000000 ) ) ;
#7476 = AXIS2_PLACEMENT_3D ( 'NONE', #899, #5228, #294 ) ;
#7477 = CARTESIAN_POINT ( 'NONE',  ( 4.999999999999997335, 8.000000000000000000, 2.000000000000000000 ) ) ;
#7478 = FACE_OUTER_BOUND ( 'NONE', #5338, .T. ) ;
#7479 = CARTESIAN_POINT ( 'NONE',  ( -0.5000000000000026645, -22.00000000000000000, -8.000000000000000000 ) ) ;
#7480 = ORIENTED_EDGE ( 'NONE', *, *, #7882, .F. ) ;
#7481 = ORIENTED_EDGE ( 'NONE', *, *, #7639, .T. ) ;
#7482 = CIRCLE ( 'NONE', #3594, 0.5000000000000004441 ) ;
#7483 = DIRECTION ( 'NONE',  ( -0.000000000000000000, -0.000000000000000000, 1.000000000000000000 ) ) ;
#7484 = DIRECTION ( 'NONE',  ( -0.000000000000000000, -0.000000000000000000, 1.000000000000000000 ) ) ;
#7485 = DIRECTION ( 'NONE',  ( 1.000000000000000000, 0.000000000000000000, 0.000000000000000000 ) ) ;
#7486 = ORIENTED_EDGE ( 'NONE', *, *, #6515, .F. ) ;
#7487 = AXIS2_PLACEMENT_3D ( 'NONE', #5740, #307, #4634 ) ;
#7488 = DIRECTION ( 'NONE',  ( 1.000000000000000000, 0.000000000000000000, 0.000000000000000000 ) ) ;
#7490 = ADVANCED_FACE ( 'NONE', ( #4315 ), #6842, .F. ) ;
#7489 = CYLINDRICAL_SURFACE ( 'NONE', #946, 0.5000000000000004441 ) ;
#7491 = DIRECTION ( 'NONE',  ( -0.000000000000000000, -0.000000000000000000, 1.000000000000000000 ) ) ;
#7492 = CARTESIAN_POINT ( 'NONE',  ( 14.49999999999999467, -2.000000000000001776, 2.000000000000000000 ) ) ;
#7493 = CARTESIAN_POINT ( 'NONE',  ( 5.000000000000000888, -6.999999999999999112, 0.000000000000000000 ) ) ;
#7494 = ORIENTED_EDGE ( 'NONE', *, *, #4058, .F. ) ;
#7495 = ORIENTED_EDGE ( 'NONE', *, *, #7229, .F. ) ;
#7496 = EDGE_LOOP ( 'NONE', ( #246, #2443, #4975, #3674 ) ) ;
#7497 = DIRECTION ( 'NONE',  ( -0.000000000000000000, 0.000000000000000000, 1.000000000000000000 ) ) ;
#7498 = CARTESIAN_POINT ( 'NONE',  ( -18.99999999999999645, 41.25000000000000000, 2.000000000000000000 ) ) ;
#7500 = EDGE_CURVE ( 'NONE', #6665, #7593, #6763, .T. ) ;
#7499 = EDGE_LOOP ( 'NONE', ( #1403, #182 ) ) ;
#7501 = CARTESIAN_POINT ( 'NONE',  ( 15.49999999999999645, -2.000000000000001776, 2.000000000000000000 ) ) ;
#7502 = ADVANCED_FACE ( 'NONE', ( #3754 ), #3675, .F. ) ;
#7503 = AXIS2_PLACEMENT_3D ( 'NONE', #6800, #3021, #1290 ) ;
#7504 = VERTEX_POINT ( 'NONE', #5621 ) ;
#7505 = CARTESIAN_POINT ( 'NONE',  ( -10.00000000000000178, 23.00000000000000000, -8.000000000000000000 ) ) ;
#7506 = ORIENTED_EDGE ( 'NONE', *, *, #6602, .F. ) ;
#7507 = CARTESIAN_POINT ( 'NONE',  ( -15.00000000000000355, 28.00000000000000000, 0.000000000000000000 ) ) ;
#7508 = VERTEX_POINT ( 'NONE', #71 ) ;
#7509 = AXIS2_PLACEMENT_3D ( 'NONE', #3304, #6417, #5801 ) ;
#7510 = EDGE_CURVE ( 'NONE', #4334, #1496, #6802, .T. ) ;
#7511 = EDGE_CURVE ( 'NONE', #7543, #5409, #5000, .T. ) ;
#7512 = ORIENTED_EDGE ( 'NONE', *, *, #2335, .F. ) ;
#7513 = DIRECTION ( 'NONE',  ( -0.000000000000000000, 0.000000000000000000, 1.000000000000000000 ) ) ;
#7514 = AXIS2_PLACEMENT_3D ( 'NONE', #856, #281, #4646 ) ;
#7515 = CIRCLE ( 'NONE', #2461, 0.5000000000000004441 ) ;
#7516 = CIRCLE ( 'NONE', #1313, 0.5000000000000004441 ) ;
#7517 = LINE ( 'NONE', #1921, #7928 ) ;
#7518 = DIRECTION ( 'NONE',  ( 1.000000000000000000, 0.000000000000000000, 0.000000000000000000 ) ) ;
#7519 = EDGE_CURVE ( 'NONE', #7357, #6676, #4159, .T. ) ;
#7520 = DIRECTION ( 'NONE',  ( -0.000000000000000000, -0.000000000000000000, 1.000000000000000000 ) ) ;
#7521 = VECTOR ( 'NONE', #4471, 1000.000000000000000 ) ;
#7522 = ORIENTED_EDGE ( 'NONE', *, *, #7159, .T. ) ;
#7523 = ORIENTED_EDGE ( 'NONE', *, *, #1691, .T. ) ;
#7524 = CARTESIAN_POINT ( 'NONE',  ( -5.500000000000001776, -11.99999999999999645, -8.000000000000000000 ) ) ;
#7525 = CARTESIAN_POINT ( 'NONE',  ( 0.000000000000000000, -26.99999999999999645, -8.000000000000000000 ) ) ;
#7526 = EDGE_LOOP ( 'NONE', ( #3535, #6977, #7853, #3100 ) ) ;
#7527 = AXIS2_PLACEMENT_3D ( 'NONE', #1802, #1214, #3630 ) ;
#7528 = AXIS2_PLACEMENT_3D ( 'NONE', #2891, #7830, #1552 ) ;
#7529 = FILL_AREA_STYLE_COLOUR ( '', #665 ) ;
#7530 = DIRECTION ( 'NONE',  ( -0.000000000000000000, 0.000000000000000000, 1.000000000000000000 ) ) ;
#7531 = DIRECTION ( 'NONE',  ( 1.000000000000000000, 0.000000000000000000, 0.000000000000000000 ) ) ;
#7532 = CARTESIAN_POINT ( 'NONE',  ( 4.999999999999997335, 3.000000000000002665, 0.000000000000000000 ) ) ;
#7533 = AXIS2_PLACEMENT_3D ( 'NONE', #2316, #6092, #7963 ) ;
#7534 = CARTESIAN_POINT ( 'NONE',  ( -15.50000000000000178, -22.00000000000000000, -8.000000000000000000 ) ) ;
#7535 = CIRCLE ( 'NONE', #6504, 0.5000000000000004441 ) ;
#7536 = AXIS2_PLACEMENT_3D ( 'NONE', #4360, #5010, #7981 ) ;
#7537 = EDGE_LOOP ( 'NONE', ( #1800, #2722, #6941, #335 ) ) ;
#7538 = VECTOR ( 'NONE', #3112, 1000.000000000000000 ) ;
#7539 = CARTESIAN_POINT ( 'NONE',  ( -15.50000000000000178, 13.00000000000000178, 2.000000000000000000 ) ) ;
#7540 = AXIS2_PLACEMENT_3D ( 'NONE', #4060, #7160, #3586 ) ;
#7541 = ORIENTED_EDGE ( 'NONE', *, *, #4113, .F. ) ;
#7542 = CARTESIAN_POINT ( 'NONE',  ( 4.999999999999997335, 28.00000000000000000, 2.000000000000000000 ) ) ;
#7543 = VERTEX_POINT ( 'NONE', #5655 ) ;
#7544 = EDGE_CURVE ( 'NONE', #2361, #2810, #2615, .T. ) ;
#7545 = AXIS2_PLACEMENT_3D ( 'NONE', #1842, #8006, #7393 ) ;
#7546 = ORIENTED_EDGE ( 'NONE', *, *, #5973, .T. ) ;
#7547 = CARTESIAN_POINT ( 'NONE',  ( -15.00000000000000178, -6.999999999999999112, 0.000000000000000000 ) ) ;
#7548 = EDGE_CURVE ( 'NONE', #7543, #6164, #1341, .T. ) ;
#7549 = ORIENTED_EDGE ( 'NONE', *, *, #3820, .T. ) ;
#7550 = CYLINDRICAL_SURFACE ( 'NONE', #2664, 0.5000000000000004441 ) ;
#7551 = EDGE_LOOP ( 'NONE', ( #1256, #7541, #1251, #2290 ) ) ;
#7552 = CIRCLE ( 'NONE', #5472, 0.5000000000000004441 ) ;
#7553 = CARTESIAN_POINT ( 'NONE',  ( -1.734723475976807094E-15, 13.00000000000000178, 2.000000000000000000 ) ) ;
#7554 = ADVANCED_FACE ( 'NONE', ( #4595, #3911, #6394, #3832, #5154, #7633, #2086, #4562, #7035, #7679, #2359, #6042, #7912, #2965, #499, #5430, #7889, #2823, #359, #6726, #2334, #4724, #404, #2870, #7206, #5287, #4810, #5336, #7288, #7769, #2220, #1173, #1732, #7239, #5988, #7323, #3561, #4110, #4764, #7813, #4689, #2948, #1649, #4071, #2257, #5411, #7168, #6021, #2989, #4197, #6565, #482, #4237, #6604, #1052, #6064, #2292, #6685, #4847, #1006, #1131, #2377, #3522, #1773, #1693, #446, #5899, #2908, #7937, #1613, #3479, #5369, #520, #5456, #5940, #3598, #7848, #4158, #6649, #1091, #572, #6195, #7414, #6282, #2466, #6154, #611, #4932, #6113, #5629, #3076, #3641, #705, #1859, #1812, #5539, #3169, #7979, #1302 ), #3804, .F. ) ;
#7555 = ORIENTED_EDGE ( 'NONE', *, *, #2555, .F. ) ;
#7556 = CARTESIAN_POINT ( 'NONE',  ( -5.000000000000000888, -17.00000000000000000, -8.000000000000000000 ) ) ;
#7557 = DIRECTION ( 'NONE',  ( 5.782411586589352708E-16, 1.000000000000000000, 0.000000000000000000 ) ) ;
#7558 = CARTESIAN_POINT ( 'NONE',  ( -5.000000000000000888, -2.000000000000001776, 0.000000000000000000 ) ) ;
#7559 = ORIENTED_EDGE ( 'NONE', *, *, #480, .T. ) ;
#7560 = ORIENTED_EDGE ( 'NONE', *, *, #7882, .T. ) ;
#7561 = CARTESIAN_POINT ( 'NONE',  ( -10.00000000000000178, 23.00000000000000000, 2.000000000000000000 ) ) ;
#7562 = EDGE_CURVE ( 'NONE', #4722, #4814, #4023, .T. ) ;
#7563 = LINE ( 'NONE', #6232, #4808 ) ;
#7564 = ORIENTED_EDGE ( 'NONE', *, *, #3392, .T. ) ;
#7565 = CARTESIAN_POINT ( 'NONE',  ( 4.999999999999997335, 23.00000000000000000, 0.000000000000000000 ) ) ;
#7566 = DIRECTION ( 'NONE',  ( 1.000000000000000000, 0.000000000000000000, 0.000000000000000000 ) ) ;
#7567 = AXIS2_PLACEMENT_3D ( 'NONE', #2137, #1351, #887 ) ;
#7568 = CYLINDRICAL_SURFACE ( 'NONE', #7921, 0.5000000000000004441 ) ;
#7569 = APPLICATION_CONTEXT ( 'automotive_design' ) ;
#7570 = DIRECTION ( 'NONE',  ( 1.000000000000000000, 0.000000000000000000, 0.000000000000000000 ) ) ;
#7571 = ORIENTED_EDGE ( 'NONE', *, *, #4220, .T. ) ;
#7572 = EDGE_CURVE ( 'NONE', #1167, #69, #4421, .T. ) ;
#7573 = LINE ( 'NONE', #6407, #6287 ) ;
#7574 = ORIENTED_EDGE ( 'NONE', *, *, #3710, .T. ) ;
#7575 = EDGE_CURVE ( 'NONE', #5646, #2229, #3273, .T. ) ;
#7576 = DIRECTION ( 'NONE',  ( 1.000000000000000000, 0.000000000000000000, 0.000000000000000000 ) ) ;
#7577 = VECTOR ( 'NONE', #6336, 1000.000000000000000 ) ;
#7578 = EDGE_LOOP ( 'NONE', ( #4413, #7129 ) ) ;
#7579 = CARTESIAN_POINT ( 'NONE',  ( 10.50000000000000178, -11.99999999999999645, 0.000000000000000000 ) ) ;
#7580 = ORIENTED_EDGE ( 'NONE', *, *, #7640, .T. ) ;
#7581 = CARTESIAN_POINT ( 'NONE',  ( 14.99999999999999645, 18.00000000000000355, -8.000000000000000000 ) ) ;
#7582 = ORIENTED_EDGE ( 'NONE', *, *, #6555, .T. ) ;
#7583 = EDGE_CURVE ( 'NONE', #1634, #3148, #1709, .T. ) ;
#7584 = DIRECTION ( 'NONE',  ( 1.000000000000000000, 0.000000000000000000, 0.000000000000000000 ) ) ;
#7585 = EDGE_LOOP ( 'NONE', ( #6304, #1180, #7559, #7630 ) ) ;
#7586 = LINE ( 'NONE', #1434, #3886 ) ;
#7587 = AXIS2_PLACEMENT_3D ( 'NONE', #7457, #1866, #2477 ) ;
#7588 = CARTESIAN_POINT ( 'NONE',  ( -10.00000000000000000, -26.99999999999999645, -8.000000000000000000 ) ) ;
#7589 = FACE_BOUND ( 'NONE', #2282, .T. ) ;
#7590 = DIRECTION ( 'NONE',  ( 1.000000000000000000, 0.000000000000000000, 0.000000000000000000 ) ) ;
#7591 = DIRECTION ( 'NONE',  ( -0.000000000000000000, 0.000000000000000000, 1.000000000000000000 ) ) ;
#7592 = EDGE_CURVE ( 'NONE', #2531, #7250, #5597, .T. ) ;
#7593 = VERTEX_POINT ( 'NONE', #2547 ) ;
#7594 = EDGE_CURVE ( 'NONE', #5357, #1419, #2510, .T. ) ;
#7595 = ORIENTED_EDGE ( 'NONE', *, *, #956, .T. ) ;
#7596 = DIRECTION ( 'NONE',  ( -0.000000000000000000, 0.000000000000000000, 1.000000000000000000 ) ) ;
#7597 = CARTESIAN_POINT ( 'NONE',  ( -10.50000000000000000, -22.00000000000000000, -8.000000000000000000 ) ) ;
#7598 = VECTOR ( 'NONE', #595, 1000.000000000000000 ) ;
#7599 = DIRECTION ( 'NONE',  ( 0.000000000000000000, 0.000000000000000000, 1.000000000000000000 ) ) ;
#7600 = ORIENTED_EDGE ( 'NONE', *, *, #1318, .T. ) ;
#7601 = EDGE_CURVE ( 'NONE', #2689, #6529, #1066, .T. ) ;
#7602 = DIRECTION ( 'NONE',  ( -0.000000000000000000, 0.000000000000000000, 1.000000000000000000 ) ) ;
#7603 = CARTESIAN_POINT ( 'NONE',  ( -15.00000000000000178, -6.999999999999999112, -8.000000000000000000 ) ) ;
#7604 = EDGE_CURVE ( 'NONE', #3036, #2474, #4674, .T. ) ;
#7605 = CARTESIAN_POINT ( 'NONE',  ( 0.4999999999999991673, -2.000000000000001776, -8.000000000000000000 ) ) ;
#7606 = DIRECTION ( 'NONE',  ( 0.000000000000000000, 0.000000000000000000, 1.000000000000000000 ) ) ;
#7607 = CARTESIAN_POINT ( 'NONE',  ( -5.500000000000001776, -22.00000000000000000, 2.000000000000000000 ) ) ;
#7608 = ORIENTED_EDGE ( 'NONE', *, *, #3311, .T. ) ;
#7609 = AXIS2_PLACEMENT_3D ( 'NONE', #5082, #4476, #6346 ) ;
#7610 = CARTESIAN_POINT ( 'NONE',  ( 21.00000000000000355, -39.25000000000000000, 2.000000000000000000 ) ) ;
#7611 = VERTEX_POINT ( 'NONE', #4972 ) ;
#7612 = DIRECTION ( 'NONE',  ( 0.000000000000000000, 0.000000000000000000, 1.000000000000000000 ) ) ;
#7613 = ADVANCED_FACE ( 'NONE', ( #7451 ), #1980, .F. ) ;
#7614 = CIRCLE ( 'NONE', #5543, 0.5000000000000004441 ) ;
#7615 = ORIENTED_EDGE ( 'NONE', *, *, #3410, .F. ) ;
#7616 = ORIENTED_EDGE ( 'NONE', *, *, #4064, .F. ) ;
#7617 = DIRECTION ( 'NONE',  ( -0.000000000000000000, -0.000000000000000000, 1.000000000000000000 ) ) ;
#7618 = VERTEX_POINT ( 'NONE', #3682 ) ;
#7619 = DIRECTION ( 'NONE',  ( -0.000000000000000000, -0.000000000000000000, 1.000000000000000000 ) ) ;
#7620 = ORIENTED_EDGE ( 'NONE', *, *, #208, .T. ) ;
#7621 = DIRECTION ( 'NONE',  ( -0.000000000000000000, 0.000000000000000000, 1.000000000000000000 ) ) ;
#7622 = VECTOR ( 'NONE', #67, 1000.000000000000000 ) ;
#7623 = DIRECTION ( 'NONE',  ( 1.000000000000000000, 0.000000000000000000, 0.000000000000000000 ) ) ;
#7624 = VERTEX_POINT ( 'NONE', #7492 ) ;
#7625 = LINE ( 'NONE', #2611, #7893 ) ;
#7626 = AXIS2_PLACEMENT_3D ( 'NONE', #1174, #2422, #4888 ) ;
#7627 = LINE ( 'NONE', #5845, #7987 ) ;
#7628 = DIRECTION ( 'NONE',  ( -0.000000000000000000, 0.000000000000000000, 1.000000000000000000 ) ) ;
#7629 = CARTESIAN_POINT ( 'NONE',  ( 5.499999999999998224, 28.00000000000000000, 0.000000000000000000 ) ) ;
#7630 = ORIENTED_EDGE ( 'NONE', *, *, #3684, .T. ) ;
#7631 = AXIS2_PLACEMENT_3D ( 'NONE', #121, #624, #2594 ) ;
#7632 = AXIS2_PLACEMENT_3D ( 'NONE', #6495, #7141, #980 ) ;
#7633 = FACE_BOUND ( 'NONE', #1886, .T. ) ;
#7634 = VECTOR ( 'NONE', #2543, 1000.000000000000000 ) ;
#7635 = VERTEX_POINT ( 'NONE', #6895 ) ;
#7636 = DIRECTION ( 'NONE',  ( -0.000000000000000000, 0.000000000000000000, 1.000000000000000000 ) ) ;
#7637 = FACE_OUTER_BOUND ( 'NONE', #4191, .T. ) ;
#7638 = VERTEX_POINT ( 'NONE', #114 ) ;
#7639 = EDGE_CURVE ( 'NONE', #3320, #3693, #5972, .T. ) ;
#7640 = EDGE_CURVE ( 'NONE', #4596, #3283, #6851, .T. ) ;
#7641 = CIRCLE ( 'NONE', #5569, 0.5000000000000004441 ) ;
#7642 = VECTOR ( 'NONE', #7873, 1000.000000000000000 ) ;
#7643 = CIRCLE ( 'NONE', #4407, 0.5000000000000004441 ) ;
#7644 = DIRECTION ( 'NONE',  ( -0.000000000000000000, -0.000000000000000000, 1.000000000000000000 ) ) ;
#7645 = AXIS2_PLACEMENT_3D ( 'NONE', #7384, #587, #1241 ) ;
#7646 = DIRECTION ( 'NONE',  ( -0.000000000000000000, -0.000000000000000000, 1.000000000000000000 ) ) ;
#7647 = AXIS2_PLACEMENT_3D ( 'NONE', #5907, #2299, #5951 ) ;
#7648 = LINE ( 'NONE', #5747, #5055 ) ;
#7649 = CARTESIAN_POINT ( 'NONE',  ( 9.999999999999998224, 13.00000000000000178, 2.000000000000000000 ) ) ;
#7650 = ORIENTED_EDGE ( 'NONE', *, *, #4627, .F. ) ;
#7651 = CIRCLE ( 'NONE', #7398, 0.5000000000000008882 ) ;
#7652 = CYLINDRICAL_SURFACE ( 'NONE', #1508, 0.5000000000000004441 ) ;
#7653 = CARTESIAN_POINT ( 'NONE',  ( 9.500000000000001776, -6.999999999999999112, 0.000000000000000000 ) ) ;
#7654 = VERTEX_POINT ( 'NONE', #5746 ) ;
#7655 = AXIS2_PLACEMENT_3D ( 'NONE', #4140, #4708, #7225 ) ;
#7656 = CARTESIAN_POINT ( 'NONE',  ( 4.500000000000000888, -32.00000000000000000, 2.000000000000000000 ) ) ;
#7657 = CIRCLE ( 'NONE', #4803, 0.5000000000000004441 ) ;
#7658 = VECTOR ( 'NONE', #7915, 1000.000000000000000 ) ;
#7659 = ORIENTED_EDGE ( 'NONE', *, *, #2349, .F. ) ;
#7660 = VECTOR ( 'NONE', #5405, 1000.000000000000000 ) ;
#7661 = EDGE_CURVE ( 'NONE', #1708, #1126, #6355, .T. ) ;
#7662 = ORIENTED_EDGE ( 'NONE', *, *, #5277, .T. ) ;
#7663 = AXIS2_PLACEMENT_3D ( 'NONE', #228, #5821, #2133 ) ;
#7664 = ADVANCED_FACE ( 'NONE', ( #6472 ), #2701, .F. ) ;
#7665 = CIRCLE ( 'NONE', #3149, 0.5000000000000004441 ) ;
#7666 = DIRECTION ( 'NONE',  ( -0.000000000000000000, 0.000000000000000000, 1.000000000000000000 ) ) ;
#7667 = VERTEX_POINT ( 'NONE', #6966 ) ;
#7668 = FACE_OUTER_BOUND ( 'NONE', #6893, .T. ) ;
#7669 = CIRCLE ( 'NONE', #6109, 0.5000000000000004441 ) ;
#7670 = DIRECTION ( 'NONE',  ( 0.000000000000000000, 0.000000000000000000, 1.000000000000000000 ) ) ;
#7671 = AXIS2_PLACEMENT_3D ( 'NONE', #7965, #4958, #1964 ) ;
#7672 = ORIENTED_EDGE ( 'NONE', *, *, #1813, .T. ) ;
#7673 = LINE ( 'NONE', #792, #5944 ) ;
#7674 = EDGE_CURVE ( 'NONE', #418, #1816, #3873, .T. ) ;
#7675 = FACE_BOUND ( 'NONE', #2203, .T. ) ;
#7676 = DIRECTION ( 'NONE',  ( -0.000000000000000000, -0.000000000000000000, 1.000000000000000000 ) ) ;
#7677 =( LENGTH_UNIT ( ) NAMED_UNIT ( * ) SI_UNIT ( .MILLI., .METRE. ) );
#7678 = ORIENTED_EDGE ( 'NONE', *, *, #348, .T. ) ;
#7679 = FACE_BOUND ( 'NONE', #1695, .T. ) ;
#7680 = VERTEX_POINT ( 'NONE', #7721 ) ;
#7681 = CARTESIAN_POINT ( 'NONE',  ( -10.50000000000000178, -6.999999999999999112, 0.000000000000000000 ) ) ;
#7682 = CARTESIAN_POINT ( 'NONE',  ( 9.999999999999998224, -2.000000000000001776, 0.000000000000000000 ) ) ;
#7683 = EDGE_LOOP ( 'NONE', ( #6747, #486 ) ) ;
#7684 = CARTESIAN_POINT ( 'NONE',  ( 0.4999999999999973910, 33.00000000000000000, -8.000000000000000000 ) ) ;
#7685 = DIRECTION ( 'NONE',  ( 1.000000000000000000, 0.000000000000000000, 0.000000000000000000 ) ) ;
#7686 = DIRECTION ( 'NONE',  ( 1.000000000000000000, 0.000000000000000000, 0.000000000000000000 ) ) ;
#7687 = EDGE_CURVE ( 'NONE', #4691, #4334, #5320, .T. ) ;
#7688 = DIRECTION ( 'NONE',  ( -0.000000000000000000, -0.000000000000000000, 1.000000000000000000 ) ) ;
#7689 = CYLINDRICAL_SURFACE ( 'NONE', #1144, 0.5000000000000004441 ) ;
#7690 = ORIENTED_EDGE ( 'NONE', *, *, #326, .F. ) ;
#7691 = FACE_OUTER_BOUND ( 'NONE', #4487, .T. ) ;
#7692 = AXIS2_PLACEMENT_3D ( 'NONE', #701, #568, #8019 ) ;
#7693 = ORIENTED_EDGE ( 'NONE', *, *, #7089, .F. ) ;
#7694 = CARTESIAN_POINT ( 'NONE',  ( 10.50000000000000178, -17.00000000000000000, 2.000000000000000000 ) ) ;
#7695 = VECTOR ( 'NONE', #2271, 1000.000000000000000 ) ;
#7696 = ORIENTED_EDGE ( 'NONE', *, *, #1876, .T. ) ;
#7697 = EDGE_CURVE ( 'NONE', #3899, #5067, #1839, .T. ) ;
#7698 = EDGE_LOOP ( 'NONE', ( #3361, #6652 ) ) ;
#7699 = ORIENTED_EDGE ( 'NONE', *, *, #1092, .T. ) ;
#7700 = EDGE_CURVE ( 'NONE', #1264, #3606, #2659, .T. ) ;
#7701 = CARTESIAN_POINT ( 'NONE',  ( -4.500000000000002665, 28.00000000000000000, 2.000000000000000000 ) ) ;
#7702 = ORIENTED_EDGE ( 'NONE', *, *, #5085, .F. ) ;
#7703 = CARTESIAN_POINT ( 'NONE',  ( -20.30000000000000071, -20.54999999999999716, 2.000000000000000000 ) ) ;
#7704 = CARTESIAN_POINT ( 'NONE',  ( 5.000000000000000888, -26.99999999999999645, 0.000000000000000000 ) ) ;
#7705 = EDGE_CURVE ( 'NONE', #916, #1761, #1382, .T. ) ;
#7706 = ORIENTED_EDGE ( 'NONE', *, *, #7745, .T. ) ;
#7707 = CARTESIAN_POINT ( 'NONE',  ( -18.50000000000000355, 38.50000000000000000, 2.000000000000000000 ) ) ;
#7708 = DIRECTION ( 'NONE',  ( 1.000000000000000000, 0.000000000000000000, 0.000000000000000000 ) ) ;
#7709 = FACE_BOUND ( 'NONE', #2144, .T. ) ;
#7710 = DIRECTION ( 'NONE',  ( 1.000000000000000000, 0.000000000000000000, 0.000000000000000000 ) ) ;
#7711 = ADVANCED_FACE ( 'NONE', ( #271 ), #7568, .F. ) ;
#7712 = ORIENTED_EDGE ( 'NONE', *, *, #6100, .T. ) ;
#7713 = DIRECTION ( 'NONE',  ( 1.000000000000000000, 0.000000000000000000, 0.000000000000000000 ) ) ;
#7714 = ORIENTED_EDGE ( 'NONE', *, *, #2138, .F. ) ;
#7715 = DIRECTION ( 'NONE',  ( 1.000000000000000000, 0.000000000000000000, 0.000000000000000000 ) ) ;
#7716 = CARTESIAN_POINT ( 'NONE',  ( 5.000000000000000888, -32.00000000000000000, -8.000000000000000000 ) ) ;
#7717 = VERTEX_POINT ( 'NONE', #4522 ) ;
#7718 = DIRECTION ( 'NONE',  ( -0.000000000000000000, -0.000000000000000000, 1.000000000000000000 ) ) ;
#7719 = AXIS2_PLACEMENT_3D ( 'NONE', #3940, #796, #3973 ) ;
#7720 = EDGE_CURVE ( 'NONE', #5230, #2567, #2049, .T. ) ;
#7721 = CARTESIAN_POINT ( 'NONE',  ( 18.99999999999998934, 41.25000000000000000, 2.000000000000000000 ) ) ;
#7722 = CARTESIAN_POINT ( 'NONE',  ( -4.500000000000000888, -17.00000000000000000, 2.000000000000000000 ) ) ;
#7723 = CARTESIAN_POINT ( 'NONE',  ( 14.99999999999999645, 8.000000000000000000, 2.000000000000000000 ) ) ;
#7724 = ORIENTED_EDGE ( 'NONE', *, *, #6100, .F. ) ;
#7725 = EDGE_CURVE ( 'NONE', #3579, #4860, #5198, .T. ) ;
#7726 = CIRCLE ( 'NONE', #7339, 0.5000000000000004441 ) ;
#7727 = DIRECTION ( 'NONE',  ( 1.000000000000000000, 0.000000000000000000, 0.000000000000000000 ) ) ;
#7728 = ORIENTED_EDGE ( 'NONE', *, *, #1454, .T. ) ;
#7729 = DIRECTION ( 'NONE',  ( 1.000000000000000000, 0.000000000000000000, 0.000000000000000000 ) ) ;
#7730 = ORIENTED_EDGE ( 'NONE', *, *, #2561, .T. ) ;
#7731 = AXIS2_PLACEMENT_3D ( 'NONE', #1165, #1682, #1124 ) ;
#7732 = VERTEX_POINT ( 'NONE', #849 ) ;
#7733 = ORIENTED_EDGE ( 'NONE', *, *, #3430, .F. ) ;
#7734 = EDGE_CURVE ( 'NONE', #5067, #3899, #36, .T. ) ;
#7735 = CARTESIAN_POINT ( 'NONE',  ( -10.00000000000000178, 18.00000000000000355, 0.000000000000000000 ) ) ;
#7736 = EDGE_CURVE ( 'NONE', #6214, #6197, #937, .T. ) ;
#7737 = LINE ( 'NONE', #1059, #4462 ) ;
#7738 = ORIENTED_EDGE ( 'NONE', *, *, #115, .T. ) ;
#7739 = AXIS2_PLACEMENT_3D ( 'NONE', #5853, #7108, #844 ) ;
#7740 = DIRECTION ( 'NONE',  ( -0.000000000000000000, -0.000000000000000000, 1.000000000000000000 ) ) ;
#7741 = CARTESIAN_POINT ( 'NONE',  ( -6.299999999999995381, -14.05000000000000071, 0.000000000000000000 ) ) ;
#7742 = ORIENTED_EDGE ( 'NONE', *, *, #7754, .T. ) ;
#7743 = DIRECTION ( 'NONE',  ( -0.000000000000000000, -0.000000000000000000, 1.000000000000000000 ) ) ;
#7744 = DIRECTION ( 'NONE',  ( 1.000000000000000000, 0.000000000000000000, 0.000000000000000000 ) ) ;
#7745 = EDGE_CURVE ( 'NONE', #1533, #3532, #881, .T. ) ;
#7746 = CARTESIAN_POINT ( 'NONE',  ( -10.00000000000000178, -6.999999999999999112, -8.000000000000000000 ) ) ;
#7747 = ORIENTED_EDGE ( 'NONE', *, *, #4464, .T. ) ;
#7748 = CARTESIAN_POINT ( 'NONE',  ( -11.14100669215809347, 0.000000000000000000, 0.000000000000000000 ) ) ;
#7749 = ORIENTED_EDGE ( 'NONE', *, *, #1480, .F. ) ;
#7750 = CYLINDRICAL_SURFACE ( 'NONE', #8008, 0.5000000000000004441 ) ;
#7751 = AXIS2_PLACEMENT_3D ( 'NONE', #1798, #5617, #2500 ) ;
#7752 = DIRECTION ( 'NONE',  ( -0.000000000000000000, 0.000000000000000000, 1.000000000000000000 ) ) ;
#7753 = ORIENTED_EDGE ( 'NONE', *, *, #5348, .T. ) ;
#7754 = EDGE_CURVE ( 'NONE', #5824, #18, #4427, .T. ) ;
#7755 = CARTESIAN_POINT ( 'NONE',  ( -20.30000000000000071, -14.05000000000000071, 0.000000000000000000 ) ) ;
#7756 = AXIS2_PLACEMENT_3D ( 'NONE', #5540, #1814, #612 ) ;
#7757 = DIRECTION ( 'NONE',  ( 0.000000000000000000, -0.000000000000000000, -1.000000000000000000 ) ) ;
#7758 = DIRECTION ( 'NONE',  ( 1.000000000000000000, 0.000000000000000000, 0.000000000000000000 ) ) ;
#7759 = DIRECTION ( 'NONE',  ( 1.000000000000000000, 0.000000000000000000, 0.000000000000000000 ) ) ;
#7760 = LINE ( 'NONE', #2051, #4363 ) ;
#7761 = CARTESIAN_POINT ( 'NONE',  ( -15.00000000000000355, 23.00000000000000000, -8.000000000000000000 ) ) ;
#7762 = ORIENTED_EDGE ( 'NONE', *, *, #7519, .T. ) ;
#7763 = CIRCLE ( 'NONE', #7892, 0.5000000000000004441 ) ;
#7764 = AXIS2_PLACEMENT_3D ( 'NONE', #5959, #7787, #7180 ) ;
#7765 = VECTOR ( 'NONE', #6130, 1000.000000000000000 ) ;
#7766 = CARTESIAN_POINT ( 'NONE',  ( 5.499999999999998224, 33.00000000000000000, 0.000000000000000000 ) ) ;
#7767 = ORIENTED_EDGE ( 'NONE', *, *, #6515, .T. ) ;
#7768 = DIRECTION ( 'NONE',  ( 0.000000000000000000, 0.000000000000000000, 1.000000000000000000 ) ) ;
#7769 = FACE_BOUND ( 'NONE', #6292, .T. ) ;
#7770 = ADVANCED_FACE ( 'NONE', ( #3394 ), #5860, .F. ) ;
#7771 = DIRECTION ( 'NONE',  ( 1.000000000000000000, 0.000000000000000000, 0.000000000000000000 ) ) ;
#7772 = AXIS2_PLACEMENT_3D ( 'NONE', #3346, #2574, #2619 ) ;
#7773 = VERTEX_POINT ( 'NONE', #312 ) ;
#7774 = ORIENTED_EDGE ( 'NONE', *, *, #1455, .F. ) ;
#7775 = ORIENTED_EDGE ( 'NONE', *, *, #1288, .F. ) ;
#7776 = LINE ( 'NONE', #712, #6939 ) ;
#7777 = AXIS2_PLACEMENT_3D ( 'NONE', #850, #2134, #6935 ) ;
#7778 = AXIS2_PLACEMENT_3D ( 'NONE', #4906, #3741, #7911 ) ;
#7779 = VERTEX_POINT ( 'NONE', #4567 ) ;
#7780 = DIRECTION ( 'NONE',  ( -0.000000000000000000, 0.000000000000000000, 1.000000000000000000 ) ) ;
#7781 = CARTESIAN_POINT ( 'NONE',  ( -4.500000000000000888, -2.000000000000001776, -8.000000000000000000 ) ) ;
#7782 = EDGE_CURVE ( 'NONE', #5027, #5081, #929, .T. ) ;
#7783 = EDGE_CURVE ( 'NONE', #3302, #2551, #7274, .T. ) ;
#7784 = VECTOR ( 'NONE', #5158, 1000.000000000000000 ) ;
#7785 = EDGE_LOOP ( 'NONE', ( #7749, #3812 ) ) ;
#7786 = AXIS2_PLACEMENT_3D ( 'NONE', #3764, #8024, #4323 ) ;
#7787 = DIRECTION ( 'NONE',  ( -0.000000000000000000, -0.000000000000000000, 1.000000000000000000 ) ) ;
#7788 = AXIS2_PLACEMENT_3D ( 'NONE', #5861, #1491, #7080 ) ;
#7789 = CYLINDRICAL_SURFACE ( 'NONE', #7305, 0.5000000000000004441 ) ;
#7790 = VECTOR ( 'NONE', #5949, 1000.000000000000000 ) ;
#7791 = EDGE_CURVE ( 'NONE', #2217, #7184, #7115, .T. ) ;
#7792 = CYLINDRICAL_SURFACE ( 'NONE', #5831, 0.5000000000000004441 ) ;
#7793 = ORIENTED_EDGE ( 'NONE', *, *, #3339, .T. ) ;
#7794 = CARTESIAN_POINT ( 'NONE',  ( -15.00000000000000178, -11.99999999999999645, 2.000000000000000000 ) ) ;
#7795 = ORIENTED_EDGE ( 'NONE', *, *, #1977, .F. ) ;
#7796 = CARTESIAN_POINT ( 'NONE',  ( 0.4999999999999973910, 33.00000000000000000, 0.000000000000000000 ) ) ;
#7797 = EDGE_CURVE ( 'NONE', #5717, #6043, #289, .T. ) ;
#7798 = CYLINDRICAL_SURFACE ( 'NONE', #5840, 0.5000000000000004441 ) ;
#7799 = ORIENTED_EDGE ( 'NONE', *, *, #1860, .T. ) ;
#7800 = VECTOR ( 'NONE', #847, 1000.000000000000000 ) ;
#7801 = DIRECTION ( 'NONE',  ( -1.000000000000000000, 0.000000000000000000, 0.000000000000000000 ) ) ;
#7802 = LINE ( 'NONE', #2573, #2963 ) ;
#7803 = CARTESIAN_POINT ( 'NONE',  ( 0.4999999999999991673, 8.000000000000000000, 0.000000000000000000 ) ) ;
#7804 = ORIENTED_EDGE ( 'NONE', *, *, #7592, .F. ) ;
#7805 = DIRECTION ( 'NONE',  ( -0.000000000000000000, -0.000000000000000000, 1.000000000000000000 ) ) ;
#7806 = CARTESIAN_POINT ( 'NONE',  ( 0.4999999999999973910, 18.00000000000000355, 2.000000000000000000 ) ) ;
#7807 = EDGE_CURVE ( 'NONE', #2217, #5113, #7228, .T. ) ;
#7808 = DIRECTION ( 'NONE',  ( -0.000000000000000000, -0.000000000000000000, 1.000000000000000000 ) ) ;
#7809 = VERTEX_POINT ( 'NONE', #3468 ) ;
#7810 = CARTESIAN_POINT ( 'NONE',  ( 5.000000000000000888, -32.00000000000000000, 0.000000000000000000 ) ) ;
#7811 = ORIENTED_EDGE ( 'NONE', *, *, #5024, .T. ) ;
#7812 = DIRECTION ( 'NONE',  ( 0.000000000000000000, 0.000000000000000000, 1.000000000000000000 ) ) ;
#7813 = FACE_BOUND ( 'NONE', #6468, .T. ) ;
#7814 = LINE ( 'NONE', #1614, #2101 ) ;
#7815 = VERTEX_POINT ( 'NONE', #1602 ) ;
#7816 = EDGE_CURVE ( 'NONE', #5930, #7425, #2352, .T. ) ;
#7817 = VERTEX_POINT ( 'NONE', #7803 ) ;
#7818 = ORIENTED_EDGE ( 'NONE', *, *, #6908, .T. ) ;
#7819 = DIRECTION ( 'NONE',  ( 1.000000000000000000, 0.000000000000000000, 0.000000000000000000 ) ) ;
#7820 = VERTEX_POINT ( 'NONE', #1561 ) ;
#7821 = DIRECTION ( 'NONE',  ( 0.000000000000000000, 0.000000000000000000, 1.000000000000000000 ) ) ;
#7822 = AXIS2_PLACEMENT_3D ( 'NONE', #3518, #6479, #3436 ) ;
#7823 = ORIENTED_EDGE ( 'NONE', *, *, #5494, .F. ) ;
#7824 = CARTESIAN_POINT ( 'NONE',  ( -4.500000000000000888, -11.99999999999999645, 2.000000000000000000 ) ) ;
#7825 = CARTESIAN_POINT ( 'NONE',  ( -5.000000000000000888, -22.00000000000000000, 0.000000000000000000 ) ) ;
#7826 = DIRECTION ( 'NONE',  ( -0.000000000000000000, -0.000000000000000000, 1.000000000000000000 ) ) ;
#7827 = EDGE_CURVE ( 'NONE', #6330, #5952, #7535, .T. ) ;
#7828 = DIRECTION ( 'NONE',  ( -0.000000000000000000, -0.000000000000000000, 1.000000000000000000 ) ) ;
#7829 = EDGE_LOOP ( 'NONE', ( #4299, #1393, #728, #585 ) ) ;
#7830 = DIRECTION ( 'NONE',  ( -0.000000000000000000, 0.000000000000000000, 1.000000000000000000 ) ) ;
#7831 = ORIENTED_EDGE ( 'NONE', *, *, #5170, .F. ) ;
#7832 = DIRECTION ( 'NONE',  ( -0.000000000000000000, -0.000000000000000000, 1.000000000000000000 ) ) ;
#7833 = CARTESIAN_POINT ( 'NONE',  ( 5.499999999999998224, 23.00000000000000000, 2.000000000000000000 ) ) ;
#7834 = ORIENTED_EDGE ( 'NONE', *, *, #5736, .T. ) ;
#7835 = DIRECTION ( 'NONE',  ( 1.000000000000000000, 0.000000000000000000, 0.000000000000000000 ) ) ;
#7836 = ADVANCED_FACE ( 'NONE', ( #2814 ), #1723, .F. ) ;
#7837 = CYLINDRICAL_SURFACE ( 'NONE', #7540, 0.5000000000000004441 ) ;
#7838 = VERTEX_POINT ( 'NONE', #4752 ) ;
#7839 = DIRECTION ( 'NONE',  ( -0.000000000000000000, -0.000000000000000000, 1.000000000000000000 ) ) ;
#7840 = DIRECTION ( 'NONE',  ( 1.000000000000000000, 0.000000000000000000, 0.000000000000000000 ) ) ;
#7841 = EDGE_CURVE ( 'NONE', #7226, #3731, #4031, .T. ) ;
#7842 = CYLINDRICAL_SURFACE ( 'NONE', #4679, 0.5000000000000004441 ) ;
#7843 = VERTEX_POINT ( 'NONE', #4027 ) ;
#7844 = DIRECTION ( 'NONE',  ( -0.000000000000000000, -0.000000000000000000, 1.000000000000000000 ) ) ;
#7845 = EDGE_CURVE ( 'NONE', #3079, #1788, #6114, .T. ) ;
#7846 = ORIENTED_EDGE ( 'NONE', *, *, #5407, .T. ) ;
#7847 = DIRECTION ( 'NONE',  ( -0.000000000000000000, -0.000000000000000000, 1.000000000000000000 ) ) ;
#7848 = FACE_BOUND ( 'NONE', #1493, .T. ) ;
#7849 = DIRECTION ( 'NONE',  ( 0.000000000000000000, 0.000000000000000000, 1.000000000000000000 ) ) ;
#7850 = EDGE_CURVE ( 'NONE', #4796, #7809, #5072, .T. ) ;
#7851 = ADVANCED_FACE ( 'NONE', ( #6012 ), #7837, .F. ) ;
#7852 = ORIENTED_EDGE ( 'NONE', *, *, #3955, .F. ) ;
#7853 = ORIENTED_EDGE ( 'NONE', *, *, #4333, .T. ) ;
#7854 = AXIS2_PLACEMENT_3D ( 'NONE', #7704, #2796, #1584 ) ;
#7855 = ORIENTED_EDGE ( 'NONE', *, *, #6954, .F. ) ;
#7856 = CARTESIAN_POINT ( 'NONE',  ( 10.49999999999999822, 3.000000000000002665, 0.000000000000000000 ) ) ;
#7857 = ORIENTED_EDGE ( 'NONE', *, *, #7700, .F. ) ;
#7859 = EDGE_CURVE ( 'NONE', #3665, #118, #1976, .T. ) ;
#7858 = FACE_BOUND ( 'NONE', #2783, .T. ) ;
#7860 = LINE ( 'NONE', #4206, #5422 ) ;
#7861 = AXIS2_PLACEMENT_3D ( 'NONE', #3060, #7347, #8005 ) ;
#7862 = EDGE_LOOP ( 'NONE', ( #7896, #171, #1228, #2127 ) ) ;
#7863 = FACE_OUTER_BOUND ( 'NONE', #6820, .T. ) ;
#7864 = AXIS2_PLACEMENT_3D ( 'NONE', #3237, #2504, #732 ) ;
#7865 = CARTESIAN_POINT ( 'NONE',  ( 5.500000000000001776, -26.99999999999999645, 2.000000000000000000 ) ) ;
#7866 = CYLINDRICAL_SURFACE ( 'NONE', #2857, 0.5000000000000004441 ) ;
#7867 = ORIENTED_EDGE ( 'NONE', *, *, #2911, .T. ) ;
#7868 = FACE_OUTER_BOUND ( 'NONE', #1500, .T. ) ;
#7869 = EDGE_CURVE ( 'NONE', #4516, #4374, #2320, .T. ) ;
#7870 = ORIENTED_EDGE ( 'NONE', *, *, #3740, .F. ) ;
#7871 = CARTESIAN_POINT ( 'NONE',  ( 14.49999999999999467, 18.00000000000000355, 2.000000000000000000 ) ) ;
#7872 = DIRECTION ( 'NONE',  ( 0.000000000000000000, 0.000000000000000000, 1.000000000000000000 ) ) ;
#7873 = DIRECTION ( 'NONE',  ( -1.000000000000000000, 0.000000000000000000, 0.000000000000000000 ) ) ;
#7874 = PLANE ( 'NONE',  #3488 ) ;
#7875 = DIRECTION ( 'NONE',  ( -0.000000000000000000, 0.000000000000000000, 1.000000000000000000 ) ) ;
#7876 = VERTEX_POINT ( 'NONE', #2936 ) ;
#7877 = CIRCLE ( 'NONE', #8021, 0.5000000000000004441 ) ;
#7878 = ORIENTED_EDGE ( 'NONE', *, *, #3576, .T. ) ;
#7879 = CARTESIAN_POINT ( 'NONE',  ( -4.500000000000000888, 8.000000000000000000, -8.000000000000000000 ) ) ;
#7880 = EDGE_CURVE ( 'NONE', #6476, #1308, #4143, .T. ) ;
#7881 = LINE ( 'NONE', #6678, #3226 ) ;
#7882 = EDGE_CURVE ( 'NONE', #6203, #1355, #5359, .T. ) ;
#7883 = LINE ( 'NONE', #1727, #4156 ) ;
#7884 = ORIENTED_EDGE ( 'NONE', *, *, #255, .T. ) ;
#7885 = AXIS2_PLACEMENT_3D ( 'NONE', #7946, #1103, #2918 ) ;
#7886 = DIRECTION ( 'NONE',  ( 1.000000000000000000, 0.000000000000000000, 0.000000000000000000 ) ) ;
#7887 = ORIENTED_EDGE ( 'NONE', *, *, #3827, .T. ) ;
#7888 = DIRECTION ( 'NONE',  ( -0.000000000000000000, -0.000000000000000000, 1.000000000000000000 ) ) ;
#7889 = FACE_BOUND ( 'NONE', #802, .T. ) ;
#7890 = LINE ( 'NONE', #6066, #4558 ) ;
#7891 = VERTEX_POINT ( 'NONE', #7276 ) ;
#7892 = AXIS2_PLACEMENT_3D ( 'NONE', #6, #3773, #7461 ) ;
#7893 = VECTOR ( 'NONE', #3902, 1000.000000000000000 ) ;
#7894 = CIRCLE ( 'NONE', #136, 0.5000000000000004441 ) ;
#7895 = ORIENTED_EDGE ( 'NONE', *, *, #5702, .F. ) ;
#7896 = ORIENTED_EDGE ( 'NONE', *, *, #7077, .F. ) ;
#7897 = CYLINDRICAL_SURFACE ( 'NONE', #5515, 0.5000000000000008882 ) ;
#7898 = DIRECTION ( 'NONE',  ( 1.000000000000000000, 0.000000000000000000, 0.000000000000000000 ) ) ;
#7899 = ORIENTED_EDGE ( 'NONE', *, *, #4264, .F. ) ;
#7900 = FACE_BOUND ( 'NONE', #6408, .T. ) ;
#7901 = CIRCLE ( 'NONE', #1045, 0.5000000000000004441 ) ;
#7902 = DIRECTION ( 'NONE',  ( 1.000000000000000000, 0.000000000000000000, 0.000000000000000000 ) ) ;
#7903 = AXIS2_PLACEMENT_3D ( 'NONE', #6581, #463, #2843 ) ;
#7904 = ORIENTED_EDGE ( 'NONE', *, *, #5901, .F. ) ;
#7905 = DIRECTION ( 'NONE',  ( 1.000000000000000000, 0.000000000000000000, 0.000000000000000000 ) ) ;
#7906 = DIRECTION ( 'NONE',  ( -0.000000000000000000, -0.000000000000000000, 1.000000000000000000 ) ) ;
#7907 = AXIS2_PLACEMENT_3D ( 'NONE', #1603, #7759, #5932 ) ;
#7908 = AXIS2_PLACEMENT_3D ( 'NONE', #4378, #591, #2491 ) ;
#7909 = FACE_OUTER_BOUND ( 'NONE', #5560, .T. ) ;
#7910 = AXIS2_PLACEMENT_3D ( 'NONE', #345, #7752, #2201 ) ;
#7911 = DIRECTION ( 'NONE',  ( -1.000000000000000000, 0.000000000000000000, 0.000000000000000000 ) ) ;
#7912 = FACE_BOUND ( 'NONE', #7286, .T. ) ;
#7913 = ORIENTED_EDGE ( 'NONE', *, *, #2407, .T. ) ;
#7914 = AXIS2_PLACEMENT_3D ( 'NONE', #1982, #5047, #1346 ) ;
#7915 = DIRECTION ( 'NONE',  ( -0.000000000000000000, -0.000000000000000000, 1.000000000000000000 ) ) ;
#7916 = ORIENTED_EDGE ( 'NONE', *, *, #7734, .T. ) ;
#7917 = DIRECTION ( 'NONE',  ( -0.000000000000000000, -0.000000000000000000, 1.000000000000000000 ) ) ;
#7918 = ADVANCED_FACE ( 'NONE', ( #3428 ), #6053, .F. ) ;
#7919 = CARTESIAN_POINT ( 'NONE',  ( -4.500000000000000888, -17.00000000000000000, -8.000000000000000000 ) ) ;
#7920 = VECTOR ( 'NONE', #3163, 1000.000000000000000 ) ;
#7921 = AXIS2_PLACEMENT_3D ( 'NONE', #7079, #919, #5122 ) ;
#7922 = DIRECTION ( 'NONE',  ( 0.000000000000000000, 0.000000000000000000, 1.000000000000000000 ) ) ;
#7923 = DIRECTION ( 'NONE',  ( 1.000000000000000000, 0.000000000000000000, 0.000000000000000000 ) ) ;
#7924 = DIRECTION ( 'NONE',  ( -0.000000000000000000, -0.000000000000000000, 1.000000000000000000 ) ) ;
#7925 = ORIENTED_EDGE ( 'NONE', *, *, #1409, .T. ) ;
#7926 = ORIENTED_EDGE ( 'NONE', *, *, #2919, .T. ) ;
#7927 = DIRECTION ( 'NONE',  ( -0.000000000000000000, 0.000000000000000000, 1.000000000000000000 ) ) ;
#7928 = VECTOR ( 'NONE', #5484, 1000.000000000000000 ) ;
#7929 = DIRECTION ( 'NONE',  ( 0.000000000000000000, 1.000000000000000000, 0.000000000000000000 ) ) ;
#7930 = CARTESIAN_POINT ( 'NONE',  ( -10.50000000000000000, -22.00000000000000000, 0.000000000000000000 ) ) ;
#7931 = ORIENTED_EDGE ( 'NONE', *, *, #4472, .F. ) ;
#7932 = CARTESIAN_POINT ( 'NONE',  ( -0.5000000000000026645, 8.000000000000000000, -8.000000000000000000 ) ) ;
#7933 = EDGE_CURVE ( 'NONE', #7314, #4926, #2205, .T. ) ;
#7935 = EDGE_CURVE ( 'NONE', #4473, #4989, #3634, .T. ) ;
#7934 = EDGE_LOOP ( 'NONE', ( #3794, #913, #5620, #5792 ) ) ;
#7936 = LINE ( 'NONE', #2376, #7109 ) ;
#7937 = FACE_BOUND ( 'NONE', #4214, .T. ) ;
#7938 = DIRECTION ( 'NONE',  ( 1.000000000000000000, 0.000000000000000000, 0.000000000000000000 ) ) ;
#7939 = DIRECTION ( 'NONE',  ( -0.000000000000000000, -0.000000000000000000, 1.000000000000000000 ) ) ;
#7940 = ORIENTED_EDGE ( 'NONE', *, *, #1876, .F. ) ;
#7941 = ORIENTED_EDGE ( 'NONE', *, *, #1480, .T. ) ;
#7942 = ORIENTED_EDGE ( 'NONE', *, *, #2518, .F. ) ;
#7943 = CARTESIAN_POINT ( 'NONE',  ( 4.500000000000000888, -26.99999999999999645, -8.000000000000000000 ) ) ;
#7944 = VERTEX_POINT ( 'NONE', #7440 ) ;
#7945 = FACE_BOUND ( 'NONE', #1911, .T. ) ;
#7946 = CARTESIAN_POINT ( 'NONE',  ( -10.00000000000000178, 33.00000000000000000, 2.000000000000000000 ) ) ;
#7947 = EDGE_CURVE ( 'NONE', #6529, #5184, #6142, .T. ) ;
#7948 = EDGE_CURVE ( 'NONE', #4511, #3305, #800, .T. ) ;
#7949 = ORIENTED_EDGE ( 'NONE', *, *, #1977, .T. ) ;
#7950 = DIRECTION ( 'NONE',  ( -0.000000000000000000, 0.000000000000000000, 1.000000000000000000 ) ) ;
#7951 = CARTESIAN_POINT ( 'NONE',  ( 15.49999999999999645, 13.00000000000000178, 0.000000000000000000 ) ) ;
#7952 = DIRECTION ( 'NONE',  ( -0.000000000000000000, 0.000000000000000000, 1.000000000000000000 ) ) ;
#7953 = ORIENTED_EDGE ( 'NONE', *, *, #4130, .T. ) ;
#7954 = AXIS2_PLACEMENT_3D ( 'NONE', #7010, #5791, #235 ) ;
#7955 = EDGE_CURVE ( 'NONE', #527, #3731, #1211, .T. ) ;
#7956 = DIRECTION ( 'NONE',  ( 9.637352644315594010E-17, -1.000000000000000000, 0.000000000000000000 ) ) ;
#7957 = ORIENTED_EDGE ( 'NONE', *, *, #5163, .T. ) ;
#7958 = VECTOR ( 'NONE', #6662, 1000.000000000000000 ) ;
#7959 = DIRECTION ( 'NONE',  ( 0.000000000000000000, -0.000000000000000000, -1.000000000000000000 ) ) ;
#7960 = ADVANCED_FACE ( 'NONE', ( #2451 ), #3750, .F. ) ;
#7961 = VERTEX_POINT ( 'NONE', #7400 ) ;
#7962 = CARTESIAN_POINT ( 'NONE',  ( -14.49999999999999822, -26.99999999999999645, 0.000000000000000000 ) ) ;
#7963 = DIRECTION ( 'NONE',  ( 1.000000000000000000, 0.000000000000000000, 0.000000000000000000 ) ) ;
#7964 = VECTOR ( 'NONE', #6123, 1000.000000000000000 ) ;
#7965 = CARTESIAN_POINT ( 'NONE',  ( -10.00000000000000178, 33.00000000000000000, -8.000000000000000000 ) ) ;
#7966 = DIRECTION ( 'NONE',  ( 0.000000000000000000, 0.000000000000000000, 1.000000000000000000 ) ) ;
#7967 = ADVANCED_FACE ( 'NONE', ( #1847 ), #4312, .F. ) ;
#7968 = AXIS2_PLACEMENT_3D ( 'NONE', #2888, #982, #6001 ) ;
#7969 = CARTESIAN_POINT ( 'NONE',  ( -17.30937500000000284, -38.50000000000000000, 0.000000000000000000 ) ) ;
#7970 = ORIENTED_EDGE ( 'NONE', *, *, #848, .F. ) ;
#7971 = DIRECTION ( 'NONE',  ( -0.000000000000000000, -0.000000000000000000, 1.000000000000000000 ) ) ;
#7972 = DIRECTION ( 'NONE',  ( -0.000000000000000000, -0.000000000000000000, 1.000000000000000000 ) ) ;
#7973 = FACE_OUTER_BOUND ( 'NONE', #3648, .T. ) ;
#7974 = ORIENTED_EDGE ( 'NONE', *, *, #1662, .F. ) ;
#7975 = CARTESIAN_POINT ( 'NONE',  ( 4.999999999999997335, 8.000000000000000000, 0.000000000000000000 ) ) ;
#7976 = EDGE_CURVE ( 'NONE', #5476, #1276, #5707, .T. ) ;
#7977 = ORIENTED_EDGE ( 'NONE', *, *, #3537, .F. ) ;
#7978 = CARTESIAN_POINT ( 'NONE',  ( -17.30937500000000284, 38.50000000000000000, 0.000000000000000000 ) ) ;
#7979 = FACE_BOUND ( 'NONE', #6483, .T. ) ;
#7980 = CYLINDRICAL_SURFACE ( 'NONE', #4526, 0.5000000000000004441 ) ;
#7981 = DIRECTION ( 'NONE',  ( 1.000000000000000000, 0.000000000000000000, 0.000000000000000000 ) ) ;
#7982 = EDGE_LOOP ( 'NONE', ( #1152, #7211, #4999, #2296 ) ) ;
#7983 = VERTEX_POINT ( 'NONE', #6921 ) ;
#7984 = ORIENTED_EDGE ( 'NONE', *, *, #7394, .T. ) ;
#7985 = DIRECTION ( 'NONE',  ( 1.000000000000000000, 0.000000000000000000, 0.000000000000000000 ) ) ;
#7986 = DIRECTION ( 'NONE',  ( -0.000000000000000000, -0.000000000000000000, 1.000000000000000000 ) ) ;
#7987 = VECTOR ( 'NONE', #2801, 1000.000000000000000 ) ;
#7988 = ORIENTED_EDGE ( 'NONE', *, *, #4997, .T. ) ;
#7989 = EDGE_LOOP ( 'NONE', ( #1767, #4112, #4531, #3425 ) ) ;
#7990 = CARTESIAN_POINT ( 'NONE',  ( -7.249999999999999112, -7.550000000000000711, 0.000000000000000000 ) ) ;
#7991 = EDGE_CURVE ( 'NONE', #1245, #1181, #3895, .T. ) ;
#7992 = ORIENTED_EDGE ( 'NONE', *, *, #3217, .F. ) ;
#7993 = DIRECTION ( 'NONE',  ( -0.000000000000000000, -0.000000000000000000, 1.000000000000000000 ) ) ;
#7994 = EDGE_CURVE ( 'NONE', #7773, #5258, #4509, .T. ) ;
#7995 = VERTEX_POINT ( 'NONE', #6340 ) ;
#7996 = DIRECTION ( 'NONE',  ( 1.000000000000000000, 0.000000000000000000, 0.000000000000000000 ) ) ;
#7997 = CARTESIAN_POINT ( 'NONE',  ( -15.00000000000000178, 3.000000000000002665, 0.000000000000000000 ) ) ;
#7998 = EDGE_LOOP ( 'NONE', ( #3225, #2600, #2676, #120 ) ) ;
#7999 = AXIS2_PLACEMENT_3D ( 'NONE', #2403, #2494, #1794 ) ;
#8000 = DIRECTION ( 'NONE',  ( 0.000000000000000000, 0.000000000000000000, 1.000000000000000000 ) ) ;
#8001 = DIRECTION ( 'NONE',  ( -0.000000000000000000, -0.000000000000000000, 1.000000000000000000 ) ) ;
#8002 = VERTEX_POINT ( 'NONE', #5200 ) ;
#8003 = CARTESIAN_POINT ( 'NONE',  ( -1.734723475976807094E-15, -17.00000000000000000, 0.000000000000000000 ) ) ;
#8004 = AXIS2_PLACEMENT_3D ( 'NONE', #2901, #7929, #512 ) ;
#8005 = DIRECTION ( 'NONE',  ( 1.000000000000000000, 0.000000000000000000, 0.000000000000000000 ) ) ;
#8006 = DIRECTION ( 'NONE',  ( -0.000000000000000000, -0.000000000000000000, 1.000000000000000000 ) ) ;
#8007 = CARTESIAN_POINT ( 'NONE',  ( -4.500000000000000888, 13.00000000000000178, 2.000000000000000000 ) ) ;
#8008 = AXIS2_PLACEMENT_3D ( 'NONE', #3583, #6007, #2364 ) ;
#8009 = CARTESIAN_POINT ( 'NONE',  ( -15.00000000000000355, 33.00000000000000000, 0.000000000000000000 ) ) ;
#8010 = DIRECTION ( 'NONE',  ( -0.000000000000000000, -0.000000000000000000, 1.000000000000000000 ) ) ;
#8011 = ORIENTED_EDGE ( 'NONE', *, *, #4076, .F. ) ;
#8012 = ORIENTED_EDGE ( 'NONE', *, *, #5919, .T. ) ;
#8013 = DIRECTION ( 'NONE',  ( -0.000000000000000000, -0.000000000000000000, 1.000000000000000000 ) ) ;
#8014 = CYLINDRICAL_SURFACE ( 'NONE', #1285, 0.5000000000000004441 ) ;
#8015 = EDGE_CURVE ( 'NONE', #1424, #2278, #4662, .T. ) ;
#8016 = CARTESIAN_POINT ( 'NONE',  ( 4.999999999999997335, 28.00000000000000000, 0.000000000000000000 ) ) ;
#8017 = VERTEX_POINT ( 'NONE', #5810 ) ;
#8018 = EDGE_CURVE ( 'NONE', #1542, #3958, #3135, .T. ) ;
#8019 = DIRECTION ( 'NONE',  ( 1.000000000000000000, 0.000000000000000000, 0.000000000000000000 ) ) ;
#8020 = CARTESIAN_POINT ( 'NONE',  ( 10.00000000000000178, -22.00000000000000000, 0.000000000000000000 ) ) ;
#8021 = AXIS2_PLACEMENT_3D ( 'NONE', #3721, #6194, #7531 ) ;
#8022 = CIRCLE ( 'NONE', #4514, 0.5000000000000004441 ) ;
#8023 = CARTESIAN_POINT ( 'NONE',  ( 4.999999999999997335, 18.00000000000000355, 0.000000000000000000 ) ) ;
#8024 = DIRECTION ( 'NONE',  ( 0.000000000000000000, 0.000000000000000000, 1.000000000000000000 ) ) ;
#8025 = CARTESIAN_POINT ( 'NONE',  ( 14.49999999999999822, -6.999999999999999112, 2.000000000000000000 ) ) ;
#8026 = DIRECTION ( 'NONE',  ( -0.000000000000000000, 0.000000000000000000, 1.000000000000000000 ) ) ;
#8027 = VERTEX_POINT ( 'NONE', #3381 ) ;
#8028 = VERTEX_POINT ( 'NONE', #2732 ) ;
#8029 = AXIS2_PLACEMENT_3D ( 'NONE', #6354, #5121, #7685 ) ;
ENDSEC;
END-ISO-10303-21;
